plate_id,trip_id,overspeed_ratio,overspeed_intensity,hard_brake_rate,hard_accel_rate,speed_std,speed_entropy,acc_rms,continuous_over4h_ratio,night_ratio,bridge_tunnel_exposure,city_exposure,density_exposure,n_points,distance_km,duration_h,mean_speed
147411,1,0.0,0.0,67.53264431861564,42.20790269913477,13.68154161065937,1.2667889524286817,0.11357966319305739,0.0,0.0,0.0,0.0,0.0,69,11.846122835434077,0.575,19.858880237300703
147411,2,0.0,0.0,0.0,0.0,5.602829100711605,0.6853142072764582,0.04621729881560484,0.0,0.0,0.0,0.0,0.0,48,2.5801634179560153,0.4,6.1325716845878135
147411,4,0.0,0.0,0.0,0.0,5.385510080614489,0.633856266068602,0.0352134620705078,0.0,0.0,0.0,0.0,0.0,88,2.8222680825902122,0.7333333333333333,3.74669912111393
147411,5,0.0,0.0,35.07972238698689,35.07972238698689,6.736691616636755,0.6929389195380611,0.0612545578106678,0.0,0.0,0.0,0.0,0.0,49,2.8506496971907573,0.4083333333333333,6.662343647136273
147411,6,0.0,0.0,0.0,0.0,5.451578669198826,0.7012565123592978,0.03961246204543147,0.0,0.0,0.0,0.0,0.0,34,3.6871826934131198,0.2833333333333333,13.139925625422581
147411,1000,0.0,0.0,52.118693745747144,60.80514270337167,12.209052539006251,1.203287000027408,0.08901033942377788,0.0,0.0,0.0,0.0,0.0,112,11.512184148877669,0.9333333333333333,12.148963133640551
147411,1001,0.0,0.0,34.535008842578506,0.0,5.836958872673684,0.6931471805599453,0.04600680919733454,0.0,0.0,0.0,0.0,0.0,62,2.8956124046712026,0.5166666666666667,5.355876900259548
147411,1003,0.0,0.0,74.91118975311166,0.0,6.363741761450871,0.7653474874467372,0.05928628694490722,0.0,0.0,0.0,0.0,0.0,55,2.669828107912175,0.4583333333333333,5.372805474095797
147411,1004,0.0,0.0,0.0,0.0,6.031661767017273,0.6915443304085231,0.04354053052554175,0.0,0.0,0.0,0.0,0.0,53,2.8570905008140004,0.44166666666666665,6.258239413464297
147411,1005,0.0,0.0,0.0,0.0,7.011778827425954,0.9097944822721153,0.060306200795335906,0.0,0.0,0.0,0.0,0.0,30,3.6326459379884275,0.25,13.943655913978494
147411,1006,0.0,0.0,13.994133012990009,0.0,10.090877253383992,1.102505994145725,0.049683850057741424,0.0,0.0,0.0,0.0,0.0,53,7.145851758531617,0.44166666666666665,15.974105400130124
147411,2000,0.0,0.0,39.84682279925026,19.92341139962513,7.051988335061482,0.8410172421146214,0.07256069180707772,0.0,0.0,0.0,0.0,0.0,47,5.019220754628475,0.39166666666666666,12.19059711736445
147411,2001,0.0,0.0,34.14830818099596,0.0,5.343384320821403,0.6191006644255871,0.034076981446907025,0.0,0.0,0.0,0.0,0.0,100,2.9284027621506437,0.8333333333333334,3.3046666666666664
147411,2003,0.0,0.0,39.04572496868085,0.0,6.055473045338531,0.7024868011866702,0.04504201912523436,0.0,0.0,0.0,0.0,0.0,76,2.5610998407690335,0.6333333333333333,4.160514502947841
147411,2004,0.0,0.0,34.82950042949505,0.0,6.835491155023351,0.7623714181031809,0.046846844374994256,0.0,0.0,0.0,0.0,0.0,56,2.8711293233283333,0.4666666666666667,5.929372342525846
147411,2005,0.0,0.0,27.881148037399512,0.0,6.653023524615278,0.7743112444987517,0.06754882568381665,0.0,0.0,0.0,0.0,0.0,27,3.586652883369829,0.225,15.931376426482098
147411,6000,0.0,0.0,12.694796610280527,25.389593220561053,8.978429396406877,1.0874751776438027,0.07114725667135127,0.0,0.0,0.0,0.0,0.0,67,7.877243178438778,0.5583333333333333,13.692691713844571
147411,6001,0.0,0.0,0.0,0.0,8.05226442732757,0.8799300076747671,0.027822175003264712,0.0,0.0,0.0,0.0,0.0,48,1.711455516351141,0.4,5.493381921897547
147411,6002,0.0,0.0,23.255805608992627,23.960526991083313,26.632691898951837,1.5244707579734529,0.10595977623726638,0.0,0.0,0.017857142857142856,0.0,0.0,392,141.90005091562796,3.2666666666666666,42.806816694548104
147411,7000,0.0,0.0,28.27139351874859,23.747970555748815,31.096132416446295,1.4422339497330547,0.11661267475263877,0.0,0.06934306569343066,0.0,0.0,0.0,274,88.42860888134462,2.283333333333333,38.15093448316459
147411,7001,0.0,0.0,11.213777879000357,9.718607495133643,20.22362006681566,0.9111924841656461,0.08109014922764955,0.0,0.0,0.0,0.034482758620689655,0.0,261,133.76401924359467,2.175,61.13515704047713
147411,7002,0.0,0.0,12.20076224553809,6.9718641403074795,25.02103450107958,1.3051490762049036,0.09150729620891562,0.0,0.0,0.0,0.0,0.0,132,57.37346453546337,1.1,48.69570514155964
147411,7004,0.0,0.0,14.27370667931431,12.489493344400021,27.90556183014326,1.479204291653153,0.08877925998087241,0.0,0.0,0.0,0.0,0.0,151,56.047109414079046,1.2583333333333333,42.130009449263326
147411,8000,0.0,0.0,33.544440516916964,16.772220258458482,11.637338618724213,1.2213648029858775,0.06480370056704414,0.0,0.0,0.0,0.0,0.0,99,11.924479700243444,0.825,14.376877038834769
147411,8001,0.0,0.0,0.0,0.0,5.640900671366378,0.6567119934093887,0.050192907010036925,0.0,0.0,0.0,0.0,0.0,41,2.8216892589905744,0.3416666666666667,8.036032809716307
147411,8003,0.0,0.0,0.0,0.0,6.757185196730761,0.812378724730346,0.03692327171012886,0.0,0.0,0.0,0.0,0.0,50,2.0163469612386264,0.4166666666666667,5.509238598442714
147411,8004,0.0,0.0,0.0,0.0,5.770512927326689,0.6922788736563188,0.04292130640384909,0.0,0.0,0.0,0.0,0.0,48,2.806154832087419,0.4,6.675
147411,8005,0.0,0.0,0.0,0.0,5.6694424574007085,0.7474359091744861,0.03937632983555471,0.0,0.0,0.0,0.0,0.0,25,3.4793818253334554,0.20833333333333334,16.8
147411,8006,0.0,0.0,41.83618040063308,27.89078693375539,7.987305458860854,0.8983385176672216,0.06179713205853365,0.0,0.0,0.0,0.0,0.0,48,7.170826713316789,0.4,18.26836145099493
147411,8007,0.0,0.0,0.0,20.81419899842339,6.318040963419005,0.6770863131374465,0.05970797693052121,0.0,0.0,0.0,0.0,0.0,41,4.804412603510454,0.3416666666666667,14.365853658536585
147411,8008,0.0,0.0,0.0,0.0,6.010465230606647,0.6708198443868175,0.040183057898094884,0.0,0.0,0.0,0.0,0.0,38,2.474034768896398,0.31666666666666665,7.360657065355269
147411,8012,0.0,0.0,46.01304890239412,0.0,6.429812515334894,0.6904678087032025,0.056863311937283195,0.0,0.0,0.0,0.0,0.0,41,2.1732965405558438,0.3416666666666667,7.396579758901038
147411,8013,0.0,0.0,0.0,0.0,5.812575339065836,0.5779217946828968,0.05252786284578051,0.0,0.0,0.0,0.0,0.0,34,2.8669609340726963,0.2833333333333333,9.723376736679096
147411,8014,0.0,0.0,28.318355080315705,0.0,6.404249481007292,0.8169151695570781,0.05209454848269156,0.0,0.0,0.0,0.0,0.0,29,3.5312785547177046,0.24166666666666667,15.227586206896552
1974492,0,0.0,0.0,26.65609061415597,26.65609061415597,23.96800119439784,1.5090709488558325,0.11534554397407104,0.0,0.0,0.0,0.0,0.0,167,60.02380555948084,1.3916666666666666,42.38383233532935
1974492,1,0.0,0.0,36.09021220456812,34.285701594339706,23.379243097439936,1.490014897960282,0.13747876244425108,0.0,0.0,0.0,0.0,0.0,319,110.83337435997953,2.658333333333333,41.936767288270445
1974492,2,0.0,0.0,0.0,0.0,6.808374344793077,0.6806294878916634,0.0541313087014434,0.0,0.0,0.0,0.0,0.0,19,1.5361966220521925,0.15833333333333333,7.982456140350877
1974492,3,0.0,0.0,13.175044697265129,15.810053636718152,14.964759171465104,1.1126804248695013,0.08452203703915265,0.0,0.0,0.0,0.0,0.0,112,37.95053538632699,0.9333333333333333,40.69910714285714
1974492,4,0.0,0.0,21.653157361150623,15.063065990365649,14.812124320176453,1.076564487140968,0.1072473389669177,0.0,0.38434163701067614,0.0,0.0,0.0,281,106.22007505134489,2.341666666666667,45.30486358244366
1974492,5,0.0,0.0,24.970556281384273,30.732992346319104,24.100109398017093,1.447623848441518,0.12553974438827914,0.0,0.0,0.0,0.0,0.0,132,52.061315148559956,1.1,45.29402543712888
1974492,6,0.0,0.0,7.083346196568605,7.083346196568605,20.53173518354359,1.0058969333486232,0.06017754027752483,0.0,0.0,0.0,0.0,0.0,289,127.05859279276626,2.408333333333333,53.10424379273247
1974492,7,0.0,0.0,48.94671658897418,12.236679147243546,11.96786824670001,0.961600854455519,0.06404133816492417,0.0,0.0,0.0,0.0,0.0,60,8.172151839294255,0.5,15.683333333333334
1974492,3000,0.0,0.0,26.873385648692828,24.953858102357625,23.75715171118298,1.3205506710235744,0.11189177002317009,0.0,0.0,0.0,0.0,0.0,391,156.28845784097533,3.2583333333333333,48.08737732345743
1974492,3001,0.0,0.0,32.286911422522394,35.809119941343006,22.847938824500496,1.4356938407757425,0.1528536184200802,0.0,0.0,0.0,0.0,0.0,417,170.34766590164966,3.475,46.50303895537467
1974492,3002,0.0,0.0,8.117609320568318,5.619883375778067,17.85653120867116,0.894108508113528,0.06405378750774891,0.0,0.06990881458966565,0.0,0.0,0.0,329,160.1456720399284,2.7416666666666667,58.58782094836234
1974492,3003,0.0,0.0,83.97837055172431,139.96395091954054,10.70329860344525,0.9373646306547117,0.08813574007716875,0.0,0.0,0.0,0.0,0.0,54,3.572348427684992,0.45,7.526851851851853
1974492,3005,0.0,0.0,6.5000498792119386,6.000046042349483,22.153601951284,0.8631085499775747,0.0711712912186346,0.0,0.0,0.0,0.0,0.0,416,199.99846526679437,3.466666666666667,56.788921038930894
1974492,3006,0.0,0.0,3.6110738169616656,2.808612968747962,13.396361698579378,0.45321803411904427,0.04462247919607845,0.0,0.0,0.0,0.02771855010660981,0.0,469,249.2333432156904,3.908333333333333,63.631691361403334
1974492,3007,0.0,0.0,11.73213179438936,12.465390031538695,21.291286484378173,1.0788464411782512,0.08338345230348668,0.0,0.8053691275167785,0.0,0.0,0.0,298,136.37760196021372,2.4833333333333334,54.561902687054435
1974492,4000,0.0,0.0,61.75680803738671,57.00628434220312,23.05698971862426,1.5535003365505642,0.1374930290934068,0.0,0.0,0.0,0.0,0.0,182,42.100621496272865,1.5166666666666666,27.70050975277718
1974492,4001,0.0,0.0,32.24734212465405,26.514481302493326,22.29508270463167,1.4934020367015273,0.12089106846337508,0.0,0.0,0.0,0.0,0.0,400,139.54638439983609,3.3333333333333335,41.4050863109212
1974492,4002,0.0,0.0,0.0,0.0,6.5439884945396,0.6881388137135884,0.05379123613608458,0.0,0.0,0.0,0.0,0.0,20,1.5446067742061063,0.16666666666666666,6.789166666666667
1974492,4003,0.0,0.0,24.927433146206234,20.77286095517186,20.56853041171865,1.447282721523839,0.09223099458165812,0.0,0.2680652680652681,0.0,0.0,0.0,429,144.4192018843261,3.575,39.88920708920709
1974492,4004,0.0,0.0,12.255238912743728,11.574392306480187,20.784673443182875,1.2435885967044147,0.07972044050541521,0.0,0.0,0.0,0.0,0.0,335,146.87596160432685,2.7916666666666665,52.498255972882845
1974492,4005,0.0,0.0,40.852592482417144,49.023110978900576,22.727546697366943,1.3998078495158583,0.14423256490592998,0.0,0.0,0.0,0.0,0.0,124,36.7173760305566,1.0333333333333334,34.31852237252862
1974492,4006,0.0,0.0,24.573174315708915,36.859761473563374,8.597642981683512,0.8690792591839809,0.07204037766986501,0.0,0.0,0.0,0.0,0.0,45,8.138956629308808,0.375,20.07911609463334
1974492,4007,0.0,0.0,18.003404636686707,17.336611872364976,20.238319576674822,1.3419019872058398,0.10842336036478355,0.0,0.0,0.0,0.0,0.0,360,149.9716333930547,3.0,49.609098796236076
1974492,4008,0.0,0.0,32.620806021151175,34.87051678123056,16.634546202806213,1.0828858183836347,0.1367509650260836,0.0,0.0,0.0,0.0,0.0,248,88.90031712029598,2.066666666666667,42.28164089844568
1974492,4009,0.0,0.0,43.215859244176784,36.013216036813986,19.87501682815462,1.4650731896770528,0.12437804980903396,0.0,0.0,0.0,0.0,0.0,79,27.767583960781632,0.6583333333333333,41.47618797534302
1974492,4010,0.0,0.0,23.96618693829723,7.988728979432409,18.382587427515208,1.2319338670060438,0.11321641814325376,0.0,0.0,0.0,0.0,0.0,30,12.51763581634295,0.25,51.19207110241357
1974492,4011,0.0,0.0,22.41635885713189,14.944239238087928,16.601672150858054,1.1708963991920802,0.1096262748678013,0.0,0.0,0.0,0.0,0.0,30,13.383083395122991,0.25,50.786927190456595
1974492,4012,0.0,0.0,56.12985240184949,56.12985240184949,18.0441631348961,1.2540994652497846,0.12295249361401268,0.0,0.0,0.0,0.0,0.0,17,3.563166326683766,0.14166666666666666,30.06070634767414
1974492,4013,0.0,0.0,35.19632858743975,39.595869660869724,18.852580993111278,1.278810410307643,0.1596316331777241,0.0,0.0,0.0,0.0,0.0,69,22.72964346302557,0.575,39.045339830084956
1974492,6000,0.0,0.0,61.673173905169186,61.673173905169186,8.045925284704268,0.4911618036135935,0.11236526669323307,0.0,0.0,0.0,0.0,0.0,34,6.485802086577445,0.2833333333333333,22.326470588235296
1974492,6002,0.0,0.0,17.518350644992996,12.652142132494943,24.52635908001407,1.3975512379830626,0.07954235740844565,0.0,0.0,0.0,0.0,0.0,261,102.74939898605504,2.175,46.86452704383739
1974492,6003,0.0,0.0,0.5426830337830038,0.0,9.449164798700991,0.24165730282254275,0.020270409656178583,0.0,0.4599406528189911,0.0,0.0,0.0,337,184.26962660488445,2.808333333333333,65.63158382789318
1974492,6005,0.0,0.0,3.586032879688132,4.034286989649149,13.216484483710724,0.5570387812681608,0.05834426740210292,0.0,0.0,0.0,0.0,0.0,422,223.0877481718946,3.5166666666666666,63.32519689368031
1974492,6007,0.0,0.0,87.64229956108262,87.64229956108262,9.220975563231223,1.0114042647073516,0.07222326511821878,0.0,0.0,0.0,0.0,0.0,30,2.282003108106597,0.25,8.123256860098966
1974492,6008,0.0,0.0,4.782446210235855,5.579520578608498,16.312215521859734,0.6415785179741234,0.065824576617742,0.0,0.0,0.0,0.0,0.0,242,125.45880782011136,2.0166666666666666,61.499145044457826
1974492,6009,0.0,0.0,29.487699624955738,19.65846641663716,25.538739545340817,1.476263671775219,0.10505034331279924,0.0,0.0,0.0,0.0,0.0,112,40.694934337449226,0.9333333333333333,44.89746522676021
1974492,6011,0.0,0.0,5.004357253798572,4.503921528418715,20.592529920569017,0.871169723261662,0.06173785846150317,0.0,0.0,0.0,0.0,0.0,412,199.82586160109713,3.433333333333333,57.460116287224686
1974492,7000,0.0,0.0,4.188532994857295,2.0942664974286473,13.549524785525884,0.5311821202570807,0.04673149361026766,0.0,0.0,0.0,0.03888888888888889,0.0,360,190.99765979693717,3.0,63.56944444444444
1974492,7001,0.0,0.0,3.043849622085307,3.804812027606634,14.220413075931875,0.5209901188564412,0.04251105705738442,0.0,0.5793650793650794,0.0,0.0,0.0,252,131.412536643635,2.1,62.58914342254346
1974492,7002,0.0,0.0,24.53908340305944,18.40431255229458,23.195270856931113,1.381425207727896,0.10594897992013262,0.0,1.0,0.0,0.0,0.0,125,48.90158203098933,1.0416666666666667,46.68939178563584
1974492,7003,0.0,0.0,23.726712111924634,30.947885363379957,22.44831068023183,1.2419645985715304,0.13199109081742633,0.0,0.0,0.0,0.0,0.0,223,96.93715627982269,1.8583333333333334,51.640239182044425
1974492,7004,0.0,0.0,7.511992146210525,0.0,18.257944835058126,0.7906515624033161,0.05649011768884876,0.0,0.0,0.0,0.0,0.0,56,26.62409599308372,0.4666666666666667,59.059143111267495
1974492,7005,0.0,0.0,38.30223415961041,33.51445488965911,16.76886353722172,1.3400794306338724,0.11703383510772211,0.0,0.0,0.0,0.0,0.0,85,20.886510083623204,0.7083333333333334,29.127614348628548
1974492,7006,0.0,0.0,41.62256264159478,39.02115247649511,21.58513316468597,1.5367164906616593,0.12966523292765286,0.0,0.0,0.02962962962962963,0.0,0.0,135,38.44068933903334,1.125,32.97054131054131
1974492,7008,0.0,0.0,10.980408516277786,8.366025536211646,23.484261258324203,1.1584861828987238,0.07557856027259112,0.0,0.4827586206896552,0.0,0.029885057471264367,0.0,435,191.2497150617737,3.625,52.88038379426262
1974492,7009,0.0,0.0,28.449788263310328,42.674682394965494,14.6764965160131,1.1054830008066632,0.10264343024452685,0.0,1.0,0.0,0.0,0.0,31,7.029929296799927,0.25833333333333336,26.81986175115207
1974492,7010,0.0,0.0,8.592521354971632,10.740651693714542,22.07419528701352,1.0812925331861403,0.06972156344147377,0.0,0.0,0.0,0.0,0.049019607843137254,102,46.55211008216581,0.85,54.72211067383213
1974492,7011,0.0,0.0,3.026283061066992,3.026283061066992,9.934273173865735,0.25345308331475297,0.0580552545662429,0.0,0.0,0.0,0.0,0.0,353,198.26301370118858,2.941666666666667,67.09278510825933
1974492,7012,0.0,0.0,2.6949770357688148,2.6949770357688148,17.54506790863963,0.458991543167086,0.044894008634144764,0.0,0.0,0.0,0.0,0.0,212,111.31820272242763,1.7666666666666666,63.19324375833809
1974492,7013,0.0,0.0,41.81028023711007,36.58399520747132,24.17536266524871,1.4571929387649036,0.12411918353605231,0.0,0.0,0.0,0.0,0.0,125,38.26810035537308,1.0416666666666667,36.30721313628899
1974492,7014,0.0,0.0,0.0,0.0,6.312688790800576,0.6300861445587914,0.0356390198869713,0.0,0.0,0.0,0.0,0.0,37,1.6629975805030222,0.30833333333333335,4.2788288288288285
1974492,7015,0.0,0.0,32.67777674233179,29.954628680470808,21.49174435173466,1.4433386442951581,0.1238711702152151,0.0,1.0,0.0,0.0,0.0,124,36.72220449579984,1.0333333333333334,34.94881655667069
1974492,7016,0.0,0.0,32.65768198948669,29.99174876585512,18.979023663756262,1.3309131708312523,0.12431821606664913,0.0,0.0,0.0,0.0,0.0,417,150.04126752099035,3.475,42.6955639503459
1974492,7017,0.0,0.0,4.819193531892,3.8553548255135994,11.50022459993655,0.48872353946792724,0.06439137783508415,0.0,0.0,0.0,0.0,0.0,193,103.75179927744085,1.6083333333333334,64.19656438014853
1974492,7018,0.0,0.0,31.178445830796704,28.344041664360635,21.397366736794606,1.4604288945884663,0.09167200372150965,0.0,0.0,0.0,0.0,0.0,115,35.28078358907384,0.9583333333333334,36.48991609458429
1974492,7019,0.0,0.0,61.814474336398916,12.362894867279783,9.10557978036852,0.8487173841398562,0.07781581757223784,0.0,0.0,0.0,0.0,0.0,49,8.088720406792804,0.4083333333333333,19.185374149659864
1974492,7020,0.0,0.0,23.085553941481095,20.447204919597546,21.07484858849366,1.3741511888332425,0.10473183660843965,0.0,0.0,0.0,0.0,0.0,382,151.60996391388522,3.183333333333333,47.35834474812452
1974492,7021,0.0,0.0,40.29673240649804,44.583618832721235,20.18816396648032,1.4045842940800264,0.14679353353590016,0.0,0.0,0.0,0.0,0.0,320,116.6347671217655,2.6666666666666665,42.81369306643719
1974492,7022,0.0,0.0,31.14884607289858,24.919076858318864,19.342392976025952,1.2641551707617422,0.1479290687066946,0.0,0.0,0.0,0.0,0.0,73,32.10391799618098,0.6083333333333333,52.54230273368826
1974492,7023,0.0,0.0,33.03154414471006,37.16048716279882,19.531187236664792,1.3569983256991576,0.1160198088795602,0.0,0.0,0.0,0.0,0.0,79,24.219273446473693,0.6583333333333333,37.47055709986446
1974492,7024,0.0,0.0,0.0,0.0,7.69336799530031,0.6859298002523728,0.04135083777614311,0.0,0.0,0.0,0.0,0.0,25,1.701269342306989,0.20833333333333334,7.16
1974492,7025,0.0,0.0,27.455192414111984,16.47311544846719,19.70550784732972,1.4695094037207277,0.07838198461194319,0.0,1.0,0.0,0.0,0.0,117,36.42298276103137,0.975,37.11768108434775
1974492,7026,0.0,0.0,27.43821088512487,24.32023237545159,20.09598518253207,1.3627538160889119,0.12745796393999417,0.0,0.0,0.0,0.0,0.0,426,160.3603098766684,3.55,44.622925050301816
1974492,7027,0.0,0.0,8.576709916519624,7.797009015017839,25.341700263697536,1.2558189039335188,0.05971968155479734,0.0,0.0,0.0,0.0,0.0,343,128.2543085526639,2.8583333333333334,45.64460154743341
1974492,7028,0.0,0.0,36.95841472463158,49.27788629950877,8.159430702634861,0.6093969286915019,0.0948528177518436,0.0,0.0,0.0,0.0,0.0,43,8.117231278322654,0.35833333333333334,22.852390473183906
1974492,7029,0.0,0.0,43.7054561793165,46.827274477839104,19.494639164172067,1.3145160142294863,0.12307592626310385,0.0,0.0,0.041666666666666664,0.0,0.0,120,32.03261382871795,1.0,31.74137130786725
1974492,9002,0.0,0.0,27.440242504500745,15.24457916916708,15.168371131158796,1.1108405218003023,0.10031181150223081,0.0,0.0,0.037383177570093455,0.0,0.0,107,32.798543957925375,0.8916666666666667,36.47571864883025
1974492,9003,0.0,0.0,22.30520604517855,55.76301511294637,10.244472131418183,1.030879471785397,0.07297871599795326,0.0,1.0,0.0,0.0,0.0,64,8.966516587872167,0.5333333333333333,16.6083984375
1974492,9004,0.0,0.0,59.864360753340726,52.0559658724702,19.614311278171755,1.3867178840515708,0.15416866797057754,0.0,0.0,0.02962962962962963,0.0,0.0,135,38.42018808948275,1.125,33.0581511328178
1974492,11000,0.0,0.0,29.920992878781583,26.928893590903424,21.240611418317556,1.4546982732084588,0.09953313363295507,0.0,0.0,0.03389830508474576,0.0,0.0,118,33.4213508238608,0.9833333333333333,33.470410989254454
1974492,11002,0.0,0.0,0.0,23.07130421536318,8.775337312172526,0.822944177657237,0.07811300707807296,0.0,0.0,0.0,0.0,0.0,47,8.668777375265158,0.39166666666666666,20.978723404255316
1974492,12000,0.0,0.0,26.905908928414352,28.97559423060007,22.110967601563473,1.3558718532037388,0.13678918695283537,0.0,0.0,0.0,0.0,0.0,467,193.26609682040768,3.8916666666666666,49.3394511242875
1974492,12001,0.0,0.0,24.570202763645867,23.081099565849144,20.83587364716889,1.3048044991303474,0.13164477315683445,0.0,0.0,0.0,0.0,0.0,309,134.30902592642371,2.575,51.006595088005525
1974492,12002,0.0,0.0,4.483616150965982,2.9890774339773216,18.279406497708884,0.9413424837998424,0.05799048881860967,0.0,0.0,0.0,0.0,0.0,139,66.91027730716107,1.1583333333333334,57.557940665722995
1974492,12003,0.0,0.0,8.608583308139492,12.912874962209237,22.70722760077374,0.8903260652290893,0.0707104403809635,0.0,0.0,0.0,0.0,0.0,51,23.23262641959894,0.425,54.749019607843145
1974492,12004,0.0,0.0,12.899308822053213,17.19907842940428,26.850481061183704,1.3014867953446878,0.06706163783645075,0.0,0.0,0.0,0.0,0.0,190,69.7711801783768,1.5833333333333333,43.805090250238365
1974492,12006,0.0,0.0,5.359563279300918,5.359563279300918,20.283777466624056,0.883259107313961,0.06366295462081391,0.0,0.0,0.0,0.0,0.0,464,223.89883978690958,3.8666666666666667,57.461696886155565
1974492,12007,0.0,0.0,2.365298338926211,1.4191790033557268,11.717836770454488,0.5343253843895925,0.04850520675663071,0.0,0.0,0.0,0.0,0.0,397,211.3898241804829,3.308333333333333,63.84171950769334
1974492,12010,0.0,0.0,48.71595439329803,0.0,11.244156670127516,0.6108643020548935,0.08518171863563853,0.0,0.0,0.0,0.0,0.0,10,2.052715609195932,0.08333333333333333,27.05631205673759
1974492,12011,0.0,0.0,26.241293042139247,21.321050596738136,24.29192573955089,1.4130729406062614,0.1106854290107675,0.0,0.0,0.0,0.0,0.0,325,121.94521035458584,2.7083333333333335,44.70246705539684
1974492,12012,0.0,0.0,29.15273484932048,19.435156566213657,17.188387411778987,1.2775703937995027,0.10998334902804147,0.0,0.0,0.0,0.0,0.0,60,20.581259463346207,0.5,44.38152709359607
1974492,12013,0.0,0.0,13.468494239757748,14.96499359973083,19.50225100616362,1.0901045619052332,0.11766504841606397,0.0,0.0,0.0,0.0,0.0,425,200.46784383883463,3.5416666666666665,55.728055414829406
1974492,12014,0.0,0.0,12.967719784093779,12.967719784093779,21.176754965848595,0.8338228062264157,0.07373852010834986,0.0,0.0,0.0,0.0,0.0,49,23.13436787614584,0.4083333333333333,56.816978200740394
1974492,12015,0.0,0.0,10.015597233746835,10.015597233746835,25.647630711252827,1.2347630374499237,0.07896605275248618,0.0,0.0,0.0,0.0,0.0,173,69.8909893901684,1.4416666666666667,49.01402917190656
1974492,12017,0.0,0.0,12.062951154514415,10.856656039062974,23.27962914048349,1.0823468449800449,0.1015457447038687,0.0,0.0,0.0,0.0,0.0,370,165.79690777007946,3.0833333333333335,52.91352666758439
1974492,12018,0.0,0.0,45.84351218658886,137.53053655976657,9.325190887286272,0.9869834614392001,0.07294157977550919,0.0,0.0,0.0,0.0,0.0,35,2.1813337423404087,0.2916666666666667,7.690131625131624
1974492,12019,0.0,0.0,34.98441554777373,40.81515147240268,25.986604802639768,1.536119631412997,0.09853522031446049,0.0,0.0,0.0,0.0,0.0,71,17.15049374429757,0.5916666666666667,28.371391389895518
1974492,12020,0.0,0.0,4.615394607350621,4.615394607350621,14.019732338284149,0.4951061834984278,0.06610258116102818,0.0,0.0,0.0,0.0,0.0,203,108.33309880019456,1.6916666666666667,63.296818791073896
1974492,12021,0.0,0.0,26.85714427109444,24.415585700994946,26.297794501705855,1.4201581922789703,0.12862503423985797,0.0,0.0,0.0,0.0,0.0,118,40.957444652218584,0.9833333333333333,43.55648871326943
1974492,13001,0.0,0.0,8.14357163977674,8.14357163977674,21.975036169683317,0.9761937270419051,0.06978065614593826,0.0,0.0,0.0,0.0,0.0,346,159.63511558616807,2.8833333333333333,55.17629843432614
1974492,13002,0.0,0.0,2.552344782685143,2.552344782685143,9.44998525156836,0.37553533625183255,0.06086480981233945,0.0,0.016355140186915886,0.0,0.0,0.0,428,235.0779581466976,3.566666666666667,65.1187309234026
1974492,13003,0.0,0.0,12.242404576931836,9.793923661545469,21.530778157525273,1.2347706766293949,0.07510892061137249,0.0,1.0,0.0,0.0,0.0,96,40.84164976398034,0.8,51.47369852369852
1974492,13006,0.0,0.0,35.775267281175644,32.66437447411689,22.02661358375652,1.354066505675246,0.15755681529644308,0.0,0.0,0.0,0.0,0.0,158,64.29022547681208,1.3166666666666667,49.05368081894606
1974492,13009,0.0,0.0,35.65932531958803,20.801273103093017,21.58886768324254,1.5061386417378535,0.09082752898807338,0.0,0.0,0.029197080291970802,0.0,0.0,137,33.65178643300993,1.1416666666666666,29.172356043576563
1974492,13011,0.0,0.0,0.0,34.14106888761492,7.604767889327464,0.6634566636787614,0.06282866148373603,0.0,0.0,0.0,0.0,0.0,46,8.787071107455237,0.38333333333333336,21.62590579710145
1974492,13012,0.0,0.0,28.888919723065687,26.577806145220435,25.360009191835534,1.343435662432331,0.13587483297650185,0.0,0.0,0.0,0.0,0.0,435,173.07673834573558,3.625,47.102235806789565
1974492,13013,0.0,0.0,22.076973479396646,17.969629576253084,20.81180351901259,1.2399773246911445,0.11609742380224358,0.0,0.0,0.0,0.0,0.0,431,194.77307448926268,3.591666666666667,52.8006267581154
1974492,13014,0.0,0.0,7.7053229954237965,3.8526614977118983,17.158915122607485,0.6781728194854795,0.053670630431432054,0.0,0.9622641509433962,0.0,0.0,0.0,53,25.95608258327137,0.44166666666666665,59.85431308060701
1974492,13015,0.0,0.0,12.981165244449066,8.654110162966045,16.25012666626301,0.6915181816843897,0.0779270935552991,0.0,0.0,0.0,0.0,0.0,47,23.11040606530175,0.39166666666666666,58.93696048632219
1974492,13016,0.0,0.0,8.600170046182178,11.46689339490957,24.974787566761236,1.2081054411792913,0.08488925151632512,0.0,0.0,0.0,0.0,0.0,165,69.7660623892378,1.375,50.85145835764578
1974492,13018,0.0,0.0,7.85826813920517,8.462750303759414,23.92459218023057,1.059390122865951,0.07519045002163574,0.0,0.0,0.0,0.0,0.0,370,165.43085282547884,3.0833333333333335,52.85083206153189
1974492,13019,0.0,0.0,46.50010561150409,93.00021122300818,11.346183636374725,1.0465616513448108,0.08593422476801373,0.0,0.0,0.0,0.0,0.0,27,2.1505327500860574,0.225,9.697497497497498
1974492,13020,0.0,0.0,52.693792017425686,29.27432889856983,23.48437249385432,1.4590491235310872,0.13389672262854194,0.0,0.0,0.0,0.0,0.0,49,17.07981083810352,0.4083333333333333,40.94227405247813
1974492,13021,0.0,0.0,10.065677515462887,10.736722683160414,20.991227795035563,0.8951187553358906,0.08066051156780085,0.0,0.0,0.0,0.0,0.0,309,149.02126535404108,2.575,57.28493452897493
1974492,13023,0.0,0.0,9.678398843010417,10.283298770698568,26.605939559009474,1.1174410690865568,0.08630248668237549,0.0,0.0,0.0,0.0,0.0,392,165.3166010156209,3.2666666666666666,49.87528962876834
1974492,13024,0.0,0.0,89.97931067255506,104.97586245131423,16.742318515792867,1.2928609527734045,0.11601227354705448,0.0,0.0,0.0,0.0,0.0,43,6.668199561824475,0.35833333333333334,17.690638866613206
1974492,13025,0.0,0.0,10.394055997684708,0.0,17.345613999478267,1.0606125418320267,0.0920271289297201,0.0,0.0,0.0,0.0,0.0,21,9.620883322379171,0.175,55.35238095238095
1974492,13026,0.0,0.0,4.611219458091299,4.611219458091299,11.07781270261013,0.40769350514966596,0.06572183223499022,0.0,0.0,0.0,0.0,0.0,201,108.43118713915271,1.675,63.99915660131655
1974492,13027,0.0,0.0,24.154062879181986,26.569469167100184,28.625543811226542,1.4318890435377667,0.14765546058177598,0.0,0.0,0.0,0.0,0.0,113,41.400902407266834,0.9416666666666667,44.532183103075056
1974492,13028,0.0,0.0,10.91256132757058,9.093801106308815,23.099422042332918,1.0763682699879662,0.08336785607370248,0.0,0.0,0.0,0.0,0.0,365,164.9475266134176,3.0416666666666665,53.58356255599416
1974492,13030,0.0,0.0,4.28362768392353,11.77997613078971,28.98172045240393,1.1860374222373227,0.060659123528632716,0.0,0.0,0.0,0.0,0.0,254,93.37879701851806,2.1166666666666667,44.03847331583552
2112129,0,0.0,0.0,20.881732341677225,20.881732341677225,23.794711734580307,1.1024176927504479,0.1527656946033649,0.0,0.0,0.0,0.0,0.0,271,129.2996172837227,2.2583333333333333,57.31033210332104
2112129,2,0.0,0.0,222.62163796003946,173.15016285780848,9.282469694284694,0.7407487100938877,0.09845780769254138,0.0,0.0,0.0,0.0,0.0,87,4.042733708398775,0.725,4.959770114942529
2112129,3,0.0,0.0,25.19066875573584,28.15427684464594,27.635561407369103,1.3764247840591897,0.13448247969858215,0.0,0.0,0.0,0.0,0.0,342,134.97061284749856,2.85,46.8608187134503
2112129,1001,0.0,0.0,66.29937303171104,67.70999798983256,26.712717282107636,1.4413040024686927,0.18735525497387648,0.0,0.0,0.0,0.0,0.0,324,70.8905647984331,2.7,25.876543209876544
2112129,1002,0.0,0.0,146.67318850407221,122.22765708672685,14.886556596731573,1.062298832439512,0.12094857566794351,0.0,0.0,0.0,0.0,0.0,52,4.090727188243689,0.43333333333333335,9.774999999999999
2112129,1004,0.0,0.0,32.89332813210377,40.26597064447186,26.74727574045711,1.339881412623348,0.17114683395590102,0.0,0.0,0.0,0.0,0.0,442,176.32755118930095,3.683333333333333,47.53371040723982
2112129,1005,0.0,0.0,73.06015063931268,67.44013905167324,25.137293521122945,1.3470166270112833,0.1251014946086056,0.0,0.5,0.0,0.0,0.0,102,17.793557618268686,0.85,21.001960784313727
2112129,2000,0.0,0.0,47.4110487933594,23.7055243966797,10.283166654332904,1.0405805589833306,0.0630184972823516,0.0,0.0,0.0,0.0,0.0,54,4.218425980654806,0.45,9.102050264550265
2112129,2002,0.0,0.0,21.369631846894162,21.369631846894162,25.085504721897998,1.4801258711492262,0.070017018697613,0.0,0.0,0.0,0.0,0.0,104,18.718151200070185,0.8666666666666667,22.72596153846154
2112129,2003,0.0,0.0,75.44892761647155,71.16205672917204,20.90735025091774,1.5380747629005007,0.154235340684643,0.0,0.0,0.0,0.0,0.0,406,116.6351898960435,3.3833333333333333,34.53807229334281
2112129,2004,0.0,0.0,49.61054953311415,49.61054953311415,14.201640652481748,1.17295457751597,0.0744495811023446,0.0,0.0,0.0,0.0,0.0,24,2.0157003085251413,0.2,10.841666666666667
2112129,2005,0.0,0.0,60.457744979878456,52.39671231589467,16.748424444253953,1.3130395852343097,0.1132827386994052,0.0,0.0,0.0,0.0,0.0,108,24.810716980913362,0.9,27.600925925925928
2112129,2006,0.0,0.0,94.47687442167575,75.58149953734059,17.905536884823835,1.2114163038367698,0.10525472793169892,0.0,0.0,0.0,0.0,0.0,84,10.584600793806224,0.7,14.695238095238096
2112129,3000,0.0,0.0,74.41441955414238,65.11261710987458,19.329991100377807,1.3936917937181346,0.13682321509169534,0.0,0.0,0.0,0.0,0.0,119,32.251813753029545,0.9916666666666667,32.33087184873949
2112129,3001,0.0,0.0,80.445999025519,107.26133203402533,12.126016975399947,1.0935522258103947,0.08839777214869932,0.0,0.0,0.0,0.0,0.0,37,3.7292097013405763,0.30833333333333335,12.5
2112129,3002,0.0,0.0,0.0,0.0,10.791674662073069,1.0792300300625979,0.054150457696045325,0.0,0.0,0.0,0.0,0.0,41,4.71945858146488,0.3416666666666667,15.114065040650408
2112129,3003,0.0,0.0,49.82215578136122,49.82215578136122,12.69776015535665,1.0775563270668007,0.06750252286931956,0.0,0.0,0.0,0.0,0.0,24,2.0071391619190155,0.2,12.25
2112129,3004,0.0,0.0,0.0,0.0,10.126187051280994,1.0893096789558299,0.05235923695967186,0.0,0.7222222222222222,0.0,0.0,0.0,18,1.9726070027195344,0.15,12.611111111111112
2112129,4000,0.0,0.0,42.70080313855617,85.40160627711234,11.0878485929306,1.0114042647073518,0.0850880467407085,0.0,0.0,0.0,0.0,0.0,18,2.341876326670451,0.15,15.427777777777777
2112129,4001,0.0,0.0,46.9350925437715,46.9350925437715,10.292413392606825,1.0588032571034944,0.0675170504580106,0.0,0.0,0.0,0.0,0.0,29,2.130601956451675,0.24166666666666667,9.509655172413794
2112129,4002,0.0,0.0,63.08239673308975,0.0,6.40512679183382,0.6554817739013927,0.06736654595395193,0.0,0.0,0.0,0.0,0.0,11,1.5852282915488083,0.09166666666666666,19.201818181818183
2112129,4004,0.0,0.0,29.388379526657026,30.51870181614384,28.0145306452311,1.5084691510379253,0.13112013921081425,0.0,0.0,0.0,0.0,0.0,255,88.47034242366591,2.125,41.194033234373386
2112129,5001,0.0,0.0,0.0,45.85028385357718,11.397726347706334,0.8785250991271565,0.07644155613134991,0.0,0.0,0.0,0.0,0.0,19,2.18101157932522,0.15833333333333333,13.915789473684208
2112129,5002,0.0,0.0,72.30065634476544,64.76933797551905,21.465540068033278,1.500576070500971,0.11518291667923682,0.0,0.0,0.0,0.0,0.0,372,66.38943880552364,3.1,21.422320757395283
2112129,5003,0.0,0.0,47.63436164364464,0.0,10.100175411018036,0.9972715231823841,0.06710866743806805,0.0,0.0,0.0,0.0,0.0,20,2.0993248686338166,0.16666666666666666,14.690000000000003
2112129,5004,0.0,0.0,39.961647899655695,19.980823949827847,10.927025833835437,1.076014824930685,0.06264207966390592,0.0,0.0,0.0,0.0,0.0,52,5.004798613465667,0.43333333333333335,11.136538461538462
2112129,6002,0.0,0.0,90.29516895099191,135.44275342648785,12.295717684948029,0.9345412202986387,0.08428675884012428,0.0,0.0,0.0,0.0,0.0,69,4.429915848732746,0.575,8.517391304347827
2112129,6003,0.0,0.0,0.0,0.0,8.911321458752202,0.9150608686812356,0.05114115075216398,0.0,0.0,0.0,0.0,0.0,43,2.1791069992938032,0.35833333333333334,6.627906976744186
2112129,6005,0.0,0.0,101.61415481056142,116.13046264064162,15.745801246300678,1.1719196927871467,0.1217013932321128,0.0,0.0,0.0,0.0,0.0,65,6.888804038226812,0.5416666666666666,12.979977703455965
2112129,6006,0.0,0.0,128.4523825644247,128.4523825644247,13.969605996262056,0.8567522440487392,0.13346371576512275,0.0,0.0,0.0,0.0,0.0,39,5.449490200377702,0.325,16.231818181818184
2112129,6007,0.0,0.0,64.47471724575021,74.8367253745315,19.340989374130494,1.4574408994826873,0.16342400390673822,0.0,0.0,0.0,0.0,0.0,327,86.85575120330006,2.725,31.50569523627829
2112129,7000,0.0,0.0,67.82488936101903,79.66733036056203,23.814388817395542,1.4236936524141266,0.24091406131822946,0.0,0.0,0.0,0.0,0.0,320,92.88625546392407,2.6666666666666665,34.3640625
2112129,7001,0.0,0.0,49.091064689430425,73.63659703414565,16.921622421940913,1.1011275791481785,0.11486552147049041,0.0,0.0,0.0,0.0,0.0,89,12.22218348279546,0.7416666666666667,15.958426966292137
2112129,7002,0.0,0.0,83.41515589138272,64.16550453183287,22.391711565023886,1.2982750508944625,0.23108855540454068,0.0,0.0,0.0,0.0,0.0,56,15.584697841873814,0.4666666666666667,33.00178571428571
2112129,7003,0.0,0.0,44.57636051553154,0.0,12.580275292944943,1.0900596587107838,0.07711710340036412,0.0,0.0,0.0,0.0,0.0,22,2.243341512036575,0.18333333333333332,13.740909090909092
2112129,7004,0.0,0.0,62.14835967599408,72.22647205588501,20.748744496527152,1.4311118361465576,0.18343861893248092,0.0,0.7188940092165899,0.0,0.0,0.0,217,59.53495827226461,1.8083333333333333,32.64470046082949
2112129,8002,0.0,0.0,81.13596301265223,92.72681487160254,22.232453637914556,1.4357746455260152,0.20607754499044925,0.0,0.0,0.0,0.0,0.0,256,60.39245506010573,2.1333333333333333,28.171461389331302
2112129,8003,0.0,0.0,95.99702016794213,47.99851008397106,12.586947245945787,1.0054668293254951,0.08964172499629249,0.0,0.0,0.0,0.0,0.0,24,2.08339800183495,0.2,10.784166666666666
2112129,8004,0.0,0.0,96.29718678104744,0.0,11.429968514694764,0.956608498101539,0.07650368603229502,0.0,0.0,0.0,0.0,0.0,27,2.076903871083414,0.225,8.877777777777778
2112129,9000,0.0,0.0,0.0,63.975937201980315,8.022248474600827,0.9560443809671457,0.07195498292333742,0.0,0.0,0.0,0.0,0.0,17,1.5630876916157876,0.14166666666666666,10.299999999999997
2112129,9003,0.0,0.0,145.00259847095117,186.43191231979435,13.42247000790881,0.9428354960016039,0.11040823713590711,0.0,0.0,0.0,0.0,0.0,69,4.82749969573982,0.575,8.292753623188405
2112129,9004,0.0,0.0,81.99649401086873,40.998247005434365,12.072039664723881,0.9847574404339343,0.07729522188348627,0.0,0.0,0.0,0.0,0.0,60,4.878257355088616,0.5,9.855
2112129,9005,0.0,0.0,114.12861531873718,57.06430765936859,9.208284313595014,0.8979457248567797,0.14060178325343758,0.0,0.0,0.0,0.0,0.0,10,1.7524088892294203,0.08333333333333333,22.05
2112129,10001,0.0,0.0,48.21170569862808,72.31755854794213,13.439511359503449,0.9141459218304915,0.09065705051348012,0.0,0.0,0.0,0.0,0.0,50,4.148370133390473,0.4166666666666667,10.077466666666668
2112129,10002,0.0,0.0,83.70300561439251,93.26906339889452,20.03998405508177,1.3103558811560374,0.16700931102942948,0.0,0.0,0.0,0.0,0.0,425,83.62901605048658,3.5416666666666665,23.223680230575162
2112129,11000,0.0,0.0,48.010663529430595,36.00799764707295,14.014985349418994,1.2555098142934373,0.08591747751774319,0.0,0.0,0.0,0.0,0.0,89,16.662964874659544,0.7416666666666667,22.689887640449438
2112129,11001,0.0,0.0,71.94879854938215,80.41336308460357,17.939753200431724,1.4118182642498656,0.13656360561104963,0.0,0.0,0.0,0.0,0.0,299,70.88374097726745,2.4916666666666667,28.473371469910568
2112129,12000,0.0,0.0,63.53884789890013,76.91544745656333,21.612305197873134,1.4802923894957032,0.1691681797382648,0.0,0.29003021148036257,0.0,0.0,0.0,331,89.70889760339308,2.7583333333333333,32.271906850391474
2112129,12002,0.0,0.0,69.32425634206474,73.94587343153573,19.84916656478074,1.5286068425053485,0.17797502617268504,0.0,0.0,0.0,0.0,0.0,80,21.63744811914883,0.6666666666666666,32.054255387931036
2112129,12003,0.0,0.0,73.65358399065511,83.05616918095151,23.877188843926824,1.5227688184265584,0.19520429896632926,0.0,0.0,0.0,0.0,0.0,226,63.812237576874985,1.8833333333333333,33.94698640285103
2112129,12004,0.0,0.0,72.83131574863576,54.623486811476816,20.329156893486754,1.1921945007602976,0.18369069641077032,0.0,0.0,0.0,0.0,0.0,20,5.492142986686226,0.16666666666666666,32.27999999999999
2112129,12005,0.0,0.0,66.7015932853734,58.919740735413185,18.92952376938127,1.3562860086845694,0.1534465707542443,0.0,0.0,0.0,0.0,0.0,333,89.9528737541522,2.775,32.52499246783729
2112129,13000,0.0,0.0,68.02326433184653,68.02326433184653,20.5359437394909,1.4905440573349347,0.1751892363941403,0.0,0.0,0.0,0.0,0.0,271,80.85469073005157,2.2583333333333333,35.96394856596404
2112129,13001,0.0,0.0,50.016035880101754,100.03207176020351,13.047017798619729,1.0433534269422904,0.09934013416368247,0.0,0.0,0.0,0.0,0.0,16,1.9993587704495337,0.13333333333333333,17.49375
2112129,13002,0.0,0.0,55.18803836920667,0.0,10.175062560352389,0.6988632834088708,0.047239838128859075,0.0,0.0,0.0,0.0,0.0,43,1.8119868535823354,0.35833333333333334,5.367441860465116
2112129,13003,0.0,0.0,44.1732815588015,22.08664077940075,11.664366428288801,0.8938219302211585,0.056048342941860146,0.0,0.0,0.0,0.0,0.0,73,4.527623779405407,0.6083333333333333,7.9150684931506845
2112129,13004,0.0,0.0,60.06313397373984,62.46565933268943,18.81888974686576,1.3737798470519453,0.11689261215017988,0.0,0.0,0.0,0.0,0.0,401,83.24573942788345,3.341666666666667,25.08415294625227
2112129,14000,0.0,0.0,58.51303528531382,64.3643388138452,22.24375381727155,1.530282538346475,0.13245296900057776,0.0,0.0,0.0,0.0,0.0,395,85.45104480770202,3.2916666666666665,26.613585958083544
2112129,14001,0.0,0.0,65.69767312404969,21.899224374683225,11.736263825962356,1.1237518718168973,0.07624203436665279,0.0,0.0,0.0,0.0,0.0,90,9.13274354279011,0.75,11.190222222222221
2112129,14002,0.0,0.0,97.27542715197265,83.3789375588337,15.01157242485499,1.3227043703981614,0.11527389436002711,0.0,0.0,0.0,0.0,0.0,50,7.196061950017402,0.4166666666666667,16.916
2112129,15001,0.0,0.0,130.38021155744494,78.22812693446696,15.29762347394579,1.2023045401124242,0.15508012868861742,0.0,0.0,0.0,0.0,0.0,27,3.834937787163371,0.225,18.555555555555557
2112129,15002,0.0,0.0,76.82855932299921,82.92606403117377,23.214166694658882,1.4624860873873788,0.18105905407712564,0.0,0.0,0.0,0.0,0.0,371,82.00075669145141,3.091666666666667,26.457681940700805
2112129,15003,0.0,0.0,52.463225165330016,62.95587019839601,23.541632450293083,1.5573157667384865,0.1874410310539452,0.0,0.0,0.0,0.0,0.0,154,47.652426859416735,1.2833333333333334,37.67012987012988
2112129,15004,0.0,0.0,41.82531663871013,46.47257404301125,28.953603133003888,1.3923012354593391,0.20359119078869806,0.0,0.0,0.0,0.0,0.0,401,150.62647473585963,3.341666666666667,45.16982543640897
2112129,16000,0.0,0.0,24.345089940242797,31.91911792165167,26.3243165643461,1.3766316324785657,0.14991084677765407,0.0,0.1211453744493392,0.0,0.0,0.0,454,184.8422006673893,3.783333333333333,48.84383259911894
2112129,17001,0.0,0.0,31.968375992557363,37.609854108891014,25.723927340166476,1.5165778435056592,0.1281888853628311,0.0,0.0,0.0,0.0,0.0,295,106.3551054577049,2.4583333333333335,43.5094062871039
2112129,17002,0.0,0.0,57.86203013048012,51.185642038501655,25.905973259499383,1.6075123497913402,0.13519133979978046,0.0,0.0,0.0,0.0,0.0,335,89.86895185450437,2.7916666666666665,31.911808880902065
2112129,17003,0.0,0.0,29.733794184198054,31.085330283479784,26.80905035850133,1.528113069720652,0.11120635507928353,0.0,0.3213429256594724,0.0,0.0,0.0,417,147.97976917249156,3.475,42.69048572617127
2112129,18000,0.0,0.0,56.39122446040131,56.39122446040131,24.713821837499896,1.4279832006968258,0.13098841119530139,0.0,0.0,0.0,0.0,0.0,243,47.87979026587686,2.025,23.481520464750922
2112129,18002,0.0,0.0,62.92157842437478,59.77549950315604,25.038722331239313,1.5852084540204303,0.16670670932845966,0.0,0.0,0.0,0.0,0.0,121,31.785598042550586,1.0083333333333333,30.905933195592286
2112129,18003,0.0,0.0,45.81682464437303,50.58941054482855,26.675012382483974,1.525352226964726,0.1369269939415193,0.0,0.0,0.0,0.0,0.0,426,104.76500799121857,3.55,29.68579910497162
2112129,18004,0.0,0.0,6.475455350789662,5.396212792324718,22.279915126647474,0.9590307981750623,0.06283471649449601,0.0,0.0,0.0,0.0,0.0,375,185.31515314265332,3.125,59.43246115411786
2112129,19000,0.0,0.0,22.618865581172297,22.618865581172297,25.157818861980015,1.5111742146440386,0.10415231736055083,0.0,0.0,0.0,0.0,0.0,131,35.36870569963117,1.0916666666666666,32.416030534351144
2112129,19001,0.0,0.0,29.79586294291594,27.615677849531846,27.089346924127366,1.5114011741003073,0.1318493175207855,0.0,0.0,0.0,0.0,0.0,410,137.60299568617756,3.4166666666666665,39.93682926829268
2112129,19002,0.0,0.0,195.5220791866483,195.5220791866483,13.230793207094157,1.1187433359857524,0.13378241202683683,0.0,0.0,0.0,0.0,0.0,12,1.0229023792708187,0.1,10.033333333333333
2112129,19003,0.0,0.0,75.02967346552886,81.9403012847223,22.53643257855342,1.4511226532650492,0.2064616147112565,0.0,0.6206896551724138,0.0,0.0,0.0,348,101.29325704038543,2.9,34.64367816091954
2112129,20000,0.0,0.0,49.17574640541861,28.10042651738206,12.798402366006062,1.065462998199043,0.06519374664054495,0.0,0.0,0.0,0.0,0.0,191,14.23465938328631,1.5916666666666666,8.631424693204798
2112129,20002,0.0,0.0,58.02656861946851,62.78284473581839,22.281256945143916,1.5318101695591528,0.167664705520535,0.0,0.0,0.0,0.0,0.0,317,105.12425850997826,2.6416666666666666,39.994543819472796
2112129,20003,0.0,0.0,0.0,0.0,6.499914738669833,0.7589367727620595,0.06234560916405189,0.0,0.0,0.0,0.0,0.0,14,1.0336134990805281,0.11666666666666667,9.27142857142857
2112129,20004,0.0,0.0,0.0,0.0,6.525364124041776,0.8367742263818623,0.04532671575343444,0.0,0.0,0.0,0.0,0.0,22,1.4593048865360834,0.18333333333333332,6.359090909090909
2112129,20005,0.0,0.0,60.19422098296332,60.19422098296332,20.554424885586474,1.4766457035114167,0.13649517366978173,0.0,0.0,0.0,0.0,0.0,373,101.33863185514892,3.1083333333333334,32.60832223616958
2112129,21000,0.0,0.0,57.539913798586994,57.539913798586994,12.825822181780694,1.1861632021200466,0.07823468123205797,0.0,0.0,0.0,0.0,0.0,58,5.213772148670947,0.48333333333333334,10.658965517241377
2112129,21002,0.0,0.0,6.6806615447284985,7.287994412431089,21.446955426275736,0.9354705904494931,0.0621571277737647,0.0,0.0,0.0,0.0,0.0,330,164.65435236245065,2.75,60.223308122435064
2112129,22000,0.0,0.0,24.423808984577096,21.09328957758931,27.376297964266012,1.367107625837693,0.10920019968371074,0.0,0.5304347826086957,0.0,0.0,0.0,230,90.07604020278876,1.9166666666666667,47.48948541899536
2112129,23001,0.0,0.0,189.18943254256766,162.16237075077228,12.421078016905007,1.0467289072985653,0.1275225750706725,0.0,0.0,0.0,0.0,0.0,35,3.699995240709334,0.2916666666666667,12.635428571428571
2112129,23002,0.0,0.0,42.97161820438894,42.97161820438894,11.630047582159113,1.08501115745815,0.09900858149218474,0.0,0.0,0.0,0.0,0.0,23,2.3271173900029303,0.19166666666666668,13.03
2112129,23003,0.0,0.0,72.49476394536352,99.30789581556645,21.56214631021089,1.4951553415575145,0.22104029685678445,0.0,0.0,0.0,0.0,0.0,342,100.6969276498607,2.85,35.03714389981646
2112129,23006,0.0,0.0,75.4358731381675,79.20766679507587,25.070655710852197,1.5020282501028461,0.24679933698436674,0.0,0.0,0.0,0.0,0.0,349,106.05034007291584,2.908333333333333,36.37219132943089
2112129,23008,0.0,0.0,9.038881125620165,9.038881125620165,20.46321130802936,1.0825107607550206,0.09103924131471222,0.0,0.6153846153846154,0.0,0.0,0.0,208,99.56984581299605,1.7333333333333334,57.34592640177096
2112129,24000,0.0,0.0,22.85171273878052,26.66033152857727,29.07088489496781,1.2597274852601315,0.14061090763756143,0.0,0.0,0.0,0.0,0.0,252,105.02495053366735,2.1,50.256349206349206
2112129,24001,0.0,0.0,14.818705530047682,18.770360338060396,23.60126180863395,1.1382217032119806,0.13441829485497578,0.0,0.0,0.0,0.0,0.0,218,101.22341637455924,1.8166666666666667,55.75229357798165
2112129,24003,0.0,0.0,67.54063036746476,61.4005730613316,18.181640716717116,1.3028582887542433,0.1413731202420889,0.0,0.0,0.0,0.0,0.0,112,16.286492945287716,0.9333333333333333,17.28125
2112129,24004,0.0,0.0,71.57205838947257,53.67904379210443,16.800262145297353,1.141404330593056,0.10548067774452465,0.0,0.0,0.0,0.0,0.0,102,11.177546349815067,0.85,12.996078431372547
2112129,25000,0.0,0.0,10.452797485826524,9.502543168933204,25.258945291578033,1.0429374292746763,0.09911693989615887,0.0,0.0,0.0,0.0,0.0,452,210.4699725583597,3.7666666666666666,55.80641592920354
2112129,25001,0.0,0.0,27.52777226019914,31.575974063169603,28.969464817715746,1.4373695104354456,0.12929277339977666,0.0,0.0,0.0,0.0,0.0,367,123.51162919623063,3.058333333333333,40.229972752043594
2112129,25002,0.0,0.0,111.10662618825306,166.6599392823796,8.615638394961863,0.8058274790573101,0.11431016047150895,0.0,1.0,0.0,0.0,0.0,23,1.8000726586831175,0.19166666666666668,6.634782608695652
2112129,25003,0.0,0.0,125.1741693615144,0.0,7.874042417970581,0.8030448563658358,0.06947382094704571,0.0,1.0,0.0,0.0,0.0,25,1.5977737341510274,0.20833333333333334,6.184
2112129,26000,0.0,0.0,79.20982515817751,79.20982515817751,21.222701574402766,1.5503318989022956,0.14723018302356267,0.0,0.0,0.0,0.0,0.0,408,102.26004140047982,3.4,29.960748052551775
2112129,26001,0.0,0.0,56.35822106088649,60.831095748258434,22.9705770256718,1.5484404654519328,0.1517449824514082,0.0,0.0,0.0,0.0,0.0,377,111.78493361587492,3.1416666666666666,35.80473980911777
2112129,27000,0.0,0.0,43.73403516325089,43.73403516325089,8.54013857691409,0.8495341388017252,0.05823327192318687,0.0,1.0,0.0,0.0,0.0,38,2.2865486714573424,0.31666666666666665,6.307894736842105
2112129,28000,0.0,0.0,26.640870143568158,32.90931017734891,27.66017492432779,1.4485492664544999,0.13826985001001543,0.0,0.15675675675675677,0.0,0.0,0.0,370,127.62345905660494,3.0833333333333335,41.38648648648649
2112129,28001,0.0,0.0,25.68270438689659,27.19345170377286,29.679700523802566,1.3955118319470419,0.1347861632025237,0.0,0.0,0.0,0.0,0.0,357,132.3848123149637,2.975,43.94761904761904
2112129,28002,0.0,0.0,54.83844259285776,109.67688518571552,7.9169670548094855,0.9799711820833054,0.10513759729088139,0.0,0.0,0.0,0.0,0.0,14,1.82353829306276,0.11666666666666667,13.985714285714282
2112129,28004,0.0,0.0,135.82447991543978,135.82447991543978,9.753076437719537,1.0281838593329258,0.11989891647328496,0.0,0.0,0.0,0.0,0.0,24,2.208732919034705,0.2,10.35
2112129,29000,0.0,0.0,16.783342129601266,19.071979692728714,23.96908615929044,1.343186687966047,0.12071335111163638,0.0,0.11075949367088607,0.0,0.0,0.0,316,131.08235433750684,2.6333333333333333,49.94462025316456
2112129,29001,0.0,0.0,23.500674612134613,29.565364834620965,27.32754422035183,1.3477215456462304,0.15308536133131384,0.0,0.0,0.0,0.0,0.0,326,131.91110685815417,2.716666666666667,48.637423312883435
2112129,29002,0.0,0.0,118.10654268883025,0.0,8.912615258374034,0.8599672810355049,0.13084507144820004,0.0,0.0,0.0,0.0,0.0,11,1.6933862887421112,0.09166666666666666,21.027272727272727
2112129,29003,0.0,0.0,111.31392069106705,111.31392069106705,8.475483598133042,0.8979457248567797,0.0872415184023664,0.0,0.0,0.0,0.0,0.0,30,1.7967204708840159,0.25,6.353333333333333
2112129,29004,0.0,0.0,194.79566438587955,194.79566438587955,11.519587666231807,1.0296530140645737,0.13608559851599575,0.0,0.0,0.0,0.0,0.0,10,1.0267168965517166,0.08333333333333333,10.89
2112129,29005,0.0,0.0,129.10036487619416,129.10036487619416,12.030423672921915,1.0239287996389363,0.10033246986694884,0.0,0.0,0.0,0.0,0.0,16,1.5491822985302777,0.13333333333333333,10.8375
2112129,29006,0.0,0.0,30.61656061671177,37.42024075375883,25.356239396984897,1.3354251276442104,0.1697706554505477,0.0,0.3486238532110092,0.0,0.0,0.0,436,176.37513460778672,3.6333333333333333,48.4348623853211
2112129,30000,0.0,0.0,82.84759902348742,57.3560300931836,17.861450037345225,1.3996223803932786,0.1326737767351497,0.0,1.0,0.0,0.0,0.0,68,15.691462580966867,0.5666666666666667,28.58009761833122
2112129,30001,0.0,0.0,0.0,0.0,7.98127373713417,0.7406519355612469,0.040286500244784085,0.0,0.0,0.0,0.0,0.0,67,2.566278597593442,0.5583333333333333,4.285074626865672
2112129,30002,0.0,0.0,30.25755548016139,30.25755548016139,27.66239240061824,1.4768320816393763,0.126029749660284,0.0,0.0,0.0,0.0,0.0,359,132.19838604022826,2.9916666666666667,45.07931894901093
2112129,30003,0.0,0.0,116.77650207420672,105.09885186678605,15.09899144402185,1.2372170541569423,0.1418325488972651,0.0,0.0,0.0,0.0,0.0,43,8.563366621176414,0.35833333333333334,24.17693798449613
2112129,30004,0.0,0.0,9.15795541771054,8.140404815742702,25.642879559765646,1.0994726436834845,0.07192834955595123,0.0,0.0,0.0,0.0,0.0,434,196.55042178071602,3.6166666666666667,54.55562586116867
2112129,32000,0.0,0.0,23.033073041469894,23.85568279295096,28.021240298289346,1.3909253312190581,0.120115718716576,0.0,0.0926517571884984,0.0,0.0,0.0,313,121.56432600021458,2.6083333333333334,46.679004330124584
2112129,32001,0.0,0.0,70.33531444536497,140.67062889072994,8.705439241937292,1.0437570363314086,0.0867888165845328,0.0,0.0,0.0,0.0,0.0,15,1.4217609004602936,0.125,12.468444444444446
2112129,32002,0.0,0.0,30.792918184380465,31.363157410017134,26.577185057589514,1.4571953180822805,0.12903603902347427,0.0,0.0,0.0,0.0,0.0,458,175.36499683680907,3.816666666666667,45.68562876225936
2112129,32003,0.0,0.0,84.44920101959626,70.37433418299688,18.663499486155054,1.3238050846644571,0.12010740540530424,0.0,0.0,0.0,0.0,0.0,82,14.209725912285927,0.6833333333333333,20.993966128255448
2112129,32004,0.0,0.0,40.99005612758205,42.65181515978132,25.15127326537232,1.4647022555983058,0.18840373445094805,0.0,0.0,0.0,0.0,0.0,472,180.53158983162672,3.933333333333333,46.18333758589698
2112129,33000,0.0,0.0,5.219515452681905,5.219515452681905,23.55675970782772,0.718512193197459,0.05444525052170707,0.0,1.0,0.0,0.0,0.0,226,114.95319928437159,1.8833333333333333,61.67109627479243
21713931,0,0.0024752475247524753,1.5999999999999943,48.103275839590594,61.84706893661648,26.004385502944434,1.5219916960594493,0.2028505507270612,0.0,0.0,0.0,0.0,0.0,404,130.96821141679692,3.3666666666666667,38.6019801980198
21713931,1,0.0,0.0,79.8233487840094,88.22580655074724,22.080504383621438,1.3005431134672842,0.1982601934243238,0.0,0.0,0.0,0.0,0.0,93,23.802559388245275,0.775,31.23333333333333
21713931,2,0.0,0.0,57.54442685272615,69.18262554204155,25.423255440862192,1.4966567852880654,0.22716279202078063,0.0,0.0,0.0,0.0,0.0,459,154.66310964879068,3.825,39.9
21713931,4,0.0,0.0,15.714924304979325,15.714924304979325,22.742520911608494,1.1828071049382465,0.11529515033081315,0.0,0.0,0.0,0.05058365758754864,0.01556420233463035,257,114.54079988343719,2.1416666666666666,53.5875486381323
21713931,5,0.0,0.0,121.91589736503022,182.87384604754533,13.992869612770642,1.2798542258336676,0.1979895090125039,0.0,0.0,0.0,0.0,0.0,10,1.640475149858242,0.08333333333333333,21.639999999999997
21713931,6,0.0,0.0,15.649660147546838,15.649660147546838,21.76128659311199,0.9869426474286346,0.12752712769898467,0.0,0.0,0.0,0.05371900826446281,0.01652892561983471,242,115.01847216037845,2.0166666666666666,57.1301652892562
21713931,8,0.0,0.0,13.909963695449093,17.387454619311367,20.70196715255117,1.1741146704284433,0.11665447400346704,0.0,0.0,0.0,0.05303030303030303,0.015151515151515152,264,115.02546196604885,2.2,52.378787878787875
21713931,9,0.0,0.0,195.13821335274667,130.09214223516446,15.191807197208625,1.0905994737794789,0.17901195680607465,0.0,0.0,0.0,0.0,0.0,13,1.5373718701508103,0.10833333333333334,13.276923076923076
21713931,10,0.0,0.0,163.16348591531306,163.16348591531306,11.025267499589296,1.094780226007948,0.1531137579507463,0.0,0.0,0.0,0.0,0.0,16,1.8386466697316663,0.13333333333333333,13.01875
21713931,11,0.0,0.0,10.62967722460844,11.515483659992478,15.903300522200183,0.7997712629124365,0.10013488299406804,0.0,0.0,0.0,0.05752212389380531,0.022123893805309734,226,112.89148058248813,1.8833333333333333,60.315929203539824
21713931,14,0.0,0.0,10.65154705489154,13.314433818614424,24.997475499902254,1.1510680226177197,0.09492165705803325,0.0,0.0,0.0,0.051094890510948905,0.014598540145985401,274,112.65969101163768,2.283333333333333,49.21642335766423
21713931,15,0.0,0.0,132.33377478912857,132.33377478912857,11.050223437402925,0.9949236325717752,0.1452459309976719,0.0,0.0,0.0,0.0,0.0,11,1.5113299708913792,0.09166666666666666,17.027272727272727
21713931,16,0.0,0.0,108.42302368734582,162.6345355310187,11.545609284485597,1.103432909638192,0.14944599338313358,0.0,0.0,0.0,0.0,0.0,16,1.8446266595251046,0.13333333333333333,14.787500000000001
21713931,17,0.0,0.0,146.1421415881826,194.85618878424347,10.83510712055029,1.0538437102109437,0.1394842312891122,0.0,0.0,0.0,0.0,0.0,23,2.052795974794027,0.19166666666666668,9.695652173913043
21713931,18,0.0,0.0,139.32777608469905,139.32777608469905,15.530822599504637,1.1858203126288676,0.1541497506753988,0.0,0.0,0.0,0.0,0.0,18,2.1531959271181242,0.15,15.127777777777778
21713931,19,0.0,0.0,12.424217829341606,15.086550221343378,18.29292608612009,0.8038826081526147,0.12161141544640273,0.0,0.0,0.0,0.06167400881057269,0.022026431718061675,227,112.68314989565745,1.8916666666666666,59.57797356828194
21713931,21,0.0,0.0,11.572507964010516,11.572507964010516,23.466901179831893,1.0201792350971768,0.09478533198836699,0.0,0.0,0.0,0.0,0.014450867052023121,346,155.54104655601378,2.8833333333333333,53.711271676300576
21713931,22,0.0,0.0,18.859368877136223,18.859368877136223,24.453612922829866,1.0620101413671077,0.1270518255387223,0.0,0.0,0.0,0.0,0.0,175,79.53606559011075,1.4583333333333333,54.734857142857145
21713931,23,0.0,0.0,60.109071680231985,120.21814336046397,13.904110813736388,1.240684291953396,0.16051740524381694,0.0,0.0,0.0,0.0,0.0,11,1.6636423954770028,0.09166666666666666,19.254545454545458
21713931,24,0.0,0.0,25.85703321643659,25.85703321643659,24.548936393778714,1.3064399827662192,0.13904905064768647,0.0,0.0,0.0,0.0,0.0,103,42.5416168511073,0.8583333333333333,49.97766990291261
21713931,25,0.0,0.0,28.275769450526482,56.551538901052965,14.551887525525872,1.1269287948006759,0.19613062249201116,0.0,0.0,0.0,0.0,0.0,12,3.5365969500836356,0.1,37.791666666666664
21713931,26,0.0,0.0,29.538998974378817,23.20921347986907,23.505729840342088,1.4138104740842108,0.10976015494287074,0.0,0.0,0.0,0.0,0.0,128,47.39497100813454,1.0666666666666667,44.47578125
21713931,27,0.0,0.0,166.62550295009368,166.62550295009368,12.191645128427092,1.094780226007948,0.1534310178752253,0.0,0.0,0.0,0.0,0.0,16,1.800444677966575,0.13333333333333333,14.15625
21713931,28,0.0,0.0,94.67755951965479,142.0163392794822,13.877062800618809,1.205697772011519,0.15896147490608206,0.0,0.0,0.0,0.0,0.0,17,2.112432988500095,0.14166666666666666,16.13529411764706
21713931,29,0.0,0.0,135.34988975040122,90.23325983360083,14.531054678466635,0.956122338098301,0.12221611677812855,0.0,0.0,0.0,0.0,0.0,27,2.216477608908512,0.225,9.774074074074074
21713931,30,0.0,0.0,30.063177775194838,27.915807934109495,24.693939106470857,1.3533990775791525,0.15647232752259183,0.0,0.0,0.0,0.0,0.0,123,46.56859665564502,1.025,45.84878048780487
21713931,31,0.0,0.0,70.60534301791652,70.60534301791652,17.219442725777412,1.1860284813394224,0.119037676107976,0.0,0.0,0.0,0.0,0.0,47,7.081617036732221,0.39166666666666666,17.680851063829785
21713931,32,0.0,0.0,24.89726800679368,27.38699480747305,23.284396728281365,1.3201986369675829,0.12055274645415841,0.0,0.0,0.0,0.0,0.0,100,40.16504942337976,0.8333333333333334,48.937000000000005
21713931,33,0.0,0.0,24.970715911206923,33.88882873663797,25.323239709558393,1.3031734838058666,0.1545698170286579,0.0,0.0,0.0,0.0,0.0,140,56.06567328619026,1.1666666666666667,48.07142857142857
21713931,34,0.0,0.0,63.09065171665556,70.9769831812375,25.383677795242722,1.4518663544385464,0.17397781964865947,0.0,0.0,0.0,0.0,0.0,105,25.360334002978917,0.875,28.673333333333332
21713931,35,0.0,0.0,27.798350029393827,25.660015411748148,23.93096218717524,1.3866902810771706,0.1234380691791911,0.0,0.0,0.0,0.0,0.0,119,46.76536552080922,0.9916666666666667,47.19243697478991
21713931,36,0.0,0.0,158.54580877016696,105.69720584677798,11.245492787478947,1.188260652709807,0.14185971506969955,0.0,0.0,0.0,0.0,0.0,19,1.8921976072851572,0.15833333333333333,14.06842105263158
21713931,37,0.0,0.0,117.12480274837618,117.12480274837618,11.010436967814774,1.1269287948006759,0.1579070230070594,0.0,0.0,0.0,0.0,0.0,12,1.707580250356262,0.1,19.516666666666662
21713931,38,0.0,0.0,19.138199572485366,17.39836324771397,26.947434322230894,1.1873916155864686,0.12039611352945004,0.0,0.0,0.0,0.04794520547945205,0.017123287671232876,292,114.95334196237033,2.433333333333333,47.394520547945206
21713931,39,0.0,0.0,13.443094557272781,15.363536636883179,26.517242423475377,1.267805647530557,0.10374528905024906,0.0,0.0,0.0,0.0,0.00997506234413965,401,156.214031750888,3.341666666666667,46.550374064837904
21713931,40,0.0,0.0,16.306401139745947,20.069416787379627,22.559336485487236,1.026589040519734,0.11263789745611115,0.0,0.0,0.0,0.0,0.0,171,79.7232932551452,1.425,56.34736842105263
21713931,41,0.0,0.0,176.36595937550854,176.36595937550854,14.68805102711747,1.0900596587107838,0.22473710237228542,0.0,0.0,0.0,0.0,0.0,11,1.7010085226325153,0.09166666666666666,16.645454545454545
21713931,42,0.0,0.0,26.092881523934143,32.61610190491768,25.990104739095177,1.2565679212684013,0.16622719637769043,0.0,0.0,0.0,0.0,0.0,103,45.98955461853761,0.8583333333333333,54.36601941747573
21713931,43,0.0,0.0,41.017674210637274,38.85884925218268,30.9779252241302,1.4582538738121018,0.1384672289187218,0.0,0.0,0.0,0.0,0.0,134,46.321495222838976,1.1166666666666667,41.664179104477604
21713931,44,0.0,0.0,26.83210843246314,28.62091566129402,29.44395091796823,1.3900297964759782,0.1401883016394462,0.0,0.0,0.0,0.0,0.0,144,55.9031730128672,1.2,46.71875
21713931,45,0.0,0.0,16.690786832437375,15.932114703690223,25.422880007729017,1.0061872258665745,0.1299808515213856,0.0,0.0,0.0,0.0,0.015037593984962405,266,131.80924435056914,2.216666666666667,59.68082706766918
21713931,48,0.0,0.0,7.197359003666285,8.09702887912457,21.62750811725432,0.8964919399071773,0.08505564842481599,0.0,0.0,0.0,0.05829596412556054,0.017937219730941704,223,111.15188218240685,1.8583333333333334,60.17892376681615
21713931,49,0.0,0.0,216.26363137876172,162.19772353407132,11.582757299825747,1.0851886129676505,0.190156873366019,0.0,0.0,0.0,0.0,0.0,15,1.8495943929631165,0.125,15.82
21713931,51,0.0,0.0,32.409354649231304,34.56997829251339,26.36414672371284,1.3627785311447245,0.14695272740245116,0.0,0.0,0.0,0.0,0.0,119,46.28293331461253,0.9916666666666667,46.99831932773109
21713931,52,0.0,0.0,25.641702875156398,29.915320021015795,23.97616336818843,1.371455336183781,0.13267049923189247,0.0,0.17647058823529413,0.0,0.0,0.0,119,46.79876394491139,0.9916666666666667,46.943697478991595
21713931,53,0.0,0.0,157.70298485952392,262.83830809920653,13.186975640024981,1.2720898688202853,0.17204345133587692,0.0,0.0,0.0,0.0,0.0,14,1.9023102211237732,0.11666666666666667,16.27142857142857
21713931,54,0.0,0.0,15.019115681421061,14.135638288396294,22.05122612149755,0.8964609701021354,0.12213547983108139,0.0,0.0,0.0,0.05357142857142857,0.017857142857142856,224,113.1890875641189,1.8666666666666667,61.54419642857143
21713931,55,0.0,0.0,17.68006625204435,17.68006625204435,29.467053857397755,1.200294792831943,0.10697727612625481,0.0,0.0,0.0,0.0456140350877193,0.014035087719298246,285,113.12174804598027,2.375,47.65298245614035
21713931,56,0.0,0.0,35.571237664783226,30.235552015065746,24.002060327828314,1.4111038671683171,0.149716711452266,0.0,0.0,0.0,0.0,0.0,144,56.225201350811304,1.2,47.42986111111111
21713931,57,0.0,0.0,57.91227319521101,69.4947278342532,24.66164555054503,1.5272714587786214,0.17103760069377455,0.0,0.0,0.0,0.0,0.0,91,25.901245405162943,0.7583333333333333,33.84505494505495
21713931,58,0.0,0.0,37.92601636687128,29.49801272978877,24.836300815852862,1.3909080080174718,0.14450188985828052,0.0,0.18032786885245902,0.0,0.0,0.0,122,47.46082432143642,1.0166666666666666,46.55245901639345
21713931,59,0.0,0.0,170.71809215792263,170.71809215792263,15.441295080076669,1.2554823251787537,0.1927373532259179,0.0,0.0,0.0,0.0,0.0,16,1.7572829933132408,0.13333333333333333,14.762500000000001
21713931,60,0.003968253968253968,1.0,16.869280363990672,15.981423502728004,27.386572910595294,1.117687115557641,0.11648362412731614,0.0,0.0,0.0,0.051587301587301584,0.015873015873015872,252,112.6307678219492,2.1,53.98492063492064
21713931,62,0.0,0.0,21.513056444135884,24.58635022186958,27.266587214834544,1.3451279645489111,0.12032156986243682,0.0,0.0,0.0,0.0,0.016194331983805668,247,97.61513922734241,2.058333333333333,47.27570850202429
21713931,63,0.0,0.0,47.93775961966541,43.5797814724231,28.512879285490666,1.5040033105129769,0.17628555921849232,0.0,0.0,0.0,0.0,0.0,133,45.89284141467259,1.1083333333333334,42.18496240601504
21713931,64,0.0,0.0,47.14953055299001,70.72429582948502,22.977227921892165,1.5058260366650753,0.1696117145510739,0.0,0.0,0.0,0.0,0.0,86,25.450942690751805,0.7166666666666667,35.1360465116279
21713931,65,0.0,0.0,29.484304895381225,25.272261338898193,28.95017254121527,1.474326963414406,0.11969449959500564,0.0,0.0,0.0,0.0,0.0,147,47.48288979399724,1.225,38.9687074829932
21713931,66,0.0,0.0,160.78703808252962,160.78703808252962,13.375726491357307,1.0579054247036734,0.1970715219485319,0.0,0.0,0.0,0.0,0.0,13,1.865822043727271,0.10833333333333334,17.53846153846154
21713931,67,0.0,0.0,30.26182256669523,36.746498830987065,24.059362134541654,1.315129459195298,0.17579223956469686,0.0,0.0,0.0,0.0,0.0,109,46.262910864488894,0.9083333333333333,51.18899082568808
21713931,68,0.0,0.0,29.591023093662123,29.591023093662123,27.491566201771537,1.454096933228125,0.1261966461060839,0.0,0.0,0.0,0.0,0.0,147,47.31164568283736,1.225,38.90680272108843
21713931,69,0.0,0.0,169.87656051929773,56.62552017309924,11.908715295950273,0.9596147939120492,0.14911576366681323,0.0,0.0,0.0,0.0,0.0,12,1.7659881921492073,0.1,19.55
21713931,70,0.0,0.0,25.939647612344185,28.101284913372865,22.152148371413908,1.2213833844220352,0.15688393854939423,0.0,0.0,0.0,0.0,0.0,108,46.2612298337061,0.9,51.68055555555555
21713931,71,0.0,0.0,25.62861617213906,23.492898157794144,22.019574087690387,1.433794547288947,0.11685991415543642,0.0,0.0,0.0,0.0,0.0,127,46.82266072970897,1.0583333333333333,44.80944881889765
21713931,72,0.0,0.0,260.9694629616713,130.48473148083565,11.779276758220156,1.0123308391031733,0.17452754325143602,0.0,0.0,0.0,0.0,0.0,13,1.5327463813601372,0.10833333333333334,13.469230769230766
21713931,73,0.0,0.0,15.974357959626653,15.974357959626653,22.287544702356602,0.994739093170065,0.10812202904925154,0.0,0.0,0.0,0.0546218487394958,0.01680672268907563,238,112.68058500687741,1.9833333333333334,57.06428571428571
21713931,76,0.0,0.0,10.739860603458148,8.949883836215124,21.543971159017435,0.9843871487050752,0.0829056282876707,0.0,0.0,0.0,0.05485232067510549,0.016877637130801686,237,111.7332937834975,1.975,56.98523206751055
21713931,78,0.0,0.0,9.758911211253874,14.194779943642,21.409464513193143,0.8970217594322726,0.1024087873089187,0.0,0.0,0.0,0.05172413793103448,0.017241379310344827,232,112.71749237061317,1.9333333333333333,58.54870689655172
21713931,79,0.0,0.0,15.891623927434424,15.891623927434424,29.0613798990365,1.2853641614481366,0.08941909406991906,0.0,0.0,0.0,0.042483660130718956,0.016339869281045753,306,113.26721600129106,2.55,44.53366013071895
21713931,80,0.0,0.0,84.24014605470343,84.24014605470343,24.074758613676796,1.5904715542153218,0.17316756461062402,0.0,0.0,0.0,0.0,0.0,51,13.057907084891422,0.425,31.382352941176467
21713931,81,0.004081632653061225,0.29999999999999716,17.241607571224122,20.871419691481837,29.012679719502916,1.1736004555113644,0.12987801492105255,0.0,0.0,0.0,0.04897959183673469,0.012244897959183673,245,110.19854106707889,2.0416666666666665,53.8869387755102
21713931,82,0.0,0.0,15.86786321296971,18.890313348773464,25.53835926069886,1.0849322341989216,0.1243107811670473,0.0,0.0,0.0,0.0,0.01384083044982699,289,132.3429608520667,2.408333333333333,54.86020761245674
21713931,83,0.0,0.0,14.483814043136576,19.819956059028996,23.706220415426262,0.9378557560535552,0.1378928878581737,0.0,0.0,0.0,0.0,0.015748031496062992,254,131.18091645897306,2.1166666666666667,62.09409448818897
21713931,84,0.0,0.0,12.201839008433195,12.201839008433195,23.28463225163633,1.0040436680189915,0.10335453213766807,0.0,0.2433234421364985,0.0,0.0,0.01483679525222552,337,155.71423280432003,2.808333333333333,55.23768545994065
21713931,85,0.0,0.0,17.536687600787136,22.5471697724406,27.697179567428062,1.1633842442024056,0.11785199432367359,0.0,0.0,0.0,0.0,0.0,181,79.83263612092634,1.5083333333333333,53.21823204419889
21713931,86,0.0,0.0,191.48147599922004,255.30863466562673,17.00110086304871,1.286057336874379,0.24703835581856887,0.0,0.0,0.0,0.0,0.0,12,1.5667311860559399,0.1,19.041666666666668
21713931,87,0.0,0.0,14.18752941284984,15.96097058945607,26.89806125831847,1.0055001860091406,0.12339684164120905,0.0,0.0,0.0,0.05042016806722689,0.01680672268907563,238,112.7750965965123,1.9833333333333334,56.95882352941177
21713931,88,0.0,0.0,10.53938222431377,19.573138416582715,25.91743328203725,1.1832418507313363,0.10771351885479706,0.0,0.0,0.0,0.0,0.013201320132013201,303,132.8351102752757,2.525,52.3957095709571
21713931,89,0.0,0.0,89.55224420640403,70.0843650310988,20.225198804132102,1.3905969119932302,0.1859607656530553,0.0,0.0,0.0,0.0,0.0,105,25.683331784503995,0.875,28.8
21713931,90,0.0,0.0,98.67538446771647,98.67538446771647,15.200036915159851,1.2608734572626528,0.17342265491632253,0.0,0.0,0.0,0.0,0.0,30,7.0939677993250525,0.25,28.143333333333334
21713931,91,0.0,0.0,14.932144187516167,24.88690697919361,23.629324169732275,1.2673367977025305,0.11118715442480467,0.0,0.0,0.0,0.0,0.0,99,40.18177111507017,0.825,49.12222222222223
21713931,92,0.0,0.0,195.42190586346038,195.42190586346038,13.8206303215594,1.2047933096947843,0.1794779369483022,0.0,0.0,0.0,0.0,0.0,13,1.5351400789715328,0.10833333333333334,13.469230769230771
21713931,93,0.0,0.0,13.430384147411885,15.668781505313866,21.10116186709143,0.9109604838893146,0.1229487977757424,0.0,0.0,0.0,0.046762589928057555,0.014388489208633094,278,134.0244612695513,2.316666666666667,57.86258992805755
21713931,94,0.0,0.0,11.48168145602351,11.48168145602351,20.456934883391416,1.287923735918879,0.0854993339350343,0.0,0.0,0.0,0.05204460966542751,0.01486988847583643,269,113.22383441651701,2.2416666666666667,50.39516728624535
21713931,95,0.0,0.0,133.56166691122448,133.56166691122448,13.26092270567615,0.9110175397125628,0.16184033645071208,0.0,0.0,0.0,0.0,0.0,13,1.4974356387221164,0.10833333333333334,13.684615384615388
21713931,96,0.0,0.0,11.562572179020734,10.673143549865294,17.67082177167499,0.8935670046678466,0.09767400997962476,0.0,0.0,0.0,0.061946902654867256,0.022123893805309734,226,112.43173057624108,1.8833333333333333,60.27743362831859
21713931,97,0.0,0.0,8.912285664630074,10.694742797556088,23.164162439353486,1.1288201281939263,0.09466024368148691,0.0,0.0,0.0,0.047619047619047616,0.01984126984126984,252,112.20466192737409,2.1,53.54444444444444
21713931,98,0.0,0.0,154.87856992299362,206.50475989732487,11.9362588360005,1.0670938948757507,0.16072991301643763,0.0,0.0,0.0,0.0,0.0,20,1.9370013562829347,0.16666666666666666,11.114999999999998
21713931,99,0.0,0.0,34.030697375055496,34.030697375055496,28.601896012858308,1.4465319384846023,0.15630355680648947,0.0,0.0,0.0,0.0,0.0,126,47.01637413909714,1.05,44.86984126984127
21713931,100,0.0,0.0,41.3817088857095,41.3817088857095,25.21803840153642,1.5088558053100278,0.15483666047006797,0.0,0.0,0.0,0.0,0.0,126,45.9140052733814,1.05,43.707936507936516
21713931,101,0.0,0.0,13.781056204370415,11.275409621757614,21.05357678688362,1.006104731360909,0.10084717245625832,0.0,0.0,0.0,0.0,0.0,174,79.81971655054673,1.45,55.42413793103448
21713931,102,0.0,0.0,16.781441520266387,13.248506463368201,27.0681788050605,1.2681003319752597,0.10889569584746632,0.0,0.0,0.0,0.043478260869565216,0.010869565217391304,276,113.22030933429843,2.3,49.4340579710145
21713931,104,0.0035971223021582736,1.5999999999999943,11.521075056938521,13.293548142621372,28.15623310305727,1.176498156783288,0.09441281412102362,0.0,0.0,0.0,0.04316546762589928,0.014388489208633094,278,112.83669219888296,2.316666666666667,48.807913669064746
21713931,105,0.0,0.0,211.63601496599262,211.63601496599262,16.807377311727294,1.223575654138956,0.23800859436631022,0.0,0.0,0.0,0.0,0.0,18,1.8900374780931084,0.15,13.861111111111109
21713931,107,0.0,0.0,10.675488213160046,11.565112230923383,19.32697129013611,0.8345904628574184,0.10196484822833321,0.0,0.0,0.0,0.05752212389380531,0.017699115044247787,226,112.40703713397559,1.8833333333333333,59.974336283185835
21713931,109,0.0,0.0,15.926959170497392,12.387634910386861,27.012665488826244,1.1910629998991824,0.09230001725558423,0.0,0.0,0.0,0.04642857142857143,0.017857142857142856,280,113.01592355019433,2.3333333333333335,48.356785714285714
21713931,110,0.0,0.0,131.10739377974616,131.10739377974616,10.733953208361305,1.0123308391031733,0.13275386506013112,0.0,0.0,0.0,0.0,0.0,13,1.5254669796578364,0.10833333333333334,13.238461538461536
21713931,111,0.0,0.0,107.9147402453886,269.78685061347153,12.996284024193223,1.094780226007948,0.16761657031256502,0.0,0.0,0.0,0.0,0.0,16,1.8533149368215835,0.13333333333333333,15.33125
21713931,112,0.0,0.0,20.31462908261685,15.898405369004493,25.832770567841795,1.0046189010919815,0.13500130594949314,0.0,0.0,0.0,0.05128205128205128,0.017094017094017096,234,113.21890203587823,1.95,57.986324786324786
21713931,113,0.0,0.0,18.09082162137794,23.36731126094651,26.26716542036839,1.2803854432679078,0.12800467159629458,0.0,0.0,0.0,0.0,0.012944983818770227,309,132.66395801304665,2.575,51.41974110032363
21713931,114,0.0,0.0,15.213622883059838,16.734985171365825,22.80039389051639,1.0195454797428547,0.11655598550696507,0.0,0.0,0.0,0.0,0.014492753623188406,276,131.46112634532125,2.3,57.639130434782615
21713931,116,0.0,0.0,73.27603294516756,73.27603294516756,12.861477364595409,1.0888999753452238,0.15817568499963222,0.0,1.0,0.0,0.0,0.0,10,1.3647026999241345,0.08333333333333333,16.28
21713931,117,0.0,0.0,9.08105441279898,9.08105441279898,23.489788228221887,0.9118861264959275,0.09444685091951487,0.0,0.13087248322147652,0.0,0.0,0.013422818791946308,298,154.16711940706114,2.4833333333333334,62.050000000000004
21713931,118,0.0,0.0,12.584470717310634,17.618259004234886,22.183498375460164,0.9563348061447313,0.12687085097485098,0.0,0.0,0.0,0.0,0.0,159,79.46301616201029,1.325,60.496855345911946
21713931,119,0.0,0.0,228.6912433463143,228.6912433463143,15.499341494942922,1.2945451658448959,0.27409980882910084,0.0,0.0,0.0,0.0,0.0,11,1.7490831487337164,0.09166666666666666,19.263636363636362
21713931,120,0.0,0.0,38.52918581351575,34.24816516756956,28.37016883551556,1.3553281658019833,0.1670041014011271,0.0,0.0,0.0,0.0,0.0,113,46.71783122311848,0.9416666666666667,49.73362831858407
21713931,121,0.009523809523809525,0.5999999999999943,25.532329616228484,37.137933987241425,25.026754917048365,1.453732449989876,0.1567997400153282,0.0,0.0,0.0,0.0,0.0,105,43.082633529093805,0.875,48.95619047619047
21713931,122,0.0,0.0,39.96118549787936,39.96118549787936,28.414343978877994,1.5023316478964808,0.1526248182103581,0.0,0.0,0.0,0.0,0.0,80,25.02428262677711,0.6666666666666666,37.74250000000001
21713931,123,0.0,0.0,19.304457466141656,21.336505620472355,24.782159065116907,1.2311195507353632,0.12400464826896183,0.0,0.0,0.0,0.0,0.01694915254237288,236,98.42286442560923,1.9666666666666666,50.14237288135593
21713931,126,0.0,0.0,9.90105476019338,10.801150647483688,22.497961096445263,0.9558203933767325,0.08931084430236784,0.0,0.05652173913043478,0.0,0.05652173913043478,0.017391304347826087,230,111.09927443513257,1.9166666666666667,58.13173913043478
21713931,127,0.0,0.0,50.017512953482054,52.10157599321048,30.767118927126774,1.4957875318465517,0.175943909034982,0.0,0.0,0.0,0.0,0.0,155,47.983193451303336,1.2916666666666667,37.508387096774186
21713931,128,0.0,0.0,47.205694516737026,58.535061200753916,29.3696084078041,1.5082958527145887,0.16224829643136493,0.0,0.0,0.0,0.0,0.0,185,52.95971228881321,1.5416666666666667,34.61783783783784
21713931,129,0.0,0.0,22.051225820903074,29.401634427870764,29.958271776581274,1.3918201325671022,0.12564607364906516,0.0,0.0,0.0,0.0,0.0,144,54.41874341799543,1.2,45.79722222222222
21713931,130,0.0,0.0,11.551178155112856,11.551178155112856,17.863943742391065,0.9382895145192696,0.09411808325992312,0.0,0.0,0.0,0.05508474576271186,0.01694915254237288,236,112.54263266856339,1.9666666666666666,57.69194915254237
21713931,132,0.0,0.0,14.124418095515118,9.710537440666643,28.787626520188738,1.2248984205828706,0.08274597890374287,0.0,0.1482758620689655,0.0,0.04482758620689655,0.017241379310344827,290,113.27900301309,2.4166666666666665,47.00275862068966
21713931,133,0.0,0.0,235.82022251675454,235.82022251675454,14.21258245358668,0.9470571522825083,0.2028999557935943,0.0,0.0,0.0,0.0,0.0,16,1.6962073724257505,0.13333333333333333,11.350000000000001
21713931,134,0.0,0.0,10.653471859790937,11.541261181440182,21.865767243036636,0.9042651824962535,0.1056558695018109,0.0,0.0,0.0,0.05652173913043478,0.017391304347826087,230,112.63933633965112,1.9166666666666667,59.15521739130435
21713931,135,0.0,0.0,26.351458213888662,31.62174985666639,27.623862886248578,1.4523541087820295,0.13350543108210397,0.0,0.0,0.0,0.0,0.010638297872340425,376,132.81997419616454,3.1333333333333333,42.138829787234044
21713931,136,0.0,0.0,59.33213956051189,63.28761553121268,23.45690776474292,1.3053329437130192,0.2160308309123955,0.0,0.0,0.0,0.0,0.0,95,25.28140753242472,0.7916666666666666,31.702105263157897
21713931,137,0.0,0.0,36.28920175860576,30.845821494814903,27.89975431797671,1.4988821050368641,0.13185060493645548,0.0,0.029411764705882353,0.0,0.0,0.0,170,55.112813263403126,1.4166666666666667,38.37823529411765
21713931,138,0.0,0.0,17.553404657605352,17.553404657605352,23.5927115455722,1.009574483173157,0.12066773688556028,0.0,0.0,0.0,0.0,0.0,164,79.75660718295029,1.3666666666666667,58.5390243902439
21713931,139,0.0,0.0,169.09993101739445,225.4665746898593,15.359273709680707,1.1369165918330006,0.220565325114556,0.0,0.0,0.0,0.0,0.0,15,1.7740988904906205,0.125,13.293333333333333
21713931,140,0.0,0.0,19.16848140763564,22.653659845387573,24.36325505644133,0.9757512143844731,0.15305843587242027,0.0,0.0,0.0,0.05263157894736842,0.013157894736842105,228,114.77174186180677,1.9,60.59780701754386
21713931,141,0.0,0.0,19.15758444660158,20.89918303265627,22.02206271517268,1.1597758924658197,0.11941399908628327,0.0,0.0,0.0,0.05138339920948617,0.015810276679841896,253,114.83702478943081,2.1083333333333334,54.909881422924904
21713931,142,0.0,0.0,170.9620601985908,113.97470679906053,14.06585277491963,1.2720898688202853,0.1603962657954628,0.0,0.0,0.0,0.0,0.0,14,1.7547752972297934,0.11666666666666667,15.55
21713931,143,0.0,0.0,15.946571837108142,12.402889206639665,19.857003982473895,0.8681874914255894,0.10890329683639002,0.0,0.0,0.0,0.0547945205479452,0.0182648401826484,219,112.87692542238747,1.825,62.06255707762558
21713931,144,0.0,0.0,0.0,0.0,6.762788767162757,0.7393213302245918,0.05578522040193032,0.0,0.0,0.0,0.0,0.0,23,1.0493992597997486,0.19166666666666668,4.334782608695653
21713931,145,0.0,0.0,19.707177646617605,19.707177646617605,27.292586755615485,1.224256211962035,0.1098264711685704,0.0,0.0,0.0,0.04659498207885305,0.017921146953405017,279,111.6344531647124,2.325,47.54802867383513
21713931,146,0.0,0.0,225.90245624295883,282.3780703036985,14.25076752318976,1.18030455699462,0.19519640754160095,0.0,0.0,0.0,0.0,0.0,16,1.7706757449764012,0.13333333333333333,12.175
21713931,147,0.0,0.0,12.408493820536503,14.18113579489886,18.060330587731176,0.8497466836305632,0.11563838668058425,0.0,0.0,0.0,0.06060606060606061,0.017316017316017316,231,112.82594166932248,1.925,58.599567099567096
267858,0,0.0,0.0,0.0,0.0,4.1306331448719575,0.4293230219306162,0.04421832316368693,0.0,0.0,0.0,0.0,0.0,13,1.6326565593358333,0.10833333333333334,16.369230769230768
267858,2,0.0,0.0,38.784118292362905,36.36011089909022,13.629463122285276,1.2641594457173313,0.10166783546982584,0.0,0.11827956989247312,0.03225806451612903,0.0,0.0,186,41.253999586605545,1.55,26.46129032258064
267858,3,0.0,0.0,61.46403283207491,52.24442790726367,19.138299617387588,1.2390488943571376,0.13308078393190445,0.0,0.0,0.02857142857142857,0.0,0.0,140,32.53935525942748,1.1666666666666667,27.98142857142857
267858,6,0.0,0.0,50.4815269263358,56.42053009414002,16.014066816396138,1.2195908615357967,0.1514252136735386,0.0,0.0,0.04,0.0,0.0,125,33.675685018020395,1.0416666666666667,32.268
267858,7,0.0,0.0,41.66902162652397,38.69266293891511,15.556873236521742,1.1327020840752948,0.14084685095860908,0.0,0.0,0.04132231404958678,0.0,0.0,121,33.598101067696895,1.0083333333333333,33.429752066115704
267858,10,0.0,0.0,62.325764118955384,65.29365764842944,18.662349535696404,1.227196255525595,0.16344900263862222,0.0,0.0,0.03225806451612903,0.0,0.0,124,33.693931068248524,1.0333333333333334,32.204032258064515
267858,1000,0.0,0.0,50.41517330098595,53.38077173045571,16.79166394632153,1.259875229304551,0.1405705458671995,0.0,0.0,0.04054054054054054,0.0,0.0,148,33.72000706713337,1.2333333333333334,26.94054054054054
267858,1002,0.0,0.0,50.430254142478816,56.36322521806455,19.103268574833326,1.277401663679631,0.14676651838022664,0.0,0.0,0.03676470588235294,0.0,0.0,136,33.70992331700432,1.1333333333333333,29.820588235294117
267858,2000,0.0,0.0,41.64284832540089,50.56631582370108,18.218681028078183,1.2698394802937951,0.12750586663469468,0.0,0.0,0.03496503496503497,0.0,0.0,143,33.61921809623291,1.1916666666666667,27.977622377622378
267858,2001,0.0,0.0,56.25751658491761,56.25751658491761,17.577936505379522,1.2413386779398066,0.13441041571593793,0.0,0.0,0.040983606557377046,0.0,0.0,122,33.77326471800537,1.0166666666666666,33.39918032786885
267858,2002,0.0,0.0,69.32436182099701,55.459489456797606,16.952803049390088,1.2331921987602918,0.15875979957256134,0.0,0.0,0.024390243902439025,0.0,0.0,164,43.27483039434714,1.3666666666666667,31.168292682926833
267858,4000,0.0,0.0,29.652671464483944,37.06583933060493,10.322249866498533,1.1703697541257125,0.07475316747525625,0.0,0.0,0.0,0.0,0.0,183,26.97901944376878,1.525,17.810928961748633
267858,4002,0.0,0.0,47.48334691582088,59.35418364477609,17.016373161033922,1.2056580904886955,0.16290115708576508,0.0,0.0,0.041666666666666664,0.0,0.0,120,33.69602405737114,1.0,33.306666666666665
267858,4005,0.0,0.0,50.71078238085946,53.693769579733555,18.409164184928052,1.1576312302300713,0.17822880403812302,0.0,0.0,0.03278688524590164,0.0,0.0,122,33.52344255374093,1.0166666666666666,32.77049180327869
267858,4007,0.0,0.0,47.54543608756144,59.4317951094518,16.625403938625038,1.1107299202284124,0.16387826262893163,0.0,0.0,0.044642857142857144,0.0,0.0,112,33.65202071242717,0.9333333333333333,36.19285714285714
267858,4008,0.0,0.0,15.654544546911902,15.654544546911902,23.820483920543985,1.2675333822831034,0.11168633123792998,0.0,0.0,0.0,0.04421768707482993,0.0,294,121.37050645621011,2.45,49.60748299319727
267858,4009,0.0,0.0,1.749180357886164,1.749180357886164,7.2509941013535055,0.2751355592748396,0.040638641865615756,0.0,0.08360128617363344,0.0,0.0,0.0,311,171.50890052443862,2.591666666666667,66.20546623794212
267858,5000,0.0,0.0,17.202233639811272,17.202233639811272,23.498698355916034,1.3240100632771035,0.10004931265915158,0.0,0.0,0.0,0.0,0.0,77,29.065992851233336,0.6416666666666667,45.0025974025974
267858,5001,0.0,0.0,103.97055171219472,121.29897699756052,16.384850308010513,1.2425803885768054,0.2254248107981362,0.0,0.0,0.0,0.0,0.0,27,5.770864827772439,0.225,28.70370370370371
267858,5003,0.0,0.0,25.977165862275935,22.730020129491447,26.1229160099857,1.493512803859662,0.10291610422807008,0.0,0.0,0.0,0.0,0.0,103,30.796277170550027,0.8583333333333333,36.760834538318534
267858,5004,0.0,0.0,3.2806039081136293,3.749261609272719,9.2823086128928,0.49191086725023897,0.05432340210559127,0.0,0.0,0.0,0.034482758620689655,0.0,406,213.37534783420563,3.3833333333333333,63.10172413793103
267858,5005,0.0,0.0,7.460451604746414,8.393008055339715,15.781299750714355,0.818701384535497,0.06925779641062603,0.0,0.0,0.0,0.0,0.0,219,107.23211440592041,1.825,58.92100456621003
267858,5006,0.0,0.0,0.0,0.0,6.294858179988874,0.6772604015958343,0.03504112809879576,0.0,1.0,0.0,0.0,0.0,90,4.159327874562607,0.75,5.117777777777778
267858,5007,0.0,0.0,0.0,0.0,5.370673682366966,0.5297061990576545,0.05676306890456783,0.0,0.0,0.0,0.0,0.0,36,3.015276500865466,0.3,9.555555555555557
267858,5008,0.0,0.0,58.16644680744554,58.16644680744554,5.907936748572508,0.5570934265416042,0.04979722450699483,0.0,0.0,0.0,0.0,0.0,53,1.7192042060097026,0.44166666666666665,3.4075471698113207
267858,6000,0.0,0.0,23.68202129258469,15.78801419505646,8.80908605789163,1.075378276879785,0.04920390193004628,0.0,0.0,0.0,0.0,0.0,119,12.66783760953445,0.9916666666666667,12.801680672268908
267858,7000,0.0,0.0,15.45555796041666,30.91111592083332,8.006230696317363,0.9447754716228618,0.055979238172452275,0.0,0.4576271186440678,0.0,0.0,0.0,59,6.470164341922221,0.49166666666666664,12.742372881355934
267858,7003,0.0,0.0,26.708216327624267,24.28019666147661,26.325392746022125,1.5528218131252913,0.09486184797588972,0.0,0.0,0.0,0.0,0.0,151,41.18582785561279,1.2583333333333333,32.62913907284768
267858,7004,0.0,0.0,18.819632050243463,16.131113185922967,21.036341506971546,1.2801327467428174,0.10462187759936022,0.0,0.0,0.0,0.0,0.0,176,74.39040233424164,1.4666666666666666,50.83295454545455
267858,7005,0.0,0.0,12.035785923322397,13.373095470358217,21.610435837458095,1.299520709020197,0.0974985413777067,0.0,0.0,0.0,0.0,0.0,182,74.77700299205398,1.5166666666666666,49.65494505494506
267858,7006,0.0,0.0,15.278075897707483,20.370767863609977,20.89198679503454,1.4181675682458048,0.09738095376852465,0.0,0.0,0.0,0.0,0.0,101,39.27196094699541,0.8416666666666667,46.520792079207915
267858,8000,0.0,0.0,21.147034019979092,21.147034019979092,5.951970819203758,0.7059182060870962,0.06216867893407099,0.0,1.0,0.0,0.0,0.0,28,4.728795532532977,0.23333333333333334,19.93928571428571
267858,8003,0.0,0.0,21.93784802625792,21.93784802625792,21.580629888734894,1.3497051998589777,0.11155324291257152,0.0,0.0,0.0,0.0,0.0,105,41.02499018694856,0.875,46.69428571428571
267858,8004,0.0,0.0,13.432915499110623,13.432915499110623,20.331436460998695,1.2255396305807829,0.09099947124579832,0.0,0.0,0.0,0.0,0.0,169,74.44400287236294,1.4083333333333334,53.03727810650888
267858,8005,0.0,0.0,15.991780978287828,14.65913256343051,25.045021781934842,1.417419231175565,0.08706618617130697,0.0,0.0,0.0,0.0,0.0,211,75.03854646516544,1.7583333333333333,42.749763033175356
267858,8006,0.0,0.0,15.273103988507577,17.818621319925505,19.608122695330934,1.3751247471268284,0.09840514208346111,0.0,0.0,0.0,0.0,0.0,98,39.28474529155808,0.8166666666666667,48.02244897959184
267858,9000,0.0,0.0,21.591878895509314,21.591878895509314,6.033269792389124,0.7119025417651227,0.06571488611497144,0.0,1.0,0.0,0.0,0.0,28,4.631370918850329,0.23333333333333334,19.59642857142857
267858,9003,0.0,0.0,14.626318085745202,17.064037766702736,22.46735489952871,1.4880910441957398,0.10439220457848204,0.0,0.0,0.0,0.0,0.0,113,41.02194390157285,0.9416666666666667,43.51327433628319
267858,9004,0.0,0.0,12.09320877584359,12.09320877584359,22.07686847403396,1.29245561603571,0.09377586945424894,0.0,0.0,0.0,0.0,0.0,172,74.42193521026171,1.4333333333333333,51.891279069767435
267858,9005,0.0,0.0,13.316206527213826,14.647827179935208,24.288149209963013,1.3967915338778165,0.08858431005986782,0.0,0.0,0.0,0.0,0.0,203,75.09646219111562,1.6916666666666667,44.64433497536945
267858,9006,0.0,0.0,20.4071701652938,20.4071701652938,22.401630833490675,1.4276823114191706,0.11091591650876542,0.0,0.0,0.0,0.0,0.0,100,39.20190763933303,0.8333333333333334,46.75599999999999
267858,10000,0.0,0.0,21.751464180648338,21.751464180648338,5.9307085218739735,0.7400661909751662,0.07599143031864453,0.0,1.0,0.0,0.0,0.0,28,4.597391659222977,0.23333333333333334,19.625
267858,11000,0.0,0.0,17.226500143581,34.453000287162,6.30611404061393,0.8880341216552645,0.07044046716213563,0.0,0.0,0.0,0.0,0.0,39,5.805009675007164,0.325,17.48974358974359
267858,11003,0.0,0.0,19.728958046005847,21.769884740420242,25.339524333021064,1.4512673794193751,0.11501820631268068,0.0,0.27586206896551724,0.0,0.0,0.0,406,146.9920506312349,3.3833333333333333,43.66477832512316
267858,12000,0.0,0.0,38.24877453363594,27.81729056991705,19.874494360135362,1.45249976576987,0.09721486175251293,0.0,0.5590551181102362,0.0,0.0,0.0,127,28.759091328080615,1.0583333333333333,26.943307086614173
267858,16000,0.0,0.0,45.94773079117919,22.973865395589595,14.44104933227411,1.2191760777852163,0.10890692604319344,0.0,1.0,0.0,0.0,0.0,38,8.705544171874315,0.31666666666666665,27.836842105263155
267858,16001,0.0,0.0,48.45310837359689,64.60414449812919,7.250912529756355,1.0161924330903498,0.08358177762183833,0.0,0.0,0.0,0.0,0.0,46,6.1915532371391935,0.38333333333333336,15.523913043478263
267858,16004,0.0,0.0,10.903696780981331,5.451848390490666,22.084105113154507,1.178887017708513,0.06626425380350612,0.0,0.0,0.0,0.0,0.0,213,91.71201474936835,1.775,51.56572769953052
267858,16005,0.0,0.0,1.8232307012519475,0.9116153506259738,6.998039570252697,0.22995328440211965,0.038745131249293116,0.0,0.0,0.0,0.0,0.0,398,219.39077689144565,3.316666666666667,66.05653266331659
267858,16006,0.0,0.0,0.9725828519964076,1.4588742779946116,19.336696261483983,0.7358105628235025,0.048489363988055895,0.0,0.41019417475728154,0.0,0.0,0.0,412,205.638007692057,3.433333333333333,59.87014563106796
267858,16007,0.0,0.0,3.7226030934128884,3.7226030934128884,11.718017806158505,0.5980182639858238,0.058448459426044444,0.0,0.0,0.0,0.0,0.0,154,80.58876879215171,1.2833333333333334,62.811688311688314
267858,16008,0.0,0.0,4.428443550221798,3.6903696251848315,27.251886099785825,1.0090287952506085,0.05475577934845726,0.0,0.0,0.0,0.0,0.0,305,135.4877832799628,2.5416666666666665,53.27606557377048
267858,16009,0.0,0.0,8.403550359109063,9.103846222368151,26.74957738979763,1.1189834285109987,0.07070269501088228,0.0,0.0,0.0,0.0,0.0,322,142.79678810983205,2.683333333333333,53.30403726708075
267858,16010,0.0,0.0,6.218930232374769,5.182441860312307,18.711420919842144,0.9102715015950618,0.1141920877915362,0.0,0.0,0.0,0.0,0.0,360,192.95923175870178,3.0,61.19222222222221
267858,16011,0.0,0.0,7.028429425596888,6.024368079083047,23.52567322839069,0.9588702233148331,0.09650008413631651,0.0,0.20902612826603326,0.0,0.0,0.0,421,199.19101626052185,3.5083333333333333,53.267088538739095
267858,16012,0.0,0.0,6.881107770830748,4.763843841344364,28.463275760370905,0.910031446125491,0.1557002394625403,0.0,0.0,0.0,0.0,0.0,342,188.92306926375207,2.85,52.00784344248705
267858,16013,0.0,0.0,1.6463826426026789,1.6463826426026789,7.2247194038016325,0.2285256088797309,0.04803025200560685,0.0,0.0,0.0,0.0,0.0,425,242.95688599319857,3.5416666666666665,68.88564705882352
267858,16014,0.0,0.0,3.454429895664447,5.18164484349667,16.026523203809464,0.46479285633340633,0.055231414920721686,0.0,0.0,0.0,0.0,0.0,316,173.69002067549332,2.6333333333333333,66.07784810126581
267858,16015,0.0,0.0,45.167537654078274,51.18987600795537,16.589391669745524,1.173737218005236,0.13218772244174082,0.0,0.0,0.0,0.0,0.0,120,33.209691692470685,1.0,33.45916666666666
267858,16017,0.0,0.0,57.78653059203484,21.669948972013067,12.884480714606331,1.2173072455273157,0.10757759527790521,0.0,0.0,0.0,0.0,0.0,71,13.844056595954733,0.5916666666666667,22.666197183098593
267858,17000,0.0,0.0,84.69138120395274,101.62965744474329,10.671204806833423,1.0085736830766527,0.09539290974000766,0.0,0.0,0.0,0.0,0.0,66,5.903788471649862,0.55,10.446969696969695
267858,17002,0.0,0.0,7.58716262037828,5.25265104487727,25.097369389394135,1.3304720561444308,0.07146020530443942,0.0,0.0,0.0,0.0,0.0,410,171.34205038763025,3.4166666666666665,49.1990243902439
267858,17003,0.0,0.0,7.5971404157575195,5.8095779649910435,26.82190726858918,1.0395657056646814,0.14431414329725273,0.0,0.1945080091533181,0.0,0.0,0.0,437,223.76840586939332,3.6416666666666666,50.6853065157172
267858,17004,0.0,0.0,18.490192132875684,13.867644099656761,26.357962496353615,1.397851804321453,0.178321702220053,0.0,0.0,0.0,0.0,0.0,350,151.43163358597997,2.9166666666666665,41.15957142857143
267858,17005,0.0,0.0,10.370788022592425,6.913858681728284,20.080226217988564,1.1105739543055337,0.12041874010865397,0.0,0.0,0.0,0.0,0.0,412,202.4918449229912,3.433333333333333,55.28155339805825
267858,17006,0.0,0.0,5.8824019647745525,4.902001637312127,11.353425483967476,0.6896913903924035,0.0813969642634,0.0,0.0,0.0,0.0,0.0,194,101.99914993789369,1.6166666666666667,62.81391752577319
267858,17007,0.0,0.0,3.4205341229662505,2.8504451024718755,16.206474348142173,0.70950217931843,0.04690545738645153,0.0,0.0,0.0,0.0,0.0,351,175.41120141777344,2.925,60.06239316239316
267858,17008,0.0,0.0,2.6048999218909388,1.9536749414182037,22.259761424281095,0.6335602257035071,0.04032798992113148,0.0,0.5857605177993528,0.0,0.0,0.0,309,153.55676302129626,2.575,59.69126213592232
267858,18000,0.0,0.0,1.2480731530257518,1.2480731530257518,9.384822180404308,0.2654178572436314,0.039132772198210215,0.0,0.0,0.0,0.0,0.0,298,160.24701718415486,2.4833333333333334,64.6296910748529
267858,18001,0.0,0.0,11.56488754978516,10.119276606062016,28.69271630393743,1.2745722777590651,0.0699869296279934,0.0,0.0,0.0,0.0,0.0,194,69.1749052082103,1.6166666666666667,42.69575463223667
267858,18002,0.0,0.0,12.496706512310908,11.108183566498585,21.864570612666228,0.9938965379626763,0.08225106986392365,0.0,0.0,0.0,0.0,0.0,159,72.01897548873225,1.325,54.218241851794936
267858,18003,0.0,0.0,10.459073573937259,11.40989844429519,23.39340814551476,1.2970524280021674,0.07587473030663965,0.0,0.0,0.0,0.0,0.0,268,105.17183880808206,2.2333333333333334,47.054394999749626
267858,21000,0.0,0.0,13.558867055930174,17.626527172709224,24.03479499185911,1.3670621866318649,0.1048724152555211,0.0,0.0,0.0,0.0,0.0,183,73.75247473664365,1.525,48.40710382513661
267858,21001,0.0,0.0,5.527357911756293,4.421886329405035,14.960555893378057,0.7273821009277228,0.07350555039506382,0.0,0.0,0.0,0.03888888888888889,0.0,360,180.9182643796364,3.0,60.37083333333333
380682,1000,0.0,0.0,97.63132739496196,94.26472989858395,18.07952569582734,1.2914965541018724,0.1495001736208523,0.0,0.0,0.0,0.0,0.0,164,29.703580575814726,1.3666666666666667,20.58422501966955
380682,1002,0.0,0.0,44.41527849859849,48.68597835423296,22.719693440451017,1.5080413874071685,0.12764439581231227,0.0,0.0,0.009569377990430622,0.0,0.0,418,117.07682977073046,3.4833333333333334,33.21447367832946
380682,2000,0.0,0.0,88.0616965667235,44.03084828336175,11.25905173142309,1.0382400185693472,0.08156244628470255,0.0,0.0,0.0,0.0,0.0,26,2.271134986009064,0.21666666666666667,9.846153846153847
380682,2001,0.0,0.0,59.4844093929359,66.71899972450919,22.33486810348036,1.5450276753777974,0.19675009464992038,0.0,0.0,0.006802721088435374,0.0,0.0,441,124.40234467350685,3.675,32.99407563544513
380682,3000,0.0,0.0,49.529972291350774,0.0,8.125183671393378,0.95866671337305,0.07869185856846975,0.0,0.0,0.0,0.0,0.0,28,4.037959052824369,0.23333333333333334,17.698809523809523
380682,3002,0.0,0.0,0.0,38.9225189203062,8.757443447966034,0.9656553698895363,0.054573318457919205,0.0,0.0,0.0,0.0,0.0,40,2.5692067927245366,0.3333333333333333,7.355621060437524
380682,3003,0.0,0.0,32.3627880289658,43.43426814413832,25.72009917158459,1.4653930540319224,0.16520020652522555,0.0,0.0,0.0,0.0,0.0,318,117.418808187937,2.65,43.7858084479274
380682,3004,0.0,0.0,9.2080943146316,12.277459086175465,18.191365876653474,0.8421716816846825,0.09704706358437679,0.0,0.0,0.0,0.0,0.0,64,32.580031193132115,0.5333333333333333,60.74092104653319
380682,3005,0.0,0.0,30.537331339449757,35.75102205594118,27.52694251846938,1.510633006549618,0.14234238169748026,0.0,0.059895833333333336,0.0,0.0,0.0,384,134.26189585543125,3.2,41.347997885030786
380682,4000,0.0,0.0,33.86409904587431,37.71229211926912,29.976948049577835,1.4591258170418635,0.15098286009289208,0.0,0.0,0.0,0.0,0.0,399,129.93111064432867,3.325,37.89130083272698
380682,4001,0.0030959752321981426,0.2666666666666657,13.495785829838544,11.996254070967595,31.61224791348779,1.237119480247674,0.0768892022433354,0.0,0.0,0.0,0.0,0.0,323,133.37496776366183,2.691666666666667,50.357031146865395
380682,4002,0.0,0.0,65.70241906462203,36.501343924790014,13.681418565261456,1.2128834550385663,0.09990681823516555,0.0,0.0,0.0,0.0,0.0,68,13.698125773950565,0.5666666666666667,23.29809265196624
380682,4003,0.0,0.0,20.63050874946612,19.837027643717423,25.776103104304926,1.474824667935882,0.08702664464616984,0.0,0.0,0.0,0.0,0.0,347,126.02694541244811,2.8916666666666666,43.14544701712544
380682,5003,0.0,0.0,7.417197449656494,7.417197449656494,19.610496080154505,1.038180212864008,0.07315520978730118,0.0,0.0,0.0,0.0,0.0,310,148.303993181541,2.5833333333333335,57.060096044589564
380682,5004,0.0,0.0,33.1011796965469,39.591607088026684,25.052808319959727,1.485624223071481,0.14932584228438447,0.0,0.0,0.0,0.0,0.0,407,154.07305862673013,3.3916666666666666,44.834236488800386
380682,5005,0.0,0.0,37.30551714024343,39.56645757298546,19.675891564560605,1.4070135127338834,0.14055494830748522,0.0,0.0,0.0,0.0,0.0,235,88.45876569929962,1.9583333333333333,44.37095811737233
380682,5006,0.0,0.0,3.6169925352690218,3.6169925352690218,16.041914805985247,1.214006620807599,0.0845974118314638,0.0,0.0,0.0,0.0,0.0,69,27.64727851244025,0.575,48.52077294685991
380682,6000,0.0,0.0,24.878767558938044,24.878767558938044,7.87580760470145,0.5488743844849944,0.09014518352051563,0.0,0.0,0.0,0.0,0.0,21,4.019491711681417,0.175,24.378955453149
380682,6001,0.0,0.0,51.68637242733679,38.76477932050259,12.19213080514304,1.0530503809576128,0.07426614471268372,0.0,0.0,0.0,0.0,0.0,70,7.738983821361026,0.5833333333333334,10.884470046082951
380682,6002,0.0,0.0,69.73537977229742,34.86768988614871,8.496071224263657,0.8376531486210812,0.05082500283480978,0.0,0.0,0.0,0.0,0.0,62,2.867984667941115,0.5166666666666667,5.180904708935855
380682,7000,0.0,0.0,65.79785183286026,78.95742219943232,14.399339209274165,1.2155953782678202,0.12658981708389383,0.0,0.0,0.0,0.0,0.0,77,15.198064559010232,0.6416666666666667,23.22041614299679
380682,9000,0.0,0.0,73.85587808354657,80.57004881841443,17.400157856843585,1.3294004548414797,0.1480170960703464,0.0,0.0,0.0,0.0,0.0,157,29.787744145582238,1.3083333333333333,21.82317649476063
380682,10000,0.0,0.0,48.20672802220597,48.20672802220597,23.42750234496506,1.5027591455905542,0.15837090984565055,0.0,0.0,0.028169014084507043,0.0,0.0,142,39.41358557097638,1.1833333333333333,32.54410088574637
380682,11000,0.0,0.0,62.20186506139527,79.16601007813942,22.400273390494917,1.532214563874394,0.21277200298924207,0.0,0.0,0.0,0.0,0.0,223,70.73742878380024,1.8583333333333334,36.99313370943633
380682,11002,0.0,0.0,68.05096070281996,73.03029929083118,23.299968646362764,1.5159317463750424,0.20108761562100178,0.0,0.0,0.006928406466512702,0.0,0.0,433,120.49793148122596,3.6083333333333334,32.663959270457894
380682,11003,0.0,0.0,96.48232590776298,93.5586190620732,19.40464598411993,1.340687759837264,0.1750043071236422,0.0,0.04678362573099415,0.0,0.0,0.0,171,34.20315554120033,1.425,23.33657735365481
380682,12000,0.0,0.0,71.134706508291,64.35997255512042,17.855339006359145,1.3525141162177097,0.12818604552102203,0.0,0.0,0.0,0.0,0.0,169,29.521454478134913,1.4083333333333334,20.405459057071962
380682,12001,0.0,0.0,57.919929663934234,56.216402320877336,22.892325348298648,1.5212505511822265,0.13698218431781628,0.0,0.0,0.006993006993006993,0.0,0.0,429,117.40345748786788,3.575,32.06365451382137
380682,12002,0.0,0.0,59.278464876571014,63.36663486805867,19.754680239594016,1.4663566602954277,0.14486018375790075,0.0,0.0,0.0,0.0,0.0,332,97.8432894994278,2.7666666666666666,34.267889578335584
380682,13000,0.0,0.0,40.21430564874479,90.48218770967578,17.33576802964039,1.182739199689503,0.1766094933330527,0.0,0.0,0.0,0.0,0.0,37,9.946709101329098,0.30833333333333335,31.89189189189189
380682,13002,0.0,0.0,34.99197971072414,34.99197971072414,24.446622928229697,1.4682237702004155,0.1000682448404435,0.0,0.0,0.01098901098901099,0.0,0.0,91,20.004584072888793,0.7583333333333333,26.173443834622923
380682,13003,0.0,0.0,70.27864000450784,70.27864000450784,20.005140413862673,1.3665294257165936,0.1306841922267492,0.0,0.0,0.08695652173913043,0.0,0.0,69,15.651981881400143,0.575,26.235893343650755
380682,13004,0.0,0.0,105.38433377199992,105.38433377199992,21.431912315673866,1.505965311765611,0.16042748781001498,0.0,0.0,0.0,0.0,0.0,75,15.182522323115087,0.625,24.253850451118524
380682,13006,0.0,0.0,56.273173566918814,51.859591326376155,21.838515590002253,1.3853323169390324,0.1476576165511914,0.0,0.0,0.012012012012012012,0.0,0.0,333,90.62932969179698,2.775,32.00533124893525
380682,13007,0.0,0.0,67.94239380740909,67.94239380740909,17.644836585083382,1.3031892826247078,0.1673707015110148,0.0,0.0,0.0,0.0,0.0,96,26.49303180430052,0.8,32.761738351254486
380682,14001,0.0,0.0,61.236303961259445,60.21569889523845,21.44455515114283,1.5458486541541256,0.15997769055019181,0.0,0.0,0.0,0.0,0.0,327,97.98109310770687,2.725,34.96845844119471
380682,14002,0.0,0.0,73.81519224308833,82.251214213727,20.390966011620048,1.5197387231703725,0.1673068213422791,0.0,0.0,0.016574585635359115,0.0,0.0,181,47.415713400485274,1.5083333333333333,30.43693675053996
380682,15000,0.0,0.0,71.02973523124483,87.9415769529698,18.363800463529923,1.2966986789638588,0.1446746798201958,0.0,0.0,0.0,0.0,0.0,168,29.56508275250115,1.4,20.326011264720943
380682,15001,0.0,0.0,68.882907388356,123.98923329904079,20.645303815385468,1.1447620172918287,0.10014769255815832,0.0,0.0,0.04918032786885246,0.0,0.0,61,7.2586947757742335,0.5083333333333333,13.897003349197956
380682,15002,0.0,0.0,55.646933611434804,61.12040249124807,21.18634320946649,1.4689407670082824,0.16384745092842104,0.0,0.0,0.01694915254237288,0.0,0.0,354,109.6196969736805,2.95,37.106110615020704
380682,15004,0.0,0.0,68.67034922105726,68.67034922105726,18.56560071009098,1.3457494348985652,0.11940227556598187,0.0,0.0,0.0,0.0,0.0,89,14.562325826841104,0.7416666666666667,19.26700287043865
380682,15005,0.0,0.0,30.651501648101775,25.446529670122224,23.088955413438313,1.499868101163332,0.10715824890969901,0.0,0.0,0.0,0.07172995780590717,0.0,474,172.91159372376868,3.95,43.34715764820734
380682,15006,0.0,0.0,9.341034241077509,4.670517120538754,26.580186382936102,1.5572276295788607,0.05915687300633064,0.0,0.0,0.0,0.0,0.0,81,21.410905349269928,0.675,32.32290482075711
380682,16000,0.0,0.0,46.0704405145798,36.19820326145556,19.961065658233498,1.320206353686208,0.11720405684136552,0.0,0.0,0.0,0.0,0.0,124,30.388248611535314,1.0333333333333334,28.462165786495206
380682,16001,0.0,0.0,49.70810082037313,45.18918256397558,14.659311540687918,1.2516419053928747,0.1019523309055381,0.0,0.0,0.0,0.0,0.0,98,22.129189847244355,0.8166666666666667,27.152280311457176
380682,16004,0.0,0.0,12.328496123097795,8.90391386668174,26.470261908834882,1.4663317247149232,0.07329300750844556,0.0,0.0,0.0,0.0,0.0,381,146.00320931501514,3.175,45.78738113798067
380682,16005,0.0,0.0,21.279097984553022,15.199355703252158,21.669401525243572,1.5350228687903225,0.09829114685461432,0.0,1.0,0.0,0.0,0.0,100,32.89613124147207,0.8333333333333334,39.060211716722286
380682,16006,0.0,0.0,32.90047830954062,34.216497441922236,24.929413012791017,1.565740889829847,0.09796341844543169,0.0,0.0,0.0,0.0,0.0,270,75.98673722852959,2.25,33.059992035045795
380682,16009,0.0,0.0,48.143163026618886,42.793922690327896,17.481844904408963,1.329425609172737,0.10024523906405484,0.0,0.0,0.024539877300613498,0.0,0.0,163,37.388486481554196,1.3583333333333334,26.74752337862337
380682,16010,0.0,0.0,42.668210750140965,42.668210750140965,13.828239822635354,1.1150222501588685,0.08997164071824527,0.0,0.0,0.0,0.0,0.0,109,18.74932147224751,0.9083333333333333,20.18348623853211
380682,17000,0.0,0.0,80.70298346186759,112.98417684661462,16.889611805661584,1.3829910789629123,0.15467996177969026,0.0,0.0,0.0,0.0,0.0,92,18.58667344942402,0.7666666666666667,23.344950911640957
380682,17002,0.0,0.0,0.0,0.0,4.1418702157614105,0.5167535908014582,0.020399706416581207,0.0,0.0,0.0,0.0,0.0,99,1.5038439314747503,0.825,2.2083788539981897
380682,17003,0.0,0.0,30.639968702335302,6.56570757907185,21.897702778929677,1.5412133748908292,0.0741585398724642,0.0,0.0,0.0,0.0,0.0,221,45.69195267791822,1.8416666666666666,24.258564485090684
380682,17004,0.0,0.0,32.35729398997197,30.200141057307178,22.79631724915905,1.5850602392134607,0.09409309250838242,0.0,0.0,0.0,0.0,0.0,202,46.357399369207855,1.6833333333333333,27.10922752453221
380682,19000,0.0,0.0,56.03010408224589,56.03010408224589,9.478187819602617,1.071018542409915,0.07856144420793394,0.0,0.0,0.0,0.0,0.0,21,1.7847548498787589,0.175,9.56031746031746
380682,19001,0.0,0.0,53.17973651634029,68.37394694958037,16.70266999738925,1.2907623907926191,0.09750318817125268,0.0,0.0,0.0,0.0,0.0,87,13.162908390584338,0.725,17.529860338647882
380682,19002,0.0,0.0,0.0,0.0,5.201044287256601,0.6138600648777941,0.0285521532093927,0.0,0.0,0.0,0.0,0.0,56,1.490757505773407,0.4666666666666667,3.357142857142857
380682,20000,0.0,0.0,0.0,97.02502350301089,7.460776597044178,0.9021825489048646,0.06554573241770034,0.0,0.0,0.0,0.0,0.0,23,1.0306619507997006,0.19166666666666668,5.733193080878916
380682,20001,0.0,0.0,78.43462796942887,83.0484296146894,19.92360622659417,1.1101755625444487,0.12606823902186606,0.0,0.0,0.0,0.0,0.0,181,21.674100381563633,1.5083333333333333,13.95175548030654
380682,21000,0.0,0.0,8.65597642538944,7.213313687824534,21.522162393908136,1.14065174803042,0.08293582821424314,0.0,0.38380281690140844,0.02464788732394366,0.0,0.0,284,138.6325402273737,2.3666666666666667,57.85851506890808
380682,22000,0.0,0.0,4.591483644302238,2.754890186581343,24.40329204010192,0.9736726774048085,0.04923111931065075,0.0,0.0,0.0,0.05982905982905983,0.0,234,108.89726257012168,1.95,55.881286370797774
380682,22001,0.0,0.0,14.118635052448274,12.000839794581033,26.409907266751688,1.3736299582627152,0.07236862712520176,0.0,0.0,0.0,0.0,0.0,353,141.65675311886366,2.941666666666667,47.779516780036374
380682,24000,0.0,0.0,39.85342134056621,39.85342134056621,25.310869202898196,1.422678370528609,0.1590853688645303,0.0,0.0,0.0,0.0,0.0,100,35.128728046617184,0.8333333333333334,41.770709677419354
380682,24001,0.0,0.0,41.12723628001954,46.26814081502199,25.846242035330405,1.522306251324396,0.19209585101595558,0.0,0.0,0.0,0.0,0.0,107,38.9036595871946,0.8916666666666667,42.81299366897799
380682,24003,0.0,0.0,17.949885548398342,16.212799850166242,27.689882383388774,1.371974008739151,0.10368660958697366,0.0,0.0,0.0,0.0,0.0,416,172.70305103848483,3.466666666666667,49.29401689998145
380682,24004,0.0,0.0,5.5812564999127865,5.5812564999127865,21.465138674924024,0.8047351571729678,0.08192595066320951,0.0,0.0,0.0,0.041379310344827586,0.0,290,161.25401153200244,2.4166666666666665,66.15809193747693
380682,24005,0.0,0.0,82.32968954288718,13.72161492381453,12.519707232576026,1.18856487378187,0.11974593885659073,0.0,0.0,0.0,0.0,0.0,30,7.287771924458042,0.25,27.90006303299963
380682,25000,0.0,0.0,37.24282863806197,34.58262659248611,28.48264583336745,1.3282057273716044,0.12162749023557975,0.0,0.0,0.19889502762430938,0.0,0.0,181,37.59112965359478,1.5083333333333333,24.438489871086556
380682,25003,0.0,0.0,47.77831725269805,57.163343855906604,22.40232530313319,1.4680557811605297,0.19433309695714315,0.0,0.0,0.012012012012012012,0.0,0.0,333,117.20797889096369,2.775,41.426402152987244
380682,26001,0.0,0.0,73.37679190608716,78.51316733951327,25.250396657663437,1.5600228691759128,0.22926939859090925,0.0,0.0,0.008733624454148471,0.0,0.0,458,136.28287282985485,3.816666666666667,35.19126168004883
380682,26002,0.0,0.0,113.00754254681402,91.81862831928639,20.742466439717386,1.4787219515774617,0.20431743498486957,0.0,0.0,0.0,0.0,0.0,60,14.158346991194778,0.5,27.274265850945493
38756601,0,0.0,0.0,96.8514786879159,0.0,12.98300314487069,1.0821955300387671,0.08218137045083243,0.0,1.0,0.0,0.0,0.0,16,2.0650175166086946,0.13333333333333333,15.506249999999998
38756601,1001,0.0,0.0,62.773238624747975,74.26693020392719,20.717637217789132,1.2650019474007668,0.17653847210291532,0.0,0.0,0.0,0.0,0.0,431,113.10552323806449,3.591666666666667,31.20245343580055
38756601,1002,0.0,0.0,50.70359387579708,55.94879324225885,18.883898434509202,0.9858271740653903,0.19311108278467143,0.0,0.0,0.00558659217877095,0.0,0.0,358,114.39031351914838,2.9833333333333334,38.12584540692083
38756601,1003,0.0,0.0,59.30760978812645,61.16097259400539,20.17208780738287,1.2537093764349205,0.15352461999906805,0.0,0.0,0.016597510373443983,0.0,0.0,241,53.95597650001146,2.0083333333333333,26.692959889349932
38756601,2001,0.0,0.0,35.23918584605089,30.20501643947219,16.160738046965054,1.3085278690476396,0.11187952451038333,0.0,0.0,0.0,0.0,0.0,88,19.864250072577832,0.7333333333333333,26.974431818181817
38756601,2002,0.0,0.0,59.26601169903384,43.1025539629337,17.353238463070856,1.2917336468655936,0.09281811348041975,0.0,0.0,0.0,0.0,0.0,120,18.560385091982365,1.0,18.228826388888887
38756601,2004,0.0,0.0,33.23141304861249,16.615706524306244,9.023614211154344,1.0055056666959468,0.06369822113562296,0.0,0.0,0.0,0.0,0.0,73,6.018401917108687,0.6083333333333333,8.954977168949773
38756601,2006,0.0,0.0,65.41884512314208,45.28996970063682,15.432996719083802,1.250919961121506,0.11908900864447806,0.0,0.0,0.0,0.0,0.0,86,19.871949704292806,0.7166666666666667,27.462348951208384
38756601,2007,0.0,0.0,48.919581289593104,43.484072257416095,18.090311465819703,1.3172051154978117,0.10352464838793861,0.0,0.0,0.0,0.0,0.0,111,18.397540949342943,0.925,19.78661733834148
38756601,2009,0.0,0.0,32.49860496161699,64.99720992323398,9.473280395696657,1.0902671602225884,0.07911843179611391,0.0,0.0,0.0,0.0,0.0,57,6.154110314464676,0.475,12.632222222222223
38756601,3001,0.0,0.0,70.03028261046609,65.02811956686136,17.44783545969361,1.3758186021087633,0.13239838166469653,0.0,0.0,0.0,0.0,0.0,100,19.99135156696867,0.8333333333333334,23.088775000000002
38756601,3002,0.0,0.0,54.79425802949724,57.92535848832565,17.56096847592298,1.1814684415425525,0.1537718548433739,0.0,0.0,0.015590200445434299,0.0,0.0,449,127.75061204828633,3.7416666666666667,33.94828528561268
38756601,3003,0.0,0.0,30.508403131134692,31.18636764515991,19.905044989703384,1.4099211194851728,0.1296800956763302,0.0,0.3586698337292161,0.0,0.0,0.0,421,147.50034541819798,3.5083333333333333,42.039500056554694
38756601,4000,0.0,0.0,99.15928157917661,99.15928157917661,10.103078448463245,1.0114042647073518,0.13140503746521312,0.0,1.0,0.0,0.0,0.0,12,2.0169569284374473,0.1,19.08722222222222
38756601,5001,0.0,0.0,30.583273134569218,34.40618227639037,21.86237429110626,1.4351001978342897,0.14152565140200166,0.0,0.0,0.006607929515418502,0.0,0.0,454,156.94853781279585,3.783333333333333,41.57014832613952
38756601,5002,0.0,0.0,55.89468517882911,61.914112813472244,20.144493913060106,1.1584031278636573,0.17054955792764212,0.0,0.0,0.009259259259259259,0.0,0.0,432,116.2901263188788,3.6,32.19912910168941
38756601,5003,0.0,0.0,79.81502532458175,85.95464265724189,16.89211349016673,1.1511231426902786,0.12743032539137344,0.0,0.0,0.0,0.0,0.0,123,16.287660057906674,1.025,15.304146341463415
38756601,5005,0.0,0.0,21.219694509892904,22.398566427109177,19.703037183575674,1.402031447551825,0.10874617385122938,0.0,0.6291666666666667,0.0,0.0,0.0,240,84.82685738764128,2.0,41.94887103174604
38756601,6000,0.0,0.0,29.544472719687153,36.930590899608944,16.544915078489844,0.9548499942281465,0.1387655044251827,0.0,0.0,0.0,0.0,0.0,419,135.38911450379595,3.4916666666666667,38.7105283711707
38756601,6001,0.0,0.0,39.66696725368226,28.560216422651223,17.89155517664378,1.0549158256103826,0.1399015989723621,0.0,0.0,0.0,0.0,0.0,200,63.024732493708015,1.6666666666666667,38.10583333333333
38756601,6002,0.0,0.0,30.675497169052086,25.562914307543398,17.489001660512148,1.076650629396448,0.12724247567748995,0.0,0.0,0.0,0.0,0.0,124,39.11917037193636,1.0333333333333334,37.735967741935475
38756601,6003,0.0,0.0,38.55272957557664,42.40800253313431,13.608044149804432,1.100656386605344,0.08704752072289923,0.0,0.0,0.0,0.0,0.0,186,25.93850062003146,1.55,15.750239350703058
38756601,6004,0.0,0.0,14.268192531963454,19.975469544748833,14.377804151547757,0.8598914750794278,0.09333092388611162,0.0,0.0,0.0,0.0,0.0,201,70.08596202776285,1.675,42.0907785690285
38756601,6005,0.0,0.0,22.287789362700604,22.287789362700604,15.553165218684073,0.9463328581954533,0.11304143291535294,0.0,0.10084033613445378,0.0,0.0,0.0,238,80.76171085017356,1.9833333333333334,40.43123115913032
38756601,7000,0.0,0.0,56.41879436411305,51.905290814984006,18.343434022108678,1.2806380173070908,0.13991376345663317,0.0,0.0,0.0,0.0,0.0,172,44.31147507097748,1.4333333333333333,30.458992248062017
38756601,7002,0.0,0.0,42.06143277593629,47.51384072837247,18.380223435408833,1.0906432880605468,0.1472885602665954,0.0,0.0,0.0,0.0,0.0,408,128.3836437233633,3.4,37.206114830671524
38756601,7003,0.0,0.0,28.65874963808451,31.38815436552113,19.320312919984538,1.2019164102372668,0.11983489404414888,0.0,0.0,0.0,0.0,0.0,256,73.27605099733023,2.1333333333333333,34.12621558779762
38756601,7004,0.0,0.0,21.072580465938305,27.72707956044514,18.140063304416948,1.1101204513866731,0.09930393821218671,0.0,0.0,0.0,0.0,0.0,302,90.16456257320539,2.5166666666666666,35.66997792494482
38756601,7005,0.0,0.0,24.814192117751425,18.197074219684378,17.822268081790945,1.0176565831801403,0.09025834383617252,0.0,0.3076923076923077,0.0,0.0,0.0,195,60.449278093842885,1.625,37.09589743589744
38756601,8000,0.0,0.0,51.74274634129763,49.49306171776295,18.20955183208929,1.2844438434165533,0.1449037554827478,0.0,0.0,0.0,0.0,0.0,167,44.45067497633562,1.3916666666666666,31.717084811162973
38756601,8002,0.0,0.0,49.64992411917184,49.64992411917184,19.790313169124396,1.262646502122999,0.14270265927769332,0.0,0.0,0.0,0.0,0.0,169,48.33844245641582,1.4083333333333334,33.78589743589743
38756601,8003,0.0,0.0,36.0560987129599,42.81661722163988,19.37623663930013,0.9747398328167343,0.1437174801131418,0.0,0.0,0.0,0.0,0.0,285,88.7505890605353,2.375,37.30705512567928
38756601,8004,0.0,0.0,18.289067837607035,16.46016105384633,18.15341124578612,0.8322862669620654,0.11325185609445358,0.0,0.0,0.0,0.0,0.0,150,54.677472295430086,1.25,43.85320854700854
38756601,8005,0.0,0.0,28.731099906035958,24.1341239210702,16.05846180105206,1.0142010653536635,0.11017005817895872,0.0,0.0,0.0,0.0,0.0,268,87.01372408909376,2.2333333333333334,39.09498649912828
38756601,8006,0.0,0.0,16.253785684870355,13.003028547896287,14.07782045669562,0.8399411233560946,0.09073184797889959,0.0,0.28735632183908044,0.0,0.0,0.0,174,61.52412855614542,1.45,42.24104406130269
38756601,9000,0.0,0.0,49.29809488653677,44.60303823067612,17.47536865729519,1.2649127792661499,0.12576924259170907,0.0,0.18012422360248448,0.0,0.0,0.0,161,42.597995010421926,1.3416666666666666,31.805752039946416
38756601,9002,0.0,0.0,36.29150017241643,37.83581932868946,19.964124800808754,1.0951748160573802,0.1332847924966979,0.0,0.0,0.0,0.0,0.0,432,129.50690871611485,3.6,35.822625888435965
38756601,9003,0.0,0.0,20.28224372629835,22.53582636255372,12.841638494331784,0.675310222586059,0.11294332833503996,0.0,0.0,0.0,0.0,0.0,114,44.373788824608326,0.95,46.75908394890736
38756601,9004,0.0,0.0,16.970518589090304,28.284197648483843,14.380083168779487,0.984384865678871,0.08949560093187407,0.0,0.0,0.0,0.0,0.0,54,17.67771552914467,0.45,39.89462962962963
38756601,9005,0.0,0.0,0.0,0.0,2.9502992134549846,0.2993044143335636,0.03228650827699692,0.0,0.0,0.0,0.0,0.0,79,4.359472456719735,0.6583333333333333,0.9373839662447259
38756601,9006,0.0,0.0,25.87068116033971,20.12164090248644,19.27328574359176,1.3154667904113269,0.07953415478718172,0.0,0.0,0.0,0.0,0.0,202,34.788415288412224,1.6833333333333333,20.127656765676566
38756601,9007,0.0,0.0,19.506282430578064,17.211425674039468,14.016398922321564,0.8399566717154084,0.10447010788933556,0.0,0.8666666666666667,0.0,0.0,0.0,240,87.15140909346614,2.0,43.63174074074074
38756601,10000,0.0,0.0,40.240240876970184,39.28213990370899,17.526043058884152,1.0915660271020111,0.13506990230284055,0.0,0.2694610778443114,0.0,0.0,0.0,334,104.37313267683976,2.783333333333333,37.11900550547257
38756601,10002,0.0,0.0,29.162123326107153,31.40536358196155,21.262435487402907,1.0654788245082196,0.11964263400869167,0.0,0.0,0.0,0.0,0.0,293,89.15674523851874,2.441666666666667,36.37635949943117
38756601,10003,0.0,0.0,18.83766901074541,18.83766901074541,19.96179345113262,1.391737726750039,0.09614505645622363,0.0,0.0,0.0,0.0,0.0,169,58.39363667407768,1.4083333333333334,41.24676349291734
38756601,11000,0.0,0.0,0.0,42.57069675317995,5.475110486761857,0.7867012379169144,0.05994214054156477,0.0,0.0,0.0,0.0,0.0,18,2.3490336693286604,0.15,16.578148148148152
38756601,11002,0.0,0.0,123.95181848740016,82.63454565826677,7.113694391024181,0.5623351446188083,0.08836315668007055,0.0,0.0,0.0,0.0,0.0,20,2.4202952700568514,0.16666666666666666,11.882333333333333
38756601,11006,0.0,0.0,73.73226148725036,58.98580918980028,14.01924596008724,1.2228925588309327,0.11484712091115358,0.0,0.0,0.0,0.0,0.0,76,13.562584136564402,0.6333333333333333,21.825847953216375
38756601,11007,0.0,0.0,55.39401696526297,58.802879547740694,17.553346637027094,1.2219604750232091,0.15301470019553842,0.0,0.0,0.01160092807424594,0.0,0.0,431,117.34119235433104,3.591666666666667,32.47326372776489
38756601,11008,0.0,0.0,41.1050705833085,31.709625878552274,16.954529952167494,0.9558105888344306,0.13652533766232006,0.0,0.4782608695652174,0.015810276679841896,0.0,0.0,253,85.14764602840123,2.1083333333333334,40.14230895915678
38756601,12000,0.0,0.0,24.473743138401925,20.609467906022672,26.070317848564052,1.4692026707396264,0.09913450196417634,0.0,0.4186046511627907,0.0,0.0,0.0,258,77.63422167403141,2.15,36.20316731584374
38756601,12001,0.0,0.0,88.54636816655398,88.54636816655398,11.301182169863559,1.0958871542125534,0.11191791586275551,0.0,0.0,0.0,0.0,0.0,19,2.258703593848185,0.15833333333333333,14.18614035087719
38756601,12002,0.0,0.0,29.3556687063606,33.269757867208675,23.643619077655767,1.4959377661437094,0.12708100228305544,0.0,0.0,0.0,0.0,0.0,306,102.19491267626887,2.55,40.114990113184845
38756601,12003,0.0,0.0,42.9405068056302,48.213902378251454,18.660746299940985,1.031402374231671,0.16383692418856802,0.0,0.0,0.004889975550122249,0.0,0.0,409,132.74179612739542,3.408333333333333,38.61663376286848
38756601,13001,0.0,0.0,48.45116074771984,54.50755584118482,20.66071449572395,1.1766176138153763,0.15910525090252084,0.0,0.0,0.02247191011235955,0.0,0.0,178,49.53441698737726,1.4833333333333334,33.30308988764045
38756601,13002,0.0,0.0,75.12899093817465,75.12899093817465,8.862327370875635,1.060944240790747,0.09414318898652019,0.0,0.0,0.0,0.0,0.0,28,3.993132294920303,0.23333333333333334,15.925
38756601,13003,0.0,0.0,59.12165170178682,59.12165170178682,13.338832594859575,1.1509114087259809,0.11497835548960589,0.0,0.0,0.0,0.0,0.0,67,13.531421686850841,0.5583333333333333,24.735721393034826
38756601,13004,0.0,0.0,59.63807933383192,72.70943918782248,17.776680180307753,1.1932643718263332,0.1667592115180347,0.0,0.0,0.01179245283018868,0.0,0.0,424,122.40501507664757,3.533333333333333,34.68922290759555
38756601,13005,0.0,0.0,32.867304697417296,35.445132516822575,21.21034299185018,1.4179903027649146,0.13484076338941944,0.0,0.0,0.004395604395604396,0.0,0.0,455,155.16940153601206,3.7916666666666665,40.787313076647656
38756601,14000,0.0,0.0,141.46212352842608,113.16969882274086,9.841086493667776,1.0813448682427136,0.12247890909357582,0.0,1.0,0.0,0.0,0.0,28,3.534515017368077,0.23333333333333334,15.20440476190476
38756601,15000,0.0,0.0,89.27675236462053,133.9151285469308,11.556314904515867,0.8699223833351151,0.11419888756999516,0.0,0.0,0.0,0.0,0.0,28,2.240224859246313,0.23333333333333334,8.114285714285714
38756601,15001,0.0,0.0,28.02828243240475,33.6339389188857,25.634462249911888,1.5081270739149901,0.1339568341546963,0.0,0.0,0.0,0.0,0.0,270,89.1956189619967,2.25,39.68440057319224
38756601,15002,0.0,0.0,51.428352955584955,53.60138195370826,19.11508907123157,1.127194232338974,0.1718227540443811,0.0,0.0,0.004454342984409799,0.0,0.0,449,138.05614202989875,3.7416666666666667,36.636620709159686
38756601,15003,0.0,0.0,55.98155421859402,61.57970964045343,18.46888016858064,1.1942346377125697,0.15814670988893184,0.0,0.4497354497354497,0.026455026455026454,0.0,0.0,189,53.58908022249163,1.575,33.82752679419347
38756601,16002,0.0,0.0,73.00106667675546,58.40085334140437,14.247661808016572,1.3094504904372501,0.11738825162433321,0.0,0.0,0.0,0.0,0.0,76,13.69842997538574,0.6333333333333333,20.869166666666665
38756601,16004,0.0,0.0,50.79928406699966,43.54224348599971,13.47324948196632,1.1703910015057968,0.08254812909175824,0.0,0.0,0.0,0.0,0.0,110,13.779721759006748,0.9166666666666666,14.831151515151516
38756601,17000,0.0,0.0,4.665001400245978,4.146667911329758,15.464028726735629,0.7330176589660031,0.06749466482762659,0.0,0.02956989247311828,0.0,0.03494623655913978,0.0,372,192.92598710743033,3.1,62.34282148436624
38756601,17001,0.0,0.0,12.63353696015736,4.21117898671912,26.74008512462558,1.5270459884613226,0.07565520795668573,0.0,0.0,0.0,0.0,0.0,80,23.74631909861158,0.6666666666666666,35.43816666666667
38756601,17002,0.0,0.0,64.48084237052481,48.3606317778936,15.437941919808903,1.2852343430776516,0.10640457818760798,0.0,0.0,0.0,0.0,0.0,40,6.203392903918486,0.3333333333333333,18.61873148148148
38756601,17003,0.0,0.0,3.932849998741103,4.494685712846975,17.2587415460745,0.8442162895034379,0.061752879139147655,0.0,0.0,0.0,0.03523035230352303,0.0,369,177.9879731553628,3.075,57.79421258657032
38756601,17004,0.0,0.0,35.08045610968375,22.5517217847967,25.741679823555263,1.588356322451256,0.10301804958237565,0.0,0.0,0.0,0.0,0.0,140,39.908261044916635,1.1666666666666667,34.17733272283272
38756601,18000,0.0,0.0,73.52926528145606,44.11755916887364,14.853620545360501,1.3305704713864548,0.10188926086527247,0.0,0.0,0.0,0.0,0.0,80,13.60002709359586,0.6666666666666666,20.68483333333333
38756601,18001,0.0,0.0,26.774140695754795,29.924039601137714,20.644681673870288,1.4627092465643623,0.11700818524428085,0.0,0.0,0.0,0.0,0.0,178,63.4941012418578,1.4833333333333334,42.62279026217229
38756601,18002,0.0,0.0,2.536902763064141,1.0147611052256564,9.97728994522532,0.5062317579433755,0.06746815922678215,0.0,0.0,0.0,0.0,0.0,371,197.09072309735916,3.091666666666667,63.2497388446135
38756601,18003,0.0,0.0,13.258426141728663,9.470304386949046,20.33447046034442,1.3798393208186694,0.09291341147381163,0.0,0.0,0.0,0.0,0.0,262,105.59322690600024,2.183333333333333,47.030871011939716
38756601,18004,0.0,0.0,25.87130896608204,25.87130896608204,23.743916283806936,1.5246269112349606,0.11819762141230096,0.0,0.0,0.0,0.0,0.0,119,38.65285677315462,0.9916666666666667,38.97218487394958
38756601,19000,0.0,0.0,9.079239404219537,9.079239404219537,22.067440964076617,1.2373255833302794,0.08904205200635255,0.0,0.0,0.0,0.0,0.0,334,143.18380010949272,2.783333333333333,50.247551021905764
38756601,19001,0.0,0.0,40.42985123606775,41.77751294393667,23.75687087503054,1.4504542909193536,0.1694037581479267,0.0,0.0,0.0,0.0,0.0,439,148.4051960756996,3.658333333333333,39.99551266886287
38756601,19002,0.0,0.0,29.94214323407107,32.72745888375211,18.292089865214948,1.1681744396061968,0.1367787717113301,0.0,0.0,0.0,0.0,0.0,402,143.6102942392929,3.35,42.883285655058046
38756601,20000,0.0,0.0,79.8442187647168,87.10278410696378,15.560161858012698,1.3034106578432925,0.1129369351551212,0.0,0.0,0.0,0.0,0.0,95,13.776827139375689,0.7916666666666666,16.876359649122808
38756601,20001,0.0,0.0,22.087628988317487,20.509941203437666,20.242591639159006,1.4340833013204648,0.10043252798117122,0.0,0.0,0.0,0.0,0.0,175,63.38389696515109,1.4583333333333333,43.444259943977585
38756601,20002,0.0,0.0,3.045361385495719,3.045361385495719,19.469035038943197,0.7339748487325363,0.0678534602920071,0.0,0.0,0.0,0.0,0.0,401,197.02095221199272,3.341666666666667,58.187722339773465
38756601,20003,0.0,0.0,10.408108868234114,10.408108868234114,19.030235376966257,1.1392808261879845,0.09287337386052748,0.0,0.0,0.0,0.0,0.0,325,144.11840027711938,2.7083333333333335,52.20295311355311
38756601,21000,0.0,0.0,7.065684723080504,9.084451786817791,18.76908454001469,0.8703719801593441,0.08083880801291658,0.0,0.0,0.0,0.0,0.0,411,198.1407400512525,3.425,56.981159527144925
38756601,21001,0.0,0.0,49.64595619013698,51.357885713934806,19.19094797777366,1.2021997491829466,0.18223259050241122,0.0,0.0,0.0,0.0,0.0,344,116.8272392173659,2.8666666666666667,40.021796218487395
38756601,21002,0.0,0.0,38.24335784315237,29.137796451925606,16.896182969018742,0.9432486160337038,0.13326217067886428,0.0,0.0,0.0,0.0,0.0,165,54.911496229299175,1.375,39.99
38756601,21003,0.0,0.0,7.447194808393162,14.894389616786324,22.62771393994213,1.5117833579200932,0.0896786004859383,0.0,0.0,0.0,0.0,0.0,132,40.28362460209756,1.1,36.851198925595476
38756601,22001,0.0,0.0,72.57940618812273,36.289703094061366,15.486262133225939,1.3283973003639422,0.10426859579048461,0.0,0.0,0.0,0.0,0.0,88,13.778012972550954,0.7333333333333333,18.742598484848486
38756601,22002,0.0,0.0,66.05570681917379,66.05570681917379,12.577973275748048,1.2566370583563833,0.10866860048324048,0.0,0.0,0.0,0.0,0.0,75,13.624863669443922,0.625,21.830355555555556
38756601,23000,0.0,0.0,7.871073502272739,7.871073502272739,19.528569330821774,1.241306746443851,0.07847240562283227,0.0,0.0,0.0,0.0,0.0,206,88.93323125465389,1.7166666666666666,51.76077669902913
38756601,24000,0.0,0.0,9.509261447502995,8.04629814788715,29.063164095118836,1.2512316221220094,0.06655948214023429,0.0,0.0,0.0,0.03350515463917526,0.0,388,136.7088293004461,3.2333333333333334,42.141575478061775
38756601,24001,0.0,0.0,5.273106194520068,4.218484955616055,20.553001017974786,0.6782091353583034,0.06815290866572692,0.0,0.0,0.0,0.036011080332409975,0.0,361,189.64154392324258,3.0083333333333333,62.774125340105904
38756601,24002,0.0,0.0,14.227964016634234,21.34194602495135,20.417035499624653,1.468471399366862,0.08709543963215588,0.0,0.0,0.0,0.0,0.0,86,28.11364995949884,0.7166666666666667,39.19313953488371
38756601,25000,0.0,0.0,79.80277118731169,79.80277118731169,16.141724067485992,1.295937032593202,0.11553180908810298,0.0,0.0,0.0,0.0,0.0,97,13.783982481236134,0.8083333333333333,16.650378006872852
38756601,25001,0.0,0.0,37.73539638830473,37.73539638830473,23.628509081343104,1.5234515938696451,0.12638973713228085,0.0,0.0,0.0,0.0,0.0,208,63.60076293630317,1.7333333333333334,36.090140931372545
38756601,25002,0.0,0.0,1.0145457317209132,1.0145457317209132,9.268520301424369,0.4121471756902024,0.06602224403211962,0.0,0.0,0.0,0.0,0.0,364,197.13256263052034,3.033333333333333,64.67538175427963
38756601,25003,0.0,0.0,4.258434303207039,3.548695252672533,19.56545370939154,0.969770379916566,0.07204525721873013,0.0,0.0,0.0,0.0,0.0,299,140.89685487178662,2.4916666666666667,55.29473392215537
38756601,26000,0.0,0.0,4.299297420262622,1.4330991400875408,14.303222850469886,0.7449365008359344,0.05468322903801543,0.0,0.0,0.0,0.0,0.0,142,69.7788430700555,1.1833333333333333,58.9325695196822
38756601,26001,0.0,0.0,33.63394518427118,21.021215740169488,22.22631945317923,1.3830184466336146,0.07501383012279006,0.0,0.0,0.0,0.0,0.0,138,23.785493959064837,1.15,20.73345033412781
38756601,26002,0.0,0.0,10.168469331355427,10.766614586141042,23.432476511588078,1.0833351764334225,0.07951614223087634,0.0,0.0,0.0,0.0,0.0,386,167.18347123867412,3.216666666666667,52.0864242474087
38756601,26003,0.0,0.0,23.278939663028318,24.903051732541922,22.48392425426313,1.3036527799037663,0.14507151033246926,0.0,0.0,0.0,0.0,0.0,425,184.71631707647202,3.5416666666666665,51.089627945211035
38756601,26004,0.0,0.0,41.07124883430712,39.89778458189834,19.616987426022696,0.9816528494751332,0.1516634696097354,0.0,0.15708812260536398,0.0,0.0,0.0,261,85.21776423502429,2.175,39.35131545338442
38756601,27000,0.0,0.0,30.535232399208134,34.69912772637288,22.061700342519813,1.432389507785012,0.1280552081089966,0.0,0.419811320754717,0.0,0.0,0.0,212,72.04792061962667,1.7666666666666666,40.500327595660906
38756601,27002,0.0,0.0,70.60109285998543,49.4207650019898,15.252472126048342,1.2473517735127881,0.10420087866401678,0.0,0.0,0.0,0.0,0.0,107,14.164086694566876,0.8916666666666667,15.62853582554517
38756601,27003,0.0,0.0,6.846660856584466,8.953325735533534,18.845542098504108,0.9333622910353312,0.09042667120021672,0.0,0.0,0.0,0.0,0.0,392,189.87357884826204,3.2666666666666666,57.32135908097005
38756601,27004,0.0,0.0,2.551890712286151,2.0415125698289205,14.288574173011588,0.6483884086420263,0.06971556261734745,0.0,0.0,0.0,0.0,0.0,376,195.93315559821417,3.1333333333333333,61.54337837697115
38756601,28000,0.0,0.0,9.494383529980952,10.549315033312169,27.31152137587496,1.2748683802308123,0.0702652195817867,0.0,0.01937984496124031,0.0,0.0,0.0,258,94.79288435715905,2.15,44.01577404536319
38756601,28001,0.0,0.0,5.980563733117833,5.382507359806049,18.311588261351737,0.7265020488420499,0.07107861911527075,0.0,0.0,0.0,0.0,0.0,324,167.20831758090344,2.7,62.066166314405585
38756601,28002,0.0,0.0,6.803497977774192,7.710631041477417,22.03458408110152,0.7818149544321813,0.09737365506037224,0.0,0.0,0.0,0.0,0.0,426,220.4748211729071,3.55,60.276557845152716
38756601,28003,0.0,0.0,10.295503111166484,11.325053422283133,18.44500095766827,1.012016728794066,0.0932560942225959,0.0,0.0,0.031088082901554404,0.0,0.0,193,97.12978464504583,1.6083333333333334,60.355765402534075
38756601,28005,0.0,0.0,9.385395713045787,9.385395713045787,24.66275733853083,1.1985552927426557,0.08012008641026239,0.0,0.42597402597402595,0.0,0.0,0.0,385,159.82277634974795,3.2083333333333335,49.60204570191713
438597,0,0.0,0.0,144.71323310755645,115.77058648604518,12.018918851226852,0.8454172236325331,0.09955409020168964,0.0,0.0,0.0,0.0,0.0,119,6.910218081139556,0.9916666666666667,7.009243697478992
438597,1,0.0,0.0,187.33842415256672,187.33842415256672,10.495517517756227,0.5423458482221888,0.10939003032996512,0.0,0.0,0.0,0.0,0.0,57,2.135173292982563,0.475,3.908771929824561
438597,2,0.0,0.0,70.73189841634768,70.73189841634768,10.692213407766458,0.7356219397587946,0.08806822712632703,0.0,0.0,0.0,0.0,0.0,32,1.413789283745392,0.26666666666666666,5.729613095238095
438597,5,0.0,0.0,72.48002894618222,108.72004341927332,10.256964234651223,0.616547395001363,0.07483867046905643,0.0,0.019867549668874173,0.0,0.0,0.0,151,5.518761592893506,1.2583333333333333,3.9220327946713445
438597,1000,0.0,0.0,109.44708830707629,72.96472553805086,10.310107972848602,0.8573900007192157,0.07752228339097089,0.0,0.0,0.0,0.0,0.0,98,5.482101070761945,0.8166666666666667,6.3527530561096635
438597,1001,0.0,0.0,95.05770316310466,158.4295052718411,9.806476116650453,0.922431182887935,0.07302438041241516,0.0,0.0,0.0,0.0,0.0,53,3.1559777905136768,0.44166666666666665,7.000179694519317
438597,1003,0.0,0.0,66.38213054211253,66.38213054211253,10.512176728810262,0.9314589038666607,0.07214144152114964,0.0,0.0,0.0,0.0,0.0,91,6.025718016782268,0.7583333333333333,7.379591836734694
438597,1007,0.0,0.0,36.857419501030506,36.857419501030506,9.754273155513538,0.8947639105520142,0.047635499155263335,0.0,0.0,0.0,0.0,0.0,107,5.426315860078271,0.8916666666666667,6.92072680929945
438597,1008,0.0,0.0,38.30017933151411,38.30017933151411,10.181147497982852,0.8771786692265877,0.05761112710032569,0.0,0.0,0.0,0.0,0.0,44,2.610953832211384,0.36666666666666664,6.955718140307181
438597,1009,0.0,0.0,37.15864658742458,111.47593976227373,11.323172420001818,0.9596147939120492,0.07457521808041266,0.0,0.0,0.0,0.0,0.0,36,2.691163677469419,0.3,8.759941520467837
438597,2000,0.0,0.0,96.14006055777321,32.04668685259107,11.678463443555223,0.8761265042743922,0.07129864443135596,0.0,0.0,0.0,0.0,0.0,93,6.240894758324429,0.775,7.719235364396655
438597,2001,0.0,0.0,264.297943145191,330.37242893148874,9.13923347159894,0.5856182854145168,0.07945569632649092,0.0,0.0,0.0,0.0,0.0,45,1.5134434844249303,0.375,3.995519353940406
438597,2002,0.0,0.0,134.5222777675668,134.5222777675668,12.421861560494834,1.0900596587107838,0.11751601472744522,0.0,0.0,0.0,0.0,0.0,11,1.4867425925211313,0.09166666666666666,13.109090909090908
438597,2003,0.0,0.0,0.0,0.0,9.631774000013632,0.931650873945618,0.0503553204362787,0.0,0.0,0.0,0.0,0.0,49,2.878856145942932,0.4083333333333333,7.101020408163266
438597,2004,0.0,0.0,37.657799304051615,75.31559860810323,12.651543574616335,0.8128640128415356,0.08233771863817067,0.0,0.0,0.0,0.0,0.0,46,2.6554924039132835,0.38333333333333336,7.358695652173913
438597,2006,0.0,0.0,76.37613015839918,114.56419523759878,11.472438189701826,0.7452671198544533,0.0805008957712742,0.0,0.0,0.0,0.0,0.0,55,2.61861918881217,0.4583333333333333,5.462727272727273
438597,2007,0.0,0.0,69.84838732182025,34.92419366091013,12.781674782645172,1.0114042647073518,0.08021055030248143,0.0,0.0,0.0,0.0,0.0,30,2.863344561965586,0.25,11.303157894736843
438597,2008,0.0,0.0,74.54858002442064,111.82287003663096,14.09350473966592,0.9487975626739727,0.10149758696695967,0.0,0.0,0.0,0.0,0.0,39,2.682814346490355,0.325,8.112271062271063
438597,2009,0.0,0.0,133.88333154794645,66.94166577397323,11.930840397885962,0.7936885290043996,0.09910069105235816,0.0,0.0,0.0,0.0,0.0,59,2.9876758770134995,0.49166666666666664,5.733898305084746
438597,2010,0.0,0.0,66.05032168093618,165.12580420234042,11.14531104634967,0.739451330318434,0.07922625620640211,0.0,0.04477611940298507,0.0,0.0,0.0,67,3.027994336895488,0.5583333333333333,5.086034115138593
438597,3000,0.0,0.0,67.78043161116835,50.835323708376265,9.9947131658456,0.903350792630454,0.060475097679635055,0.0,0.0,0.0,0.0,0.0,105,5.901408275100021,0.875,6.973469387755102
438597,3001,0.0,0.0,88.0679790743705,29.355993024790166,11.523449415218286,0.9871147142384123,0.08460956890044938,0.0,0.0,0.0,0.0,0.0,43,3.406459454992829,0.35833333333333334,9.081395348837209
438597,3004,0.0,0.0,0.0,71.51234020236107,6.465474436874494,0.5195798391305154,0.06586567791304462,0.0,0.0,0.0,0.0,0.0,14,1.3983600552999156,0.11666666666666667,11.482142857142858
438597,3007,0.0,0.0,43.99533530242881,73.32555883738135,8.90026610014488,0.8168809188284343,0.05534101168759629,0.0,0.0,0.0,0.0,0.0,137,6.818904730189388,1.1416666666666666,5.55345480489545
438597,3009,0.0,0.0,36.9881211763348,73.9762423526696,8.923990694073405,0.9099250471537521,0.06313247446820715,0.0,0.0,0.0,0.0,0.0,42,2.7035706821459353,0.35,7.401360544217688
438597,3010,0.0,0.0,32.832251128834336,32.832251128834336,8.462233471361898,0.8977875192211446,0.05214889114321391,0.0,0.0,0.0,0.0,0.0,61,3.045785669937715,0.5083333333333333,5.824590163934427
438597,3012,0.0,0.0,38.295050683359236,76.59010136671847,12.146401966633807,0.9701157839869381,0.09200116310848955,0.0,1.0,0.0,0.0,0.0,30,2.6113035030778553,0.25,10.709223057644111
438597,4000,0.0,0.0,129.05734049042763,51.62293619617104,14.825885404192102,0.9555577257095925,0.0994657575543864,0.0,0.0,0.0,0.0,0.0,60,3.8742468897930356,0.5,9.017500000000002
438597,4001,0.0,0.0,125.1796254947382,156.47453186842276,15.11459792873111,1.162037662144321,0.13114671682659068,0.0,0.0,0.0,0.0,0.0,31,3.195408185789896,0.25833333333333336,12.118214892068881
438597,5000,0.0,0.0,96.58951917230131,64.3930127815342,8.913347550701742,0.7386113630875605,0.06537899004226504,0.0,0.0,0.0,0.0,0.0,74,3.105927046441185,0.6166666666666667,4.656770005299417
438597,5001,0.0,0.0,100.00260237238645,66.66840158159097,9.900769720171391,0.5464564222485762,0.07369422518037656,0.0,0.0,0.0,0.0,0.0,74,2.999921930860056,0.6166666666666667,4.244594594594594
438597,5002,0.0,0.0,257.58018420783,193.1851381558725,9.728875861056547,0.559834325921902,0.10517896916381494,0.0,0.0,0.0,0.0,0.0,46,1.5529144884734527,0.38333333333333336,4.163043478260869
438597,5005,0.0,0.0,66.42534196910589,132.85068393821177,10.653302465987961,0.6859258904036242,0.07443579221719696,0.0,0.0,0.0,0.0,0.0,75,3.0108990645922313,0.625,4.409122807017543
438597,5006,0.0,0.0,95.7195089912928,63.8130059941952,11.988591515712438,1.028569628015253,0.08772157773810406,0.0,0.0,0.0,0.0,0.0,35,3.134157322383358,0.2916666666666667,10.728571428571428
438597,5007,0.0,0.0,135.890560025894,67.945280012947,10.766951874298645,0.6692871201022594,0.07516759333856042,0.0,0.0,0.0,0.0,0.0,69,2.943545158131513,0.575,4.622616323417239
438597,5009,0.0,0.0,155.82686269342986,155.82686269342986,16.301944669271823,1.191412937093122,0.13387957167519682,0.0,1.0,0.0,0.0,0.0,25,2.566951506858934,0.20833333333333334,12.96
438597,6000,0.0,0.0,74.65539610041783,89.5864753205014,11.524915914846279,0.954675404350781,0.0817979962050493,0.0,0.0,0.0,0.0,0.0,99,6.697439516996972,0.825,8.355225889169926
438597,6001,0.0,0.0,54.9429663612385,73.25728848165133,11.826429091503785,0.6960053556403498,0.0679024499563416,0.0,0.0,0.0,0.0,0.0,101,5.460207554640622,0.8416666666666667,6.257425742574258
438597,6005,0.0,0.0,34.063252411348,34.063252411348,11.750973542435169,1.0564242198612623,0.06872207435010558,0.0,0.0,0.0,0.0,0.0,30,2.9357149690933655,0.25,11.728809523809524
438597,6007,0.0,0.0,67.30518404730599,0.0,13.720535673710183,1.0900596587107838,0.1332002088647056,0.0,0.0,0.0,0.0,0.0,11,1.485769653786463,0.09166666666666666,16.65909090909091
438597,6008,0.0,0.0,68.22612156451237,34.113060782256184,11.39104728869709,1.0521391662238093,0.0765984312702821,0.0,0.0,0.0,0.0,0.0,30,2.931428541059404,0.25,11.725
438597,6009,0.0,0.0,52.25991639681533,0.0,10.595057515532025,0.9250738293082053,0.07006945222351707,0.0,0.0,0.0,0.0,0.0,29,1.9135124373466066,0.24166666666666667,7.168965517241379
438597,6011,0.0,0.0,35.730254143528,71.460508287056,8.64635694005119,0.7731187189658805,0.0423396539791302,0.0,0.0,0.0,0.0,0.0,92,2.7987486346528967,0.7666666666666667,4.7197849213691025
438597,6013,0.0,0.0,40.30274999614349,80.60549999228698,11.803450242671964,0.9864633661435191,0.06656407732793058,0.0,0.9655172413793104,0.0,0.0,0.0,29,2.4812202643633214,0.24166666666666667,10.088987764182427
438597,7000,0.0,0.0,131.54907557783787,65.77453778891893,11.644433696453902,0.9477962976481857,0.08074433322509543,0.0,0.0,0.0,0.0,0.0,90,6.0813806291374375,0.75,8.405000000000001
438597,7001,0.0,0.0,81.90636956325184,98.28764347590221,10.85996978183424,0.8195280090854373,0.06855590752156276,0.0,0.0,0.0,0.0,0.0,112,6.104531340677688,0.9333333333333333,6.601809210526317
438597,7003,0.0,0.0,78.10126770082248,78.10126770082248,8.445164346797457,0.7330621707939262,0.0542995948758994,0.0,0.0,0.0,0.0,0.0,56,2.560777896283671,0.4666666666666667,4.6822137188208615
438597,7004,0.0,0.0,32.44737247296795,32.44737247296795,10.44246135853639,1.069679516306594,0.05641962212708069,0.0,0.0,0.0,0.0,0.0,46,3.081913645960407,0.38333333333333336,10.196551724137933
438597,7006,0.0,0.0,0.0,39.50962976551494,9.33629362991897,0.9075352941050092,0.043098832844891896,0.0,0.0,0.0,0.0,0.0,55,2.5310285262982313,0.4583333333333333,6.6970776591829235
438597,7007,0.0,0.0,0.0,36.93786787587033,11.18714333663661,0.9002560512685369,0.052605320061722,0.0,0.0,0.0,0.0,0.0,40,2.707248841109344,0.3333333333333333,8.19453947368421
438597,7008,0.0,0.0,77.90596581161292,38.95298290580646,10.309366319794488,1.0481336034822881,0.05857396270607876,0.0,0.14634146341463414,0.0,0.0,0.0,41,2.5671974914427844,0.3416666666666667,11.1702398246553
438597,8000,0.0,0.0,159.4428078551294,177.15867539458822,13.536847126821284,0.9840865030829147,0.12012972038913032,0.0,0.0,0.0,0.0,0.0,64,5.644657241722342,0.5333333333333333,10.477302631578947
438597,8001,0.0,0.0,119.74450644160255,79.82967096106836,13.938266047707177,0.9596147939120492,0.15561318560624027,0.0,0.0,0.0,0.0,0.0,24,2.5053341394521937,0.2,9.8875
438597,8002,0.0,0.0,198.37653969848773,132.2510264656585,8.977162438635462,0.5598705456816057,0.07355815334099855,0.0,0.0,0.0,0.0,0.0,85,3.0245511939664804,0.7083333333333334,3.734740484429066
438597,8003,0.0,0.0,109.68574697212341,73.12383131474893,14.546927773206578,1.024010220294295,0.10741189725609374,0.0,0.0,0.0,0.0,0.0,24,2.7350864472504792,0.2,14.079166666666666
438597,8004,0.0,0.0,112.53161398902687,112.53161398902687,12.249738245125652,0.7490033389244966,0.09207255989755028,0.0,0.0,0.0,0.0,0.0,43,2.665917508561225,0.35833333333333334,7.226744186046513
438597,8005,0.0,0.0,105.64765115217266,0.0,12.933705424200756,1.0875656525975472,0.10951727225333317,0.0,0.0,0.0,0.0,0.0,25,2.839627731693593,0.20833333333333334,13.308000000000002
438597,8007,0.0,0.0,72.23344179693603,72.23344179693603,9.874276508438324,0.5366645624845252,0.05880176410854602,0.0,0.0,0.0,0.0,0.0,38,1.3844003208530726,0.31666666666666665,3.939473684210526
438597,8009,0.0,0.0,104.91202784549402,104.91202784549402,10.082862545368847,0.6263199992775034,0.06473784501389597,0.0,0.0,0.0,0.0,0.0,79,2.8595386645448873,0.6583333333333333,4.182508630609896
438597,8010,0.0,0.0,115.0586027507875,153.41147033438332,14.88422641610632,1.1569876443452742,0.11881587880115924,0.0,1.0,0.0,0.0,0.0,26,2.6073669662909817,0.21666666666666667,11.409615384615384
438597,9000,0.0,0.0,124.00124558811217,124.00124558811217,9.902525651828633,0.6626843118271304,0.07726662648333953,0.0,0.0,0.0,0.0,0.0,70,2.4193305363761652,0.5833333333333334,4.321757852077001
438597,9002,0.0,0.0,154.73254276966105,171.92504752184564,15.1180954038375,1.0533810543832913,0.14474583392907592,0.0,0.0,0.0,0.0,0.0,57,5.816488140699424,0.475,12.25066833751044
438597,9004,0.0,0.0,149.8251091873046,149.8251091873046,13.540557851117294,1.0579054247036734,0.16927698491833865,0.0,0.0,0.0,0.0,0.0,13,1.3348897330017562,0.10833333333333334,12.301831501831503
438597,9005,0.0,0.0,124.1527841423847,248.3055682847694,16.51995844016833,1.1569876443452742,0.18159900516188165,0.0,0.0,0.0,0.0,0.0,13,1.6109183646709837,0.10833333333333334,13.314574898785425
438597,9006,0.0,0.0,154.5143840633919,154.5143840633919,14.008595131467247,0.9562439561600683,0.12031337567139358,0.0,0.0,0.0,0.0,0.0,73,5.824700434561232,0.6083333333333333,8.56935832732516
438597,9007,0.0,0.0,56.97069969167914,56.97069969167914,10.39395573812656,0.8173529788538034,0.06547101486031502,0.0,0.0,0.0,0.0,0.0,33,1.755288254158576,0.275,5.865151515151515
438597,9009,0.0,0.0,134.88827357685227,134.88827357685227,8.471208955800789,0.694761694383222,0.08312588490933535,0.0,0.0,0.0,0.0,0.0,36,1.4827085757462117,0.3,4.402777777777778
438597,9011,0.0,0.0,152.9116383565051,183.4939660278061,10.468113807712067,0.5709430942369249,0.08798710347883004,0.0,0.0,0.0,0.0,0.0,115,3.26986229023508,0.9583333333333334,3.6246729996346363
438597,9012,0.0,0.0,79.53734667145667,119.30602000718503,17.884263337478018,1.0321899569519684,0.13992787509575452,0.0,0.24,0.0,0.0,0.0,25,2.514542015414922,0.20833333333333334,13.36523076923077
438597,10000,0.0,0.0,96.7114044205823,64.47426961372153,12.461505226251447,1.0673399319169987,0.09827096679654282,0.0,0.0,0.0,0.0,0.0,59,6.2040253018216625,0.49166666666666664,12.090170272592362
438597,10001,0.0,0.0,35.92769947081388,89.8192486770347,15.782887567697836,1.0872169435249066,0.07438335846835085,0.0,0.0,0.0,0.0,0.0,69,5.566735497842589,0.575,10.838277919863598
438597,10002,0.0,0.0,65.99849209362571,65.99849209362571,11.484891283638744,0.9554471413937667,0.08006485618780751,0.0,0.0,0.0,0.0,0.0,51,3.0303722654190226,0.425,7.4676470588235295
438597,10003,0.0,0.0,73.51811948194721,0.0,10.898785481602317,1.0914145617941,0.0640701429119116,0.0,0.0,0.0,0.0,0.0,31,2.7204177882856637,0.25833333333333336,11.570161290322579
438597,10004,0.0,0.0,0.0,75.58410197418087,10.491539231370412,0.9613198093797023,0.06858140252263278,0.0,0.0,0.0,0.0,0.0,39,2.646059088832185,0.325,8.113186813186815
438597,10005,0.0,0.0,73.61485946378154,110.42228919567232,11.003157064785386,0.913190247947119,0.05957830066622338,0.0,0.0,0.0,0.0,0.0,75,2.716842787676581,0.625,6.833852028639618
438597,10006,0.0,0.0,0.0,0.0,12.13961770981053,1.0665362694121687,0.050663910030920044,0.0,0.0,0.0,0.0,0.0,39,2.5202124669020707,0.325,12.02170398864313
438597,11000,0.0,0.0,56.68240458591796,56.68240458591796,12.860236000464313,0.9898600686645689,0.0840470884347842,0.0,0.0,0.0,0.0,0.0,59,5.292647730659812,0.49166666666666664,10.876810046052318
438597,11001,0.0,0.0,38.924674401478875,77.84934880295775,14.216450363487365,0.9944485915826461,0.08317435968113988,0.0,0.0,0.0,0.0,0.0,32,2.569064521094637,0.26666666666666666,9.80625
438597,11002,0.0,0.0,68.35909972734254,68.35909972734254,7.5895735083587645,0.5366645624845252,0.050701303309135595,0.0,0.0,0.0,0.0,0.0,95,2.9257260671618126,0.7916666666666666,3.160526315789474
438597,11003,0.0,0.0,132.91693799598698,66.45846899799349,9.461674130823871,0.7733057755573662,0.0649967860955121,0.0,0.0,0.0,0.0,0.0,66,3.0093982454822785,0.55,5.152819548872181
438597,11004,0.0,0.0,37.71398010095829,37.71398010095829,12.674126145650451,1.0304089991452012,0.08859531129620979,0.0,0.0,0.0,0.0,0.0,27,2.6515366379338747,0.225,12.204938271604938
438597,12000,0.0,0.0,73.83326593004969,55.37494944753727,12.755910654584955,1.0087884808661953,0.09341348504616766,0.0,0.0,0.0,0.0,0.0,63,5.417612169275617,0.525,10.227248677248676
438597,13000,0.0,0.0,73.14849263733967,73.14849263733967,15.287964974809029,1.1313551880613801,0.08981133457047431,0.0,0.0,0.0,0.0,0.0,36,2.7341643387181325,0.3,9.79861111111111
438597,13001,0.0,0.0,40.41556552191257,80.83113104382514,8.549042318635543,0.7229932904903409,0.056685051460849456,0.0,0.0,0.0,0.0,0.0,49,2.474294215820928,0.4083333333333333,4.498856835967469
438597,13002,0.0,0.0,30.37564181702934,0.0,10.680573999238723,0.9674029323195121,0.0653493886843341,0.0,0.0,0.0,0.0,0.0,43,3.292111508371076,0.35833333333333334,8.54455324357405
438597,13004,0.0,0.0,0.0,0.0,7.361012158664051,0.8979457248567798,0.07617548755326775,0.0,0.0,0.0,0.0,0.0,10,1.3020205811559287,0.08333333333333333,16.45
438597,13006,0.0,0.0,33.96360397729448,0.0,8.737258865095828,0.729434425260713,0.04160955617050738,0.0,0.0,0.0,0.0,0.0,77,2.944328289390387,0.6416666666666667,4.801500362991047
438597,13007,0.0,0.0,40.86896020206316,81.73792040412631,9.35272263181803,1.0086773378609162,0.05961009814944931,0.0,0.0,0.0,0.0,0.0,41,2.44684473266711,0.3416666666666667,8.576908796626693
438597,13008,0.0,0.0,36.586556631290506,36.586556631290506,9.446047113495737,0.7412138894411798,0.04515276154725529,0.0,0.06666666666666667,0.0,0.0,0.0,75,2.733244371908872,0.625,5.083691440567082
438597,14000,0.0,0.0,140.9142337064481,84.54854022386886,11.952494838267954,0.8324248150789655,0.08773797914444793,0.0,0.0,0.0,0.0,0.0,118,7.096515190106313,0.9833333333333333,6.737552046094966
438597,14001,0.0,0.0,106.33522399602843,177.22537332671408,9.782360177233258,0.6330990101363592,0.07570869413595298,0.0,0.0,0.0,0.0,0.0,76,2.8212664508160046,0.6333333333333333,4.373684210526316
438597,14006,0.0,0.0,147.9050798410703,49.30169328035676,4.838192173983655,0.4487488880659297,0.05658236698519767,0.0,0.0,0.0,0.0,0.0,110,2.028327900044823,0.9166666666666666,1.933181818181818
438597,14008,0.0,0.0,36.560921816343225,73.12184363268645,12.409490384196163,0.8882458114935317,0.07687266874547183,0.0,0.0,0.0,0.0,0.0,43,2.7351607955163386,0.35833333333333334,6.932558139534884
438597,14009,0.0,0.0,69.37650582832619,34.688252914163094,11.732153413314576,1.0588032571034944,0.08450198727181352,0.0,0.0,0.0,0.0,0.0,29,2.8828203094417115,0.24166666666666667,12.407142857142857
438597,14011,0.0,0.0,192.04193795524483,160.03494829603736,12.504739783620161,0.8321839183959477,0.09473212450909052,0.0,0.0,0.0,0.0,0.0,58,3.1243175651551143,0.48333333333333334,6.846409126263935
438597,14012,0.0,0.0,76.2848369863385,114.42725547950776,15.670179621266806,0.992106827568691,0.10762884337311954,0.0,0.0,0.0,0.0,0.0,28,2.621752997070926,0.23333333333333334,12.311564625850338
438597,14014,0.0,0.0,113.8592960968172,113.8592960968172,15.560600654894445,1.1240947706206097,0.12192334274237102,0.0,0.13793103448275862,0.0,0.0,0.0,29,2.634830973703746,0.24166666666666667,10.9842175066313
438597,15000,0.0,0.0,79.14464406137441,39.572322030687204,6.013354051121448,0.6035408825632801,0.05060390823605308,0.0,0.0,0.0,0.0,0.0,74,2.527018756252233,0.6166666666666667,2.9389338628989723
438597,16000,0.0,0.0,68.0120179787283,136.0240359574566,6.99455329303709,0.6792643472819337,0.055661971328138674,0.0,0.0,0.0,0.0,0.0,45,1.470328376835935,0.375,3.3195071010860486
438597,16001,0.0,0.0,116.46518304160051,101.90703516140044,14.204535912872817,1.1336688215150796,0.10992078695000027,0.0,0.0,0.0,0.0,0.0,74,6.869005647071759,0.6166666666666667,11.090417690417691
438597,16002,0.0,0.0,148.03177224274796,37.00794306068699,10.583906990957784,0.8148890531898205,0.05218598084953427,0.0,0.0,0.0,0.0,0.0,84,2.7021226182718747,0.7,6.154383116883118
438597,16004,0.0,0.0,0.0,0.0,6.82212749987716,0.8587409130062869,0.03712008448080673,0.0,0.0,0.0,0.0,0.0,13,1.176594761644205,0.10833333333333334,15.861042183622828
438597,17000,0.0,0.0,0.0,0.0,7.933281198967149,0.9556998911125343,0.04511804702990867,0.0,0.0,0.0,0.0,0.0,14,1.1194238551166293,0.11666666666666667,10.658441558441558
438597,17001,0.0,0.0,0.0,32.7234149254428,9.872623980301354,0.9885979814974044,0.044147294149234295,0.0,0.0,0.0,0.0,0.0,49,3.05591577858975,0.4083333333333333,8.791031149301824
438597,17003,0.0,0.0,33.74392789330361,67.48785578660723,7.0762851267226266,0.7355577468886504,0.04852632258875065,0.0,0.0,0.0,0.0,0.0,80,2.9634961382146834,0.6666666666666666,4.383642253590185
438597,17004,0.0,0.0,38.94462265896686,77.88924531793371,10.154644147101864,1.0011377114440225,0.06779589696333746,0.0,0.0,0.0,0.0,0.0,37,2.5677485920376575,0.30833333333333335,8.360120214852074
438597,17005,0.0,0.0,0.0,77.03032627317492,12.522978075968636,1.019025461146272,0.07547316610640632,0.0,0.21428571428571427,0.0,0.0,0.0,28,2.596380019094481,0.23333333333333334,11.05688775510204
438597,18000,0.0,0.0,130.25114360384603,115.77879431452982,10.733498221278216,0.7095273463669014,0.09147393244818479,0.0,0.0,0.0,0.0,0.0,146,6.909728199679506,1.2166666666666666,4.5573929115025
438597,18001,0.0,0.0,92.7949482760582,154.65824712676363,9.044005618283965,0.5931925774178837,0.06450219156553107,0.0,0.0,0.0,0.0,0.0,97,3.232934610917848,0.8083333333333333,3.5907216494845358
438597,18002,0.0,0.0,159.7600730806702,191.71208769680425,11.10749672035768,0.6332219439718302,0.11741233282509393,0.0,0.0,0.0,0.0,0.0,73,3.1296931101648098,0.6083333333333333,4.759589041095891
438597,19000,0.0,0.0,148.73738240056397,106.24098742897428,11.908981801747677,0.7222288842607164,0.07652084764345829,0.0,0.0,0.0,0.0,0.0,104,4.7062815594995016,0.8666666666666667,5.715532544378698
438597,19001,0.0,0.0,139.3760757159833,139.3760757159833,8.525758493576173,0.6217272318715167,0.07143044253345625,0.0,0.0,0.0,0.0,0.0,73,2.869933006401392,0.6083333333333333,3.756164383561644
438597,19002,0.0,0.0,78.14940697814795,117.22411046722195,14.477011996185304,1.0967215034373894,0.09607807575923291,0.0,0.5172413793103449,0.0,0.0,0.0,29,2.5592004819169487,0.24166666666666667,10.448275862068966
438597,20000,0.0,0.0,69.0082279751042,69.0082279751042,10.623206231356422,0.9862927357873998,0.075637081351476,0.0,0.0,0.0,0.0,0.0,78,5.796410250445877,0.65,8.46698155645524
438597,20001,0.0,0.0,72.17256873013683,72.17256873013683,11.83376337246759,0.8608513906312316,0.12476452443273807,0.0,0.0,0.0,0.0,0.0,15,2.771135952605865,0.125,23.206666666666667
438597,20004,0.0,0.0,81.10855409310467,0.0,11.458601692377572,1.032917357113938,0.045089672526671815,0.0,0.0,0.0,0.0,0.0,55,2.465831159687788,0.4583333333333333,10.101834831834832
438597,20005,0.0,0.0,36.9666907252633,36.9666907252633,10.141243132827986,1.0504931974968332,0.05601212396014134,0.0,0.0,0.0,0.0,0.0,36,2.7051380050002503,0.3,10.42992252456538
438597,20006,0.0,0.0,83.95482313975192,83.95482313975192,8.280889856168304,1.0361987848192837,0.09842994674613086,0.0,0.0,0.0,0.0,0.0,11,1.1911167966316734,0.09166666666666666,15.690350431691217
438597,20008,0.0,0.0,0.0,0.0,7.647218178955221,0.9276173343271816,0.060666077099426355,0.0,0.0,0.0,0.0,0.0,15,1.130473110791754,0.125,13.505777777777778
438597,20010,0.0,0.0,35.14336521669212,0.0,10.325511547798357,1.086197972394526,0.05950954487477,0.0,0.0,0.0,0.0,0.0,32,2.845487316977339,0.26666666666666666,10.986284722222223
438597,20011,0.0,0.0,0.0,40.845721716200174,8.386034997444701,0.979478592649399,0.05168970782255097,0.0,0.0,0.0,0.0,0.0,41,2.4482368237929344,0.3416666666666667,6.880597618772398
438597,20012,0.0,0.0,80.1850434793418,0.0,8.625945992600787,0.880627285696594,0.046013160136785726,0.0,0.0,0.0,0.0,0.0,63,2.4942307358295106,0.525,5.855531805139117
438597,20013,0.0,0.0,74.20244621110771,74.20244621110771,10.925649119089876,1.034601232910181,0.08942635405915608,0.0,0.03571428571428571,0.0,0.0,0.0,28,2.695328930679661,0.23333333333333334,10.046428571428573
438597,21000,0.0,0.0,80.23936078593947,160.47872157187894,5.470725478844403,0.41424324305352356,0.05108629113516883,0.0,0.0,0.0,0.0,0.0,87,1.246271144492009,0.725,1.9089894275919683
438597,22000,0.0,0.0,175.24275555663542,155.77133827256483,13.229784409954354,0.9894375513262448,0.09108830040771004,0.0,0.0,0.0,0.0,0.0,73,5.135732984460722,0.6083333333333333,8.883561643835616
438597,23000,0.0,0.0,105.34301854992655,75.24501324994755,14.087575439474458,1.0672844412437645,0.10431991579049658,0.0,0.0,0.0,0.0,0.0,75,6.644958627877557,0.625,10.131831244778612
438597,23003,0.0,0.0,155.56953521936265,155.56953521936265,13.109106343008317,0.8853993510916455,0.11072729353805211,0.0,0.0,0.0,0.0,0.0,41,2.571197499793101,0.3416666666666667,7.337398373983741
438597,23004,0.0,0.0,119.62571387232953,119.62571387232953,12.475675506313996,1.0030652881647577,0.09911208979366783,0.0,0.0,0.0,0.0,0.0,33,2.50782202495506,0.275,9.454545454545455
438597,23007,0.0,0.0,100.33069595310162,100.33069595310162,10.975422678771054,0.7114411137143399,0.07421839956322157,0.0,0.0,0.0,0.0,0.0,131,5.980223642428064,1.0916666666666666,5.169083969465649
438597,23008,0.0,0.0,103.81436806204285,173.02394677007143,11.364600186062562,0.7450566675732696,0.08298483833813584,0.0,0.0,0.0,0.0,0.0,52,2.8897734061311264,0.43333333333333335,5.84326923076923
438597,23009,0.0,0.0,155.36572885430877,155.36572885430877,11.688860170407263,0.7200437137036104,0.09547118757304333,0.0,0.0,0.0,0.0,0.0,60,2.5745703569871083,0.5,5.272499999999999
438597,24000,0.0,0.0,66.30070437721349,66.30070437721349,12.088180601997843,1.03683892365832,0.08645495943488593,0.0,0.0,0.0,0.0,0.0,67,6.033118407373568,0.5583333333333333,10.953127221037668
438597,25000,0.0,0.0,36.418645688784714,54.62796853317706,9.826856597764852,0.9358615206139853,0.05467598196647138,0.0,0.0,0.0,0.0,0.0,100,5.491692406936234,0.8333333333333334,6.893655272783474
438597,25001,0.0,0.0,92.5474332032514,0.0,11.342930723727239,0.9769710646462757,0.039728396064127515,0.0,0.0,0.0,0.0,0.0,47,2.161053992289151,0.39166666666666666,9.000650319269575
438597,26000,0.0,0.0,36.87315321988035,0.0,9.678181327960573,1.0901154415671217,0.05687444430268424,0.0,0.0,0.0,0.0,0.0,29,2.712000229643623,0.24166666666666667,11.79310344827586
438597,26001,0.0,0.0,0.0,0.0,9.16592381814731,0.9677060069811496,0.03786321566438924,0.0,0.0,0.0,0.0,0.0,49,2.5270212873759794,0.4083333333333333,7.102391762994928
438597,26002,0.0,0.0,0.0,0.0,8.703190887492035,1.035194017909452,0.05156390363656407,0.0,0.0,0.0,0.0,0.0,40,2.470840347967507,0.3333333333333333,8.567452654041077
438597,26003,0.0,0.0,152.78065431381953,114.58549073536463,12.7940231951488,1.0509134745090587,0.10358403810986257,0.0,0.88,0.0,0.0,0.0,25,2.6181325233650257,0.20833333333333334,12.366421052631578
438597,27000,0.0,0.0,118.85119719580375,118.85119719580375,14.673925215275073,0.899872663194036,0.10996794894722779,0.0,0.0,0.0,0.0,0.0,209,15.144988375965237,1.7416666666666667,8.368016194331982
438597,27002,0.0,0.0,203.16029878240033,237.02034857946703,9.505195242662857,0.6058029295577685,0.07877588349695736,0.0,0.0,0.0,0.0,0.0,86,2.9533329277224794,0.7166666666666667,3.8021274115521355
438597,27003,0.0,0.0,143.07260962776752,107.30445722082564,14.294837711708436,1.1083830367780911,0.10978624814696487,0.0,0.0,0.0,0.0,0.0,28,2.7957832113406003,0.23333333333333334,12.610714285714286
438597,27004,0.0,0.0,168.91729144741575,168.91729144741575,10.239217607213227,0.669747361082284,0.09807898054037187,0.0,0.0,0.0,0.0,0.0,130,6.512062741323508,1.0833333333333333,5.051849816849817
438597,27005,0.0,0.0,35.68266634210137,71.36533268420274,15.86832741986901,1.1219063834360603,0.11291259186103787,0.0,0.0,0.0,0.0,0.0,24,2.802481155451427,0.2,16.34375
438597,27006,0.0,0.0,152.49315474914,76.24657737457,11.866857800175527,1.0900596587107838,0.1386361336496041,0.0,0.0,0.0,0.0,0.0,11,1.311534280532208,0.09166666666666666,13.363636363636363
438597,28001,0.0,0.0,147.89239150956354,110.91929363217264,11.145255313360927,0.7889915517061048,0.09106143726437084,0.0,0.0,0.0,0.0,0.0,50,2.7046692254897633,0.4166666666666667,5.571999999999999
438597,28002,0.0,0.0,191.1372845885251,152.90982767082008,16.691237649321213,1.1199994100487751,0.1447890298631919,0.0,0.2222222222222222,0.0,0.0,0.0,27,2.615920808315268,0.225,11.85925925925926
438597,29000,0.0,0.0,78.25644879399694,78.25644879399694,11.165326969789875,0.8718460211769732,0.07340345692419596,0.0,0.0,0.0,0.0,0.0,104,6.389249802482158,0.8666666666666667,7.056905033015231
438597,30000,0.0,0.0,81.73516310683758,81.73516310683758,8.707440418721218,0.8425434329028281,0.10026037355534638,0.0,0.0,0.0,0.0,0.0,19,1.2234636379117285,0.15833333333333333,14.561917458845352
438597,30001,0.0,0.0,146.44170411558383,146.44170411558383,9.686356787383994,0.8815322611881637,0.09521746457397315,0.0,0.0,0.0,0.0,0.0,16,1.3657311706926296,0.13333333333333333,9.6625
438597,31000,0.0,0.0,81.81576925287065,0.0,7.947010912557769,0.9908353864438492,0.06496886597497609,0.0,0.0,0.0,0.0,0.0,15,1.2222582628408316,0.125,15.65130081300813
438597,31001,0.0,0.0,23.21656679841916,46.43313359683832,11.414017441210508,1.0204779854120347,0.06364637851805184,0.0,0.0,0.0,0.0,0.0,54,4.307269066449959,0.45,10.26437936039706
438597,32000,0.0,0.0,0.0,0.0,7.3498150653278165,0.6931471805599453,0.060266582380527955,0.0,0.0,0.0,0.0,0.0,12,1.1741200831318124,0.1,18.890900597907322
438597,32001,0.0,0.0,0.0,0.0,7.7798917333567825,0.8823109245150756,0.019716992457202907,0.0,0.0,0.0,0.0,0.0,15,1.0015811621756818,0.125,16.234913112164296
438597,32002,0.0,0.0,52.302856475172355,52.302856475172355,8.915657029116664,0.8268719262231217,0.04592952002066631,0.0,0.0,0.0,0.0,0.0,133,5.735824393117172,1.1083333333333334,5.658757799898695
438597,32003,0.0,0.0,35.90213925140633,0.0,8.058229554914048,0.8232551269574931,0.03679029174509939,0.0,0.0,0.0,0.0,0.0,91,2.785349343662937,0.7583333333333333,5.1699910931349
438597,32004,0.0,0.0,76.36681403042495,76.36681403042495,12.455954773835941,1.0304089991452012,0.08581657705907086,0.0,0.5925925925925926,0.0,0.0,0.0,27,2.618938638978954,0.225,11.875925925925927
438597,33000,0.0,0.0,97.76437012436354,139.66338589194788,10.031067176245022,0.686692932413494,0.08505931855453538,0.0,0.0,0.0,0.0,0.0,175,7.160072724956424,1.4583333333333333,4.485251700680272
438597,33001,0.0,0.0,190.10211132008936,142.576583490067,14.580103813458376,1.1082153551850982,0.16919293794904688,0.0,0.0,0.0,0.0,0.0,24,2.104132338259461,0.2,9.974587510442772
438597,33002,0.0,0.0,78.1861928673562,156.3723857347124,10.205366380406637,0.597063971397645,0.05762385055557625,0.0,0.0,0.0,0.0,0.0,79,2.5579964014784857,0.6583333333333333,4.036990154711674
438597,33003,0.0,0.0,74.94764224467207,0.0,13.335077771245501,1.1566166001931477,0.07146965005455792,0.0,0.0,0.0,0.0,0.0,32,2.668529576248514,0.26666666666666666,11.698200442967885
438597,33004,0.0,0.0,158.80490735090206,119.10368051317653,12.48856494739055,0.6607661340468554,0.1088550989498277,0.0,0.0,0.0,0.0,0.0,50,2.5188138494747085,0.4166666666666667,5.978097744360903
438597,33005,0.0,0.0,75.79123414147256,151.58246828294511,11.429316884348873,0.7677279901091839,0.07531756752887228,0.0,0.0,0.0,0.0,0.0,53,2.6388275935272185,0.44166666666666665,6.052830188679246
438597,33006,0.0,0.0,167.6139887422081,67.04559549688325,12.477216565180024,0.9748398447116557,0.09261171844657458,0.0,0.0,0.0,0.0,0.0,47,2.98304457612428,0.39166666666666666,9.042630452870558
438597,33011,0.0,0.0,112.82361877988376,112.82361877988376,13.067921163882765,0.8248292474162603,0.11491944557235617,0.0,0.0,0.0,0.0,0.0,45,2.659017706082385,0.375,6.893984962406015
438597,33012,0.0,0.0,99.46561533779732,99.46561533779732,12.095606049896206,0.7432420612015315,0.08391142811309804,0.0,0.08571428571428572,0.0,0.0,0.0,70,3.01611767022366,0.5833333333333334,5.24
438597,34000,0.0,0.0,153.93958006174165,153.93958006174165,12.599354682217045,0.7998363684642836,0.1090340770606215,0.0,0.0,0.0,0.0,0.0,85,4.547238596592546,0.7083333333333334,6.032941176470588
438597,35001,0.0,0.0,108.59318127124773,152.03045377974684,14.915108091094634,0.9851735568612778,0.09436852750247608,0.0,0.0,0.0,0.0,0.0,57,4.604340660681844,0.475,9.175438596491228
438597,35002,0.0,0.0,112.54130435558716,75.0275362370581,15.968007260124072,0.7487139037572723,0.10035262865097502,0.0,0.0,0.0,0.0,0.0,80,5.331375919584433,0.6666666666666666,8.040625
438597,35003,0.0,0.0,62.55646091851547,156.39115229628868,10.392624672980904,0.6655714868914486,0.07353984172791841,0.0,0.0,0.0,0.0,0.0,82,3.197111810089691,0.6833333333333333,4.713501742160279
438597,35004,0.0,0.0,104.52327027727996,104.52327027727996,15.518103424330832,1.1240947706206097,0.1193746268968305,0.0,0.0,0.0,0.0,0.0,29,2.870174260757037,0.24166666666666667,11.086206896551724
4923603,0,0.0,0.0,30.406995008163285,30.406995008163285,25.74827410475964,1.4855364626020728,0.1560121234006959,0.0,0.0,0.0,0.0,0.0,129,42.75332040048655,1.075,38.64341085271318
4923603,1000,0.0,0.0,16.772737453535015,21.564948154545018,19.330889672760495,1.1520492602933396,0.1322160851943175,0.0,0.0,0.0,0.0,0.0,378,166.9375680479559,3.15,52.476190476190474
4923603,1001,0.0,0.0,9.000537526495563,15.000895877492603,13.905354165971545,1.005846218085384,0.10155312868683733,0.0,0.0,0.0,0.0,0.0,141,66.66268522671392,1.175,56.824296499656825
4923603,1002,0.0,0.0,22.970940001635483,31.078330590448005,19.06844196850318,1.247197448761061,0.14040989872070944,0.0,0.0,0.0,0.0,0.0,178,74.00654913899751,1.4833333333333334,49.662921348314605
4923603,2000,0.0,0.0,51.80786539134606,58.28384856526432,26.159472472912146,1.2903524563042783,0.17779797264398092,0.0,0.0,0.0,0.0,0.0,181,46.32501227122347,1.5083333333333333,29.596685082872927
4923603,3000,0.0,0.0,45.701125664262534,50.77902851584726,27.942500297778967,1.4335938858788615,0.1546294578982672,0.0,0.34513274336283184,0.0,0.0,0.0,226,59.07950757789216,1.8833333333333333,30.376106194690266
4923603,4000,0.0,0.0,108.21208417208747,108.21208417208747,14.470335769564942,1.235144651532666,0.15127865318650305,0.0,0.0,0.0,0.0,0.0,45,6.468778467354942,0.375,15.177777777777777
4923603,5000,0.0,0.0,75.03040128725273,56.27280096543955,14.06367598633162,1.2637352055328415,0.13452302413479245,0.0,0.0,0.0,0.0,0.0,26,5.331172339977313,0.21666666666666667,23.46153846153846
4923603,6000,0.0,0.0,28.817068901631092,23.805404744825687,27.50236917899104,1.2872431916063771,0.14923208899427098,0.0,0.0,0.0,0.0,0.0,204,79.8138078460095,1.7,46.416666666666664
4923603,6001,0.0,0.0,23.983985519306117,20.985987329392852,23.66646324835676,1.073572640514047,0.12787471632844785,0.0,0.0,0.0,0.0,0.0,203,66.71118103836687,1.6916666666666667,38.95566502463054
4923603,7000,0.0,0.0,9.32459940930519,9.32459940930519,15.264551613058027,1.0547988361546463,0.11017671742054676,0.0,0.0,0.0,0.0,0.0,51,21.448642587306892,0.425,50.666666666666664
4923603,7001,0.0,0.0,13.924060212396611,11.861236477226742,13.444702831648003,0.7214021485778923,0.11971906188711937,0.0,0.0,0.0,0.0,0.0,382,193.90895750337148,3.183333333333333,60.32975848674211
4923603,7002,0.0,0.0,37.48482744069903,37.48482744069903,22.965731345145972,1.2734479767408464,0.19254979964264746,0.0,0.0,0.0,0.0,0.0,67,26.677460409334934,0.5583333333333333,47.08955223880597
4923603,8000,0.0,0.0,30.894907227043255,12.357962890817303,19.333030086322946,1.1613105371897503,0.10863568618353729,0.0,0.0,0.0,0.0,0.0,58,16.183897116944074,0.48333333333333334,33.53448275862069
4923603,9000,0.0,0.0,15.805950362387556,14.590108026819282,24.309348910335803,1.247759672641478,0.11680987683027014,0.0,0.0,0.0,0.0,0.0,360,164.4950123459238,3.0,54.166666666666664
4923603,9001,0.0,0.0,10.30498712749698,9.512295809997212,24.932334725791186,0.976298711362436,0.08935516773961759,0.0,0.03137254901960784,0.0,0.0,0.0,255,126.15251081014812,2.125,58.752941176470586
4923603,11000,0.0,0.0,3.7814773587219506,6.14490070792317,23.402602521993746,0.6441135678902148,0.07618130866028595,0.0,0.0,0.0,0.0,0.0,391,211.5575274184323,3.2583333333333333,64.70332480818415
4923603,11001,0.0,0.0,18.617846319932084,23.272307899915106,16.379076642960086,1.0240321285694491,0.11017530950928472,0.0,0.0,0.0,0.0,0.0,44,21.484762153813886,0.36666666666666664,58.96190191387559
4923603,12000,0.0,0.0,83.38339680759196,55.58893120506131,15.340218839690221,1.1209503926735833,0.21092200166029879,0.0,0.0,0.0,0.0,0.0,11,3.5978385564245245,0.09166666666666666,36.63636363636363
4923603,12001,0.0,0.0,141.32655319751416,125.62360284223485,21.310751937652228,1.3124506089178565,0.23145404501327066,0.0,0.0,0.0,0.0,0.0,27,6.368230029230135,0.225,25.0
4923603,12002,0.0,0.0,31.245648167869422,22.31832011990673,31.211300580889247,1.2467910675021647,0.10318216108795226,0.0,0.0,0.0,0.0,0.0,90,22.403119827734127,0.75,29.655555555555555
4923603,13000,0.0,0.0,64.35016506588006,64.35016506588006,18.72434102299897,1.0572250688114029,0.15955878545088506,0.0,0.0,0.0,0.0,0.0,130,26.417958652624797,1.0833333333333333,22.753846153846155
4923603,14000,0.0,0.0,21.839213218234292,25.38070725362364,22.011248422151215,1.2236809165719604,0.14700270595938025,0.0,0.0,0.0,0.0,0.0,397,169.42002273739172,3.308333333333333,50.528804745266925
4923603,14001,0.0,0.0,15.874430169554222,15.874430169554222,14.460302488858495,1.048507130784354,0.11716348360650956,0.0,0.0,0.0,0.0,0.0,313,144.88709046143907,2.6083333333333334,55.322683706070286
4923603,14002,0.0,0.0,26.08551712069532,28.017777648154237,24.900149205391454,1.2526152331672966,0.1517515260992853,0.0,0.0,0.0,0.0,0.0,237,103.50571113876504,1.975,51.71484959847557
4923603,15000,0.0,0.0,88.73902134022386,97.61292347424624,22.9510893271332,1.2234241491659843,0.1878349308092775,0.0,0.0,0.0,0.0,0.0,191,33.80699893565484,1.5916666666666666,19.869109947643977
4923603,17000,0.0,0.0,0.8217139245831302,0.4108569622915651,5.869066895616864,0.13747608605386646,0.03279651556712229,0.0,0.0,0.0,0.0,0.0,381,243.39370919321283,3.175,76.01574803149606
4923603,17001,0.0,0.0,5.310182212690563,7.965273319035846,16.734784664030766,0.6778078903018158,0.08154135329475741,0.0,0.0,0.0,0.0,0.0,130,75.32698200902752,1.0833333333333333,69.0923076923077
4923603,17002,0.0,0.0,43.97067254027795,48.85630282253106,20.923983329513423,1.4051437410950718,0.14775287592724068,0.0,0.0,0.0,0.0,0.0,151,40.936376362020994,1.2583333333333333,31.337748344370862
4923603,18000,0.0,0.0,31.150099528782416,35.789476054345755,19.11563787761783,1.2911418873721365,0.14635145550284775,0.0,0.8535353535353535,0.0,0.0,0.0,396,150.88234294908887,3.3,44.91919191919192
4923603,19000,0.0,0.0,27.697261958492668,26.90591161682145,18.95959776879854,1.3049681170247391,0.14291264180213967,0.0,0.22580645161290322,0.0,0.0,0.0,310,126.36628144851022,2.5833333333333335,48.15483870967742
4923603,19001,0.0,0.0,43.33570574325759,33.486681710699045,25.23466703658034,1.4571352284347605,0.13446990385224342,0.0,0.0,0.0,0.0,0.0,156,50.76645141154274,1.3,38.33974358974359
4923603,20000,0.0,0.0,115.55674159889328,88.88980122991792,16.85122215583331,1.0767820068800638,0.18934017970821684,0.0,0.0,0.0,0.0,0.0,53,11.249884533023648,0.44166666666666665,22.867924528301888
4923603,21000,0.0,0.0,63.02732215314823,71.43096510690134,17.71824183574657,1.191660519318285,0.16631908199914114,0.0,0.0,0.0,0.0,0.0,80,23.799202453107466,0.6666666666666666,34.8375
4923603,22000,0.0,0.0,68.08130158968572,72.94425170323471,19.15279517309272,1.290669163166291,0.1282355653267283,0.0,0.0,0.0,0.0,0.0,114,20.563649156380098,0.95,20.06140350877193
4923603,23000,0.0,0.0,90.07575961533408,72.06060769226725,15.747603761253751,1.1815185191778088,0.15326801256710043,0.0,0.0,0.0,0.0,0.0,34,5.550882969349751,0.2833333333333333,17.205882352941178
4923603,24000,0.0,0.0,18.566364844501397,25.119199495501892,21.15357907700232,1.1471562488423248,0.16433175069908468,0.0,0.0,0.0,0.0,0.0,412,183.12685485155387,3.433333333333333,52.75
4923603,24001,0.0,0.0,33.965282740604096,31.842452569316336,24.255694775148815,1.3905446048713008,0.15158481466817403,0.0,0.0,0.0,0.0,0.0,414,141.32077264476288,3.45,40.45169082125604
4923603,25000,0.0,0.0,22.855155645049425,26.216207945791986,17.10327948302058,1.1905209526890421,0.13084282286964535,0.0,0.1387434554973822,0.0,0.0,0.0,382,148.76293352814957,3.183333333333333,46.37434554973822
4923603,26000,0.0,0.0,31.67412723745977,36.42524632307874,19.194584416701115,1.2891698948799655,0.15181376060988455,0.0,0.25412541254125415,0.0,0.0,0.0,303,126.2860368657405,2.525,49.65016501650165
4923603,26001,0.0,0.0,29.533438587957,27.5645426820932,26.200717219640072,1.456851747975949,0.11258958376966184,0.0,0.0,0.0,0.0,0.0,170,50.7898867086768,1.4166666666666667,35.005692599620495
4923603,27000,0.0,0.0,96.9358945633604,87.24230510702436,14.670764342461254,1.1201650363503728,0.16986468619471487,0.0,0.0,0.0,0.0,0.0,47,10.316096060230485,0.39166666666666666,23.78723404255319
4923603,28000,0.0,0.0,14.418773570223378,15.074172368869895,16.555641892347662,1.0894370049603805,0.12570217843449483,0.0,0.0,0.0,0.0,0.0,333,152.57885764592925,2.775,54.567567567567565
4923603,28001,0.0,0.0,31.839392070360713,31.839392070360713,21.12064942757066,1.0846292693979294,0.14526546915488076,0.0,0.0,0.0,0.0,0.0,253,84.80061409568903,2.1083333333333334,39.683794466403164
4923603,29000,0.0,0.0,68.56619838151755,73.13727827361872,20.19274232968019,1.2903028062518922,0.16951188359079727,0.0,0.25301204819277107,0.0,0.0,0.0,83,21.876668612333834,0.6916666666666667,31.987951807228917
4923603,29001,0.0,0.0,17.022598946357924,15.320339051722131,22.496473535646924,1.2701728770882528,0.11392785707433213,0.0,0.0,0.0,0.0,0.0,155,58.74543617876607,1.2916666666666667,45.13548387096774
4923603,30000,0.0,0.0,55.06526875309387,33.03916125185632,19.338638522214488,0.9399769991805311,0.10307160741421874,0.0,0.0,0.0,0.0,0.0,71,9.080133654517164,0.5916666666666667,15.295774647887324
4923603,31000,0.0,0.0,54.38579441633385,43.508635533067086,18.814761250890722,1.2091713761918712,0.13374234665918638,0.0,1.0,0.0,0.0,0.0,41,9.193577208276164,0.3416666666666667,25.170731707317074
4923603,32000,0.0,0.0,31.08438662453438,36.265117728623444,20.557176664918437,1.3696434641306483,0.14930383900886662,0.0,0.36977491961414793,0.0,0.0,0.0,311,115.8137698994704,2.591666666666667,44.08360128617363
4923603,32001,0.0,0.0,20.55326475265438,21.837843799695275,22.793353898669487,1.2271783409873263,0.13869402295839212,0.0,0.0,0.0,0.0,0.0,341,155.6930268018239,2.841666666666667,54.01901428436288
4923603,32002,0.0,0.0,29.868517381738897,29.868517381738897,29.84976722214214,1.4042549436988419,0.12598750523124352,0.0,0.0,0.0,0.0,0.0,149,53.56810917498746,1.2416666666666667,42.10738255033557
4923603,33000,0.0,0.0,97.23698098756745,108.04108998618607,12.861063025611855,0.9425295413115048,0.13507098169489234,0.0,0.0,0.0,0.0,0.0,55,9.25573779501723,0.4583333333333333,18.78181818181818
4923603,34000,0.0,0.0,18.534608860892437,22.98291498750662,21.685524684237432,1.2006741938601742,0.14260212007935258,0.0,0.7603833865814696,0.0,0.0,0.0,313,134.88280323384313,2.6083333333333334,51.0
4923603,35000,0.0,0.0,46.308144667126975,52.923593905287966,22.845378127208747,1.3970876932741694,0.20754917316232072,0.0,0.023076923076923078,0.0,0.0,0.0,130,45.34839422082783,1.0833333333333333,41.284615384615385
4923603,35001,0.0,0.0,20.505580658321037,20.505580658321037,16.422164196173863,1.1134774555492974,0.10853457031988228,0.0,0.0,0.0,0.0,0.0,208,58.52065444989228,1.7333333333333334,33.62019230769231
4923603,35002,0.0,0.0,55.713618589360536,51.99937735006983,22.370023275513052,0.9678347829923115,0.17967695101684508,0.0,0.0,0.0,0.0,0.0,95,26.923399304859558,0.7916666666666666,33.0082044376793
4923603,37000,0.0,0.0,17.787207331901854,17.787207331901854,27.17575756640389,1.3854077203708994,0.11064717960214561,0.0,0.0,0.0,0.0,0.0,170,56.22018011823993,1.4166666666666667,38.8235294117647
4923603,38000,0.0,0.0,16.85255292465426,20.223063509585106,17.81045620826614,1.2385536440973786,0.13603253580741212,0.0,0.0,0.0,0.0,0.0,69,29.66909537299423,0.575,51.65217391304348
4923603,38001,0.0,0.0,38.076948774466594,36.786204748213486,19.869598302497252,1.3344138288702792,0.15154823111602245,0.0,0.0,0.0,0.0,0.0,463,154.94939037647853,3.8583333333333334,39.30885529157668
4923603,38002,0.0,0.0,20.942132082011263,23.18593194794104,20.23519599239267,1.261042303113956,0.12343593417430494,0.0,0.5345345345345346,0.0,0.0,0.0,333,133.70176393859754,2.775,47.507507507507505
4923603,39000,0.0,0.0,63.278289908407196,47.458717431305395,12.207194116417105,0.9772300460661988,0.11907883048746246,0.0,0.391304347826087,0.0,0.0,0.0,69,12.642566686899539,0.575,21.062178588125292
4923603,40000,0.0,0.0,31.861052211154217,32.401070045241575,22.58284538956098,1.3153006303599128,0.17376334429368526,0.0,0.0,0.0,0.0,0.0,448,185.17906944499694,3.7333333333333334,48.90221774193549
4923603,40001,0.0,0.0,34.64934969404162,31.91387471819623,20.390858983918278,1.3048641525619107,0.1594608128439192,0.0,0.0,0.0,0.0,0.0,280,109.67016794123143,2.3333333333333335,46.70357142857143
4923603,40002,0.0,0.0,28.43629760733756,18.957531738225043,20.58743839420574,1.388312345971653,0.14062310839860256,0.0,0.0,0.0,0.0,0.0,94,31.649689858632243,0.7833333333333333,39.57618393960192
4923603,41000,0.0,0.0,15.526324965289895,13.308278541677055,23.927941741266583,1.2865138146386594,0.10477281239714345,0.0,0.35046728971962615,0.0,0.0,0.0,428,180.3388764733175,3.566666666666667,50.324766355140184
4923603,42000,0.0,0.0,7.597361501404594,5.426686786717568,28.411299619836115,0.9779507047786045,0.06641955891617721,0.0,0.0,0.0,0.0,0.0,195,92.13725052711847,1.625,56.54358974358974
4923603,43000,0.0,0.0,5.068639461538196,7.372566489510104,18.068488376078555,0.5731891658107116,0.09201511797577336,0.0,0.0,0.0,0.0,0.0,382,217.02076234599244,3.183333333333333,68.07853403141361
4923603,43001,0.0,0.0,44.49263727881213,40.78491750557779,22.977571209682964,1.4462151151231981,0.14842846655992464,0.0,0.0,0.0,0.0,0.0,165,53.94150913016131,1.375,38.696969696969695
4923603,44000,0.0,0.0,22.835776003358028,26.19397835679303,16.727005735289183,1.2079080227189227,0.11796724065145997,0.0,0.31413612565445026,0.0,0.0,0.0,382,148.88918158507187,3.183333333333333,46.416230366492144
4923603,45000,0.0,0.0,19.89515780962106,21.820495662165033,20.175058493455712,1.1870671036002463,0.13816978543059225,0.0,0.3039772727272727,0.0,0.0,0.0,352,155.81680877649922,2.933333333333333,52.41761363636363
4923603,46000,0.0,0.0,42.5223373907444,42.5223373907444,23.372838868912748,1.488399440350413,0.14121418143438558,0.0,0.0,0.0,0.0,0.0,67,16.461936077680555,0.5583333333333333,27.64179104477612
4923603,46001,0.0,0.0,0.0,0.0,3.503525561206125,0.2868359830561607,0.027345748683131714,0.0,0.0,0.0,0.0,0.0,36,1.1300546538625564,0.3,1.0555555555555556
4923603,47000,0.0,0.0,130.3294903786685,93.09249312762037,16.667242788396422,1.2005943581359098,0.1739200497695207,0.0,0.0,0.0,0.0,0.0,27,5.371002356919915,0.225,22.40740740740741
4923603,47001,0.0,0.0,60.567579248181445,60.567579248181445,22.717739704362856,1.33933598564206,0.15276039019688012,0.0,0.0,0.0,0.0,0.0,117,24.765724808871866,0.975,24.521367521367523
4923603,48000,0.0,0.0,53.8678616662642,58.26523812881638,21.205277779307433,1.2753862202214055,0.1869178824410809,0.0,0.0,0.013513513513513514,0.0,0.0,296,90.96332856792645,2.466666666666667,35.74324324324324
4923603,49000,0.0,0.0,2.6337114918920728,3.009955990733797,12.028963744645512,0.39695544126943194,0.058379452641936065,0.0,0.0556792873051225,0.0,0.0,0.0,449,265.78461693885697,3.7416666666666667,70.89977728285078
4923603,49001,0.0,0.0,16.083175148989497,14.474857634090545,24.627220712049503,1.215915015122412,0.1272142326218167,0.0,0.0,0.0,0.0,0.0,144,62.176777330117545,1.2,51.166666666666664
4923603,50000,0.0,0.0,43.79612112092225,32.84709084069169,20.114653893694054,1.013812125765756,0.1094864524769618,0.0,0.0,0.0,0.0,0.0,61,9.133228919876018,0.5083333333333333,17.39344262295082
4923603,51000,0.0,0.0,31.063595876933686,29.08081316138473,17.97021906286705,1.2995179363730207,0.1382061513581383,0.0,0.0,0.0,0.0,0.0,392,151.30250916926173,3.2666666666666666,45.951530612244895
4923603,52000,0.0,0.0,28.27804155700917,27.635358794349873,22.030011311432364,1.2295260417186729,0.1589974516526648,0.0,0.0,0.0,0.0,0.0,364,155.59776270678083,3.033333333333333,50.505494505494504
4923603,52001,0.0,0.0,13.472158799680962,11.02267538155715,21.94452392232547,1.0139716274366415,0.10905114327423078,0.0,0.8579881656804734,0.0,0.0,0.0,169,81.64986891529585,1.4083333333333334,57.53846153846154
4923603,53000,0.0,0.0,7.381869922700004,5.536402442025003,32.88643236374745,1.0526203929127318,0.07069049583112219,0.0,0.0,0.04895104895104895,0.0,0.0,143,54.18681231024664,1.1916666666666667,44.91608391608391
4923603,54000,0.0,0.0,101.64461339464323,84.70384449553603,22.20208598808279,1.2468790385718627,0.16091587432558663,0.0,0.0,0.09333333333333334,0.0,0.0,75,11.805839580902386,0.625,17.69333333333333
4923603,55000,0.0,0.0,86.61933656701729,86.61933656701729,10.572249568445686,0.9002560512685369,0.07385674135899915,0.0,0.0,0.0,0.0,0.0,32,2.308953265247653,0.26666666666666666,7.90625
4923603,56000,0.0,0.0,62.11982326065467,67.29647519904256,15.679077440581608,0.9734383563536114,0.1097050585999666,0.0,0.0,0.0,0.0,0.0,140,19.317505057359902,1.1666666666666667,15.371428571428572
4923603,56001,0.0,0.0,11.11797723886159,11.812850816290439,24.48249813701777,1.0406591990136995,0.0971030124440166,0.0,0.0,0.0,0.0,0.0,297,143.9110699388183,2.475,57.45454545454545
4923603,57000,0.0,0.0,51.32080181652322,53.459168558878346,23.16411856490311,1.4146782796140136,0.17851443366140857,0.0,0.0,0.0,0.0,0.0,144,46.76466296415691,1.2,38.25
4923603,57001,0.0,0.0,29.30447515810292,30.002200757105374,24.18505793056861,1.369102754057345,0.16313947000215484,0.0,0.0,0.0,0.0,0.0,408,143.32281937622986,3.4,41.279411764705884
4923603,58000,0.0,0.0,7.644437962772269,7.098406679717106,18.0034971066437,0.8315199428697332,0.08193818835218017,0.0,0.5185185185185185,0.0,0.0,0.0,351,183.139690166612,2.925,62.27635327635328
4923603,59000,0.0,0.0,0.4724314198915868,0.4724314198915868,6.950561977144289,0.20868239875930628,0.04171394130012963,0.0,0.0,0.0,0.0,0.0,348,211.67093421294442,2.9,72.66091954022988
4923603,59001,0.0,0.0,44.961443538337434,47.00514551735277,27.788294271960655,1.50038438654747,0.15582984051734464,0.0,0.0,0.0,0.0,0.0,175,48.93081331172381,1.4583333333333333,32.27962519201229
4923603,60000,0.0,0.0,6.057822207041452,6.436436094981543,19.111569643180022,0.5437859829923855,0.09511163731319312,0.0,0.0,0.0,0.0,0.0,462,264.12132038807647,3.85,68.37662337662337
4923603,60001,0.0,0.0,8.433338511688284,8.99556107913417,27.892758907205753,1.0524050237058011,0.08716659085121929,0.0,0.2225201072386059,0.0,0.0,0.0,373,177.8655034327221,3.1083333333333334,56.56498282116801
4923603,61000,0.0,0.0,66.01328301615685,79.21593961938822,18.968051619724168,1.4643326072111575,0.1777347407546413,0.0,1.0,0.0,0.0,0.0,26,7.574233202090922,0.21666666666666667,33.53846153846154
4923603,62000,0.0,0.0,2.45061837734009,2.45061837734009,21.982924836182253,0.7633811971034377,0.055353074414011036,0.0,0.25225225225225223,0.0,0.0,0.0,444,244.83616280199536,3.7,65.77672096740126
4923603,62001,0.0,0.0,14.276474755380478,20.994815816735997,24.391217339794515,1.045387287807019,0.1256165334386808,0.0,0.0,0.0,0.0,0.0,242,119.07701509851435,2.0166666666666666,58.91674578662531
4923603,63000,0.0,0.0,123.49571036124026,123.49571036124026,14.856806187153571,1.2636544318820966,0.13794573141660402,0.0,0.0,0.0,0.0,0.0,44,6.477957798371302,0.36666666666666664,16.65909090909091
4923603,64000,0.0,0.0,30.843292613852242,30.843292613852242,25.46232995846178,1.237792836224401,0.18187302915756623,0.0,0.0,0.0,0.0,0.0,216,94.02368405692073,1.8,51.44444444444444
4923603,65000,0.0,0.0,23.091755117898675,21.99214773133207,19.45861377183407,1.1021789569571898,0.16961186679463683,0.0,0.0,0.0,0.0,0.0,206,90.94154988558088,1.7166666666666666,51.955992274767716
4923603,65001,0.0,0.0,16.83150893703734,20.197810724444807,15.380560149300345,1.076358624549398,0.13918139505510577,0.0,0.27692307692307694,0.0,0.0,0.0,195,89.11856955969559,1.625,54.57948717948718
4923603,66000,0.0,0.0,21.87710837930361,25.242817360734936,22.364509342588626,1.0711162923386714,0.1600833939296598,0.0,0.0,0.0,0.0,0.0,277,118.84568814677887,2.308333333333333,50.667870036101085
4923603,67000,0.0,0.0,32.504308825445634,16.252154412722817,24.551709444453238,1.3651578821130967,0.1291285968316971,0.0,0.0,0.0,0.0,0.0,41,12.30606077945163,0.3416666666666667,35.48780487804878
4923603,68000,0.0,0.0,16.194887414500396,21.593183219333863,17.343805962107766,1.3326053451787307,0.08619548557918949,0.0,0.0,0.0,0.0,0.0,47,18.524364654204966,0.39166666666666666,48.148936170212764
4923603,68001,0.0,0.0,7.71891551505919,6.064862190403649,26.076807426037217,0.9285081371548793,0.08654678878551252,0.0,0.580110497237569,0.0,0.0,0.0,362,181.37262900062518,3.0166666666666666,59.46132596685083
4923603,69000,0.0,0.0,8.062678821490426,9.214490081703342,22.802299803120107,0.7951849759388823,0.09634155019413593,0.0,0.0,0.0,0.0,0.0,321,173.63955962978608,2.675,64.32398753894081
4923603,70000,0.0,0.0,58.41876312982587,58.41876312982587,15.647702257440228,1.0259298877220222,0.07721737872278207,0.0,0.0,0.0,0.0,0.0,64,6.847115183028906,0.5333333333333333,13.15625
4923603,71000,0.0,0.0,78.36550607525581,78.36550607525581,13.55299205895141,1.1246702892376166,0.15379153001734344,0.0,0.0,0.0,0.0,0.0,16,3.8282149254788784,0.13333333333333333,28.9375
4923603,71001,0.0,0.0,9.511515778225121,10.417374423770372,22.24066568234978,0.7391154982638655,0.11145591636209427,0.0,0.0,0.0,0.0,0.0,410,220.78499883347368,3.4166666666666665,64.17560975609756
4923603,71002,0.0,0.0,16.234004517611318,15.584644336906866,28.65060350061075,1.1297037089111877,0.11660390549066302,0.0,0.14730878186968838,0.0,0.0,0.0,353,153.9977395773111,2.941666666666667,51.56940509915014
4923603,72000,0.0,0.0,49.89283373874065,53.73074402633608,18.090255279307776,1.2685147467243205,0.1528556121954735,0.0,1.0,0.0,0.0,0.0,91,26.055846152321863,0.7583333333333333,33.43956043956044
4923603,73000,0.0,0.0,25.928784187313447,34.0315292458489,23.576003110942775,1.3008945531425864,0.15140811718382732,0.0,0.0,0.0,0.0,0.0,146,61.70748263556666,1.2166666666666666,50.657534246575345
4923603,73001,0.0,0.0,37.31702071073465,43.12189059907115,26.03616488630081,1.4107915152801394,0.15462467356277726,0.0,0.0,0.0,0.0,0.0,391,120.58840481618421,3.2583333333333333,36.13554987212276
4923603,73002,0.0,0.0,19.836016640555943,13.224011093703963,21.186493545044478,1.0588581246777407,0.11604241195632575,0.0,0.0,0.0,0.0,0.0,61,30.24800850253692,0.5083333333333333,59.42622950819672
4923603,73003,0.0,0.0,1.3814039824419497,1.3814039824419497,7.056286503309284,0.22968497079303962,0.043848014162930056,0.0,0.0,0.0,0.0,0.0,357,217.17035987523425,2.975,72.62745098039215
4923603,73004,0.0,0.0,31.776574332408973,28.598916899168074,30.34932614115546,1.3858648341409334,0.10590962923934254,0.0,0.0,0.0,0.0,0.0,120,31.469723247672377,1.0,30.208333333333332
4923603,74000,0.0,0.0,8.319983642735739,6.807259344056512,22.69996803418089,0.8008551668327745,0.08726010228769851,0.0,0.5515873015873016,0.0,0.0,0.0,252,132.21179839222654,2.1,62.595238095238095
4923603,75000,0.0,0.0,1.739641070015511,1.739641070015511,8.460214591967171,0.1460707150798248,0.050599860475157736,0.0,0.0,0.0,0.0,0.0,191,114.96624415645508,1.5916666666666666,72.0261780104712
4923603,75001,0.0,0.0,26.8209735782117,31.74727484767915,23.35374578479181,1.2550303620762142,0.1624113841595416,0.0,0.0,0.0,0.0,0.0,414,182.69284616799172,3.45,52.41545893719807
4923603,76000,0.0,0.0,51.1711152695296,45.87755162095757,24.958981526588737,1.471633334895612,0.15972247766395295,0.0,0.0,0.0,0.0,0.0,197,56.67259712290924,1.6416666666666666,33.13705583756345
4923603,77000,0.0,0.0,28.654788756796197,31.986740937819015,18.423766785344036,1.3145448312330048,0.14036782309915402,0.0,0.0,0.0,0.0,0.0,394,150.0621776170012,3.283333333333333,45.14720812182741
4923603,78000,0.0,0.0,3.5985684044058135,1.7992842022029067,14.625963749736346,0.4225177857476043,0.05146946443309489,0.0,0.0,0.0,0.0,0.0,190,111.15531373817166,1.5833333333333333,70.23169665635723
4923603,78001,0.0,0.0,18.673759293764142,17.117612685950466,28.344870191299165,1.2146955701080013,0.10703918709503621,0.0,1.0,0.0,0.0,0.0,141,64.2612974239592,1.175,53.876697371790435
4923603,79000,0.0,0.0,63.66129724199017,39.788310776243854,12.785726382315858,1.0197431047545304,0.10173803814790199,0.0,0.3918918918918919,0.0,0.0,0.0,74,12.56650484137999,0.6166666666666667,20.89189189189189
4923603,80000,0.0,0.0,123.07953081380315,131.87092587193195,17.932353437061742,1.1169363328629054,0.180213381035488,0.0,0.0,0.0,0.0,0.0,79,11.374758993174456,0.6583333333333333,16.11392405063291
4923603,81000,0.0,0.0,64.43439225205721,52.35294370479647,21.052522513114273,1.1493126216683747,0.16968213158255332,0.0,0.0,0.0,0.0,0.0,106,24.831459474950144,0.8833333333333333,26.745283018867923
4923603,82000,0.0,0.0,75.39869916202028,75.39869916202028,20.366452452128982,1.2960232889471626,0.1509100611809105,0.0,0.0,0.0,0.0,0.0,82,18.56795960088932,0.6833333333333333,25.29268292682927
4923603,83000,0.0,0.0,30.401462867680646,27.50608545171106,29.28029081204889,1.3348496891076906,0.14193362894527026,0.0,0.4,0.0,0.0,0.0,225,69.07562340470398,1.875,35.66838709677419
4923603,83001,0.0,0.0,25.37586045041345,29.98965325957953,25.411741723477846,1.3051237807634037,0.16004883453841337,0.0,1.0,0.0,0.0,0.0,114,43.34828378133194,0.95,44.64035087719298
4923603,84000,0.0,0.0,40.061584625194136,42.41814842667615,21.3623696903325,1.2628646134641388,0.1940773840026124,0.0,0.0,0.0,0.0,0.0,205,84.86933384711374,1.7083333333333333,48.98048780487805
4923603,84001,0.0,0.0,57.43283570950244,59.17322467039645,25.041314753231724,1.3403022435272394,0.16753095030143908,0.0,0.0,0.0,0.0,0.0,252,57.45842006986267,2.1,25.496031746031747
4923603,84002,0.0,0.0,17.287409081182307,19.208232312424787,19.512597305466173,1.0418708532271552,0.13949439052363835,0.0,0.0,0.0,0.0,0.0,118,52.06101132758339,0.9833333333333333,52.49152542372882
4923603,85000,0.0,0.0,64.80982978874249,58.32884680986824,21.166237732233796,1.1717872685731314,0.1083010836131764,0.0,0.0,0.0,0.0,0.0,94,15.429758159520743,0.7833333333333333,19.03191489361702
4923603,86000,0.0,0.0,63.93681837242228,48.89286110832292,18.999359045455904,1.2359098372543464,0.1300620217518045,0.0,1.0,0.0,0.0,0.0,113,26.58874875658901,0.9416666666666667,27.495575221238937
4923603,87000,0.0,0.0,15.849333127898763,15.188944247569648,27.618592505919253,1.2159311868441296,0.10641018076929257,0.0,0.0,0.0,0.0,0.0,329,151.42592944654587,2.7416666666666667,54.702127659574465
4923603,88000,0.0,0.0,14.604017261244358,15.994876048029539,25.65551381781236,1.0539101107146949,0.10982463019134628,0.0,0.0,0.0,0.0,0.0,295,143.79605025344006,2.4583333333333335,58.43728813559322
5062851,1,0.0,0.0,73.39942771642879,83.88506024734718,28.002170997152884,1.473862601088278,0.26304003910103263,0.0,0.0,0.0,0.0,0.0,357,114.44230917511433,2.975,37.838375350140055
5062851,2,0.0,0.0,164.5480855245731,164.5480855245731,13.010088393243146,1.0549201679861442,0.1482985347816402,0.0,0.0,0.0,0.0,0.0,10,1.2154501789699195,0.08333333333333333,13.860000000000003
5062851,3,0.0,0.0,79.3821963562301,97.02268443539234,19.36520947132978,1.3889120811609323,0.22136657359668752,0.0,0.0,0.0,0.0,0.0,42,11.337554783206322,0.35,31.390476190476193
5062851,4,0.0,0.0,65.90130088342788,76.0399625578014,23.802678487640044,1.399061558031733,0.16817864778985445,0.0,0.0,0.0,0.0,0.0,101,19.72646947136228,0.8416666666666667,23.173267326732674
5062851,5,0.0,0.0,73.73723553289632,73.73723553289632,14.461625416732295,0.8899225323739497,0.12761520598866613,0.0,0.0,0.0,0.0,0.0,28,4.068500776194156,0.23333333333333334,16.91785714285714
5062851,6,0.0,0.0,62.74827824834281,77.3148428417081,22.72827793641659,1.5156008663210037,0.21581690666361342,0.0,0.43656716417910446,0.0,0.0,0.0,268,89.24547663023563,2.2333333333333334,40.002985074626864
5062851,8,0.0,0.0,77.21739431041723,98.60067273484047,26.670622928327756,1.5217300845472987,0.2827289423242977,0.0,0.0,0.0,0.0,0.0,249,84.17792465088529,2.075,40.49357429718875
5062851,9,0.0,0.0,121.67463005884483,60.83731502942241,16.41607748519725,1.2798542258336674,0.19837992674682794,0.0,0.0,0.0,0.0,0.0,10,1.643728030266253,0.08333333333333333,20.42
5062851,11,0.0,0.0,73.7349364262865,36.86746821314325,17.956484744730943,1.3409272820423415,0.14445504302454248,0.0,0.0,0.0,0.0,0.0,28,5.424836846504693,0.23333333333333334,22.00357142857143
5062851,12,0.0,0.0,87.15673552403592,0.0,10.187318922893043,1.0813448682427136,0.07286231912656145,0.0,0.0,0.0,0.0,0.0,28,2.294716510404917,0.23333333333333334,11.267857142857144
5062851,13,0.0,0.0,91.15808910108018,93.69025824277686,20.076404027611176,1.4198471435168438,0.19528105434174664,0.0,0.22039473684210525,0.0,0.0,0.0,304,78.98366531154812,2.533333333333333,30.17993421052632
5062851,14,0.0,0.0,49.82419280722381,99.64838561444762,11.314101820294884,0.8979457248567797,0.1650669108210697,0.0,1.0,0.0,0.0,0.0,10,2.0070571014951075,0.08333333333333333,23.889999999999997
5062851,16,0.0,0.0,158.18582442193357,79.09291221096679,7.8735964087679315,0.7516107045389425,0.06807501161619563,0.0,0.0,0.0,0.0,0.0,56,2.5286715890108367,0.4666666666666667,4.5928571428571425
5062851,17,0.0,0.0,184.18135074916154,138.13601306187115,13.877446260321953,1.0321153961039244,0.14311827459230392,0.0,0.0,0.0,0.0,0.0,81,6.515317621023923,0.675,9.028395061728395
5062851,18,0.0,0.0,72.98223506433197,96.0932761680371,25.345546904619894,1.5363442358043506,0.2706246351852561,0.0,0.0,0.0,0.0,0.0,256,82.2117874947397,2.1333333333333333,38.312890625
5062851,19,0.0,0.0,83.92853596821227,92.32138956503351,18.0968617168834,1.286735825764194,0.18524475893613263,0.0,0.0,0.0,0.0,0.0,50,11.914898651142295,0.4166666666666667,28.785999999999998
5062851,21,0.0,0.0,114.77060970023254,109.30534257165003,22.4360512210738,1.480496523164002,0.20636658935515131,0.0,1.0,0.0,0.0,0.0,89,18.29736729189603,0.7416666666666667,24.256179775280895
5062851,22,0.0,0.0,42.8089333911484,0.0,11.644073361347585,1.0465616513448108,0.06965149745627687,0.0,1.0,0.0,0.0,0.0,27,2.3359610267859883,0.225,10.833333333333334
5062851,23,0.0,0.0,39.232296253780966,39.232296253780966,11.150088564670686,1.0296530140645737,0.08589454048452679,0.0,1.0,0.0,0.0,0.0,20,2.548920393370108,0.16666666666666666,15.344999999999999
5062851,24,0.0,0.0,81.10635134152915,92.95334648130307,21.007409518374534,1.400922378974469,0.1991232671187039,0.0,0.26303854875283444,0.0,0.0,0.0,441,109.73246672782955,3.675,29.366439909297053
5062851,26,0.0,0.0,80.64223505568616,96.08436517273245,26.472416822395946,1.528246313135185,0.2505690396764351,0.0,0.0,0.0,0.0,0.0,418,116.56422956914557,3.4833333333333334,33.253349282296654
5062851,1000,0.0,0.0,45.62960151704951,45.62960151704951,13.587214339727478,1.1548222562354318,0.081945262181756,0.0,1.0,0.0,0.0,0.0,24,2.1915597917863687,0.2,12.284097222222222
5062851,1001,0.0,0.0,42.978117324111125,0.0,8.145374594497243,0.5359610497090694,0.10787650159805935,0.0,1.0,0.0,0.0,0.0,13,2.3267654849994805,0.10833333333333334,24.239743589743586
5062851,1002,0.0,0.0,56.17258838045377,68.90504174668996,21.457836101899215,1.4715663042632896,0.18669702130803764,0.0,0.2839506172839506,0.0,0.0,0.0,405,133.51708041657122,3.375,39.20578972662599
5062851,1003,0.0,0.0,64.67952735842675,66.90985588802768,20.169777214468912,1.5045507014737167,0.184209610465376,0.0,0.0,0.0,0.0,0.0,139,44.83644390178392,1.1583333333333334,38.18913245873889
5062851,1004,0.0,0.0,59.54090582378952,68.90689100955417,25.33094660974081,1.4692913051030212,0.24346419488623555,0.0,0.0,0.0,0.0,0.0,399,149.4770675195877,3.325,44.65027010361651
5062851,1005,0.0,0.0,47.79356592305636,57.681889907136984,30.110681431512635,1.451454911295668,0.20113805445769112,0.0,0.0,0.0,0.0,0.0,362,121.35524705014717,3.0166666666666666,39.81955165108065
5062851,1006,0.0,0.0,64.07685296745088,64.07685296745088,18.507183531491293,1.2013370406187114,0.09922390201976047,0.0,0.0,0.0,0.0,0.0,74,7.803129786258153,0.6166666666666667,13.09012441012441
5062851,1007,0.0,0.0,23.71060896090397,29.950242897983966,23.939840650276818,1.1961537581013841,0.15232040607734007,0.0,0.3930635838150289,0.0,0.0,0.0,346,160.26581207870944,2.8833333333333333,55.70611460232082
5062851,1008,0.0,0.0,43.45841157017289,46.09225469563791,23.05321269736486,1.473726463774703,0.15773499618552383,0.0,0.5,0.0,0.0,0.0,236,75.93466674849459,1.9666666666666666,38.442164155681105
5062851,1009,0.0,0.0,186.58502120849815,93.29251060424907,15.793975795906793,1.1685184057430877,0.14717627139611775,0.0,0.0,0.0,0.0,0.0,11,1.0718974047574343,0.09166666666666666,11.414848484848484
5062851,1010,0.0,0.0,61.405587475062795,73.24280915700261,25.496481398240228,1.4720061455821087,0.2415469821584834,0.0,0.0,0.0,0.0,0.0,387,135.16685274561837,3.225,41.64206369710087
5062851,1011,0.0,0.0,116.75241945959694,116.75241945959694,20.28951359137978,1.4806020258776424,0.22057887243607904,0.0,0.0,0.0,0.0,0.0,23,4.282566496817043,0.19166666666666668,22.815782108945527
5062851,1012,0.0,0.0,45.40479683787177,45.40479683787177,11.770263865566744,1.0958871542125534,0.0892208635571485,0.0,0.0,0.0,0.0,0.0,19,2.202410471234414,0.15833333333333333,14.797280701754385
5062851,1013,0.0,0.0,72.27124835179654,91.62961844602776,22.1537886502649,1.4967943221230486,0.19774562435284923,0.0,0.0,0.0,0.0,0.0,274,77.48586232716974,2.283333333333333,33.92309812146491
5062851,1014,0.0,0.0,144.004354058511,144.004354058511,12.03067648524838,1.0239287996389363,0.13108725217068426,0.0,0.0,0.0,0.0,0.0,16,2.0832703424932952,0.13333333333333333,15.989375000000003
5062851,1016,0.0,0.0,75.08570273986756,95.34692411411753,25.65136949358918,1.5287962045809511,0.22618411361719606,0.0,0.0,0.0,0.0,0.0,324,83.90412249088465,2.7,30.85523741721963
5062851,1017,0.0,0.0,78.43184258964595,86.16455946468147,23.306883652817067,1.4838228914533766,0.1912228242815545,0.0,0.0,0.0,0.0,0.0,361,90.52445748529813,3.0083333333333333,29.969993404564043
5062851,1019,0.007782101167315175,0.45666666666666345,63.51570104840633,75.991999468629,27.85403813411862,1.5300908211378548,0.2540145444404653,0.0,0.0,0.0,0.0,0.0,257,88.1671761086625,2.1416666666666666,41.180263324775666
5062851,1020,0.0,0.0,92.64207713838826,46.32103856919413,11.44351453427481,1.0334920606923674,0.0849435633121548,0.0,0.0,0.0,0.0,0.0,23,2.158846241122606,0.19166666666666668,12.093167701863354
5062851,1021,0.0,0.0,54.49808377888977,60.55342642098863,20.019833828350812,1.363690201264268,0.14247293745678752,0.0,0.0,0.0,0.0,0.0,91,16.514342112495,0.7583333333333333,21.923260073260074
5062851,1023,0.0,0.0,73.96487363176239,85.34408495972583,25.741314309778918,1.3621971098309404,0.1752584587551333,0.0,1.0,0.0,0.0,0.0,100,17.57591051222654,0.8333333333333334,21.2700041025641
5062851,1024,0.0,0.0,40.71864428542412,40.71864428542412,12.028185964549996,1.0798753311904068,0.08957344757414094,0.0,1.0,0.0,0.0,0.0,26,2.4558774427516137,0.21666666666666667,12.087884615384613
5062851,1025,0.0,0.0,134.94602810339381,0.0,6.7403479094797785,0.5402041423888608,0.08208085099694924,0.0,0.0,0.0,0.0,0.0,13,1.4820740025542858,0.10833333333333334,11.90846153846154
5062851,1026,0.0,0.0,210.6442125952148,140.42947506347656,10.788742257843257,1.0437570363314084,0.13167951309940365,0.0,0.0,0.0,0.0,0.0,15,1.4242024326416982,0.125,10.974444444444446
5062851,1027,0.0,0.0,76.59605287300612,91.06419619346282,27.628244441761186,1.464470245734517,0.2599440257628421,0.0,0.0,0.0,0.0,0.0,408,117.49952722657552,3.4,34.30650287757706
5062851,1028,0.0,0.0,79.874941502595,85.38355815794637,25.082065746985467,1.567500554236621,0.2563200220049613,0.0,0.0,0.0,0.0,0.0,122,36.30675585415965,1.0166666666666666,34.686137068143
5062851,1029,0.0,0.0,166.47851848078156,0.0,12.328394041965856,0.9586918593253719,0.11158898135696832,0.0,0.0,0.0,0.0,0.0,17,1.2013561979354603,0.14166666666666666,8.907254901960783
5062851,1030,0.0,0.0,75.48647159763973,88.06755019724636,18.934844744923666,1.1382097203000745,0.10606484374073631,0.0,0.1111111111111111,0.0,0.0,0.0,72,7.948444102648459,0.6,12.852616819070624
5062851,1031,0.0,0.0,74.52466771422111,107.12920983919285,18.171735208447373,1.3977523453433847,0.19456415581378647,0.0,1.0,0.0,0.0,0.0,75,21.469401328101206,0.625,34.17786666666667
5062851,1032,0.0,0.0,15.696807060802396,14.26982460072945,26.397316243051023,1.1922316992046742,0.10727746573356826,0.0,0.3580645161290323,0.0,0.0,0.0,310,140.15589230842846,2.5833333333333335,54.34554522467954
5062851,1033,0.0,0.0,48.51476746603504,53.006875564741996,21.147604656492547,1.43124776902568,0.18572160167441723,0.0,0.0,0.0,0.0,0.0,306,111.30631521176545,2.55,43.33891801248637
5062851,1034,0.0,0.0,43.92931239355552,50.68766814641022,21.157994042897812,1.449651583515034,0.1584502599190759,0.0,0.0,0.0,0.0,0.0,281,88.77899032565178,2.341666666666667,38.01913145691793
5062851,1035,0.0,0.0,41.12173032617168,42.3678433663587,20.97091440363156,1.406039562226752,0.18220583945400862,0.0,0.0,0.0,0.0,0.0,417,160.49908278785315,3.475,46.289110636302986
5062851,1036,0.0,0.0,73.65726909869838,82.86442773603567,26.565805919486102,1.5124311759712072,0.2383563910951474,0.0,0.0,0.0,0.0,0.0,328,97.7500264142597,2.7333333333333334,34.76451522160206
5062851,1037,0.0,0.0,0.0,0.0,5.863170274141819,0.5623351446188083,0.09928009952202653,0.0,1.0,0.0,0.0,0.0,12,2.330960744681621,0.1,23.480277777777776
5062851,1038,0.0,0.0,77.58688612504442,86.32907047716209,22.1049840366325,1.5280657480037931,0.19230803125655116,0.0,0.3128491620111732,0.0,0.0,0.0,358,91.51030998404997,2.9833333333333334,30.01282780301635
5062851,1041,0.0,0.0,82.38493733543058,101.39684595129917,25.350124697131744,1.517663955818414,0.22251954399109788,0.0,0.0,0.0,0.0,0.0,325,78.89791763189946,2.7083333333333335,28.831381837634684
5062851,1042,0.0,0.0,69.98950404738747,55.991603237909985,20.698664941207564,1.0891528303770255,0.10886762533639249,0.0,0.0,0.0,0.0,0.0,61,7.143928319044343,0.5083333333333333,14.521276346604216
5062851,1043,0.0,0.0,56.14154402000517,56.14154402000517,9.588865576565288,0.9233685043874351,0.09768008946338912,0.0,0.0,0.0,0.0,0.0,62,5.343636432462556,0.5166666666666667,8.554516129032258
5062851,1044,0.0,0.0,69.78286861291413,74.28498916858601,22.29849420325162,1.502908063830625,0.18797798255216214,0.0,0.0,0.0,0.0,0.0,298,88.84702109899533,2.4833333333333334,35.718709789400606
5062851,1045,0.0,0.0,114.74623616698692,114.74623616698692,7.633030014291881,0.694163536179214,0.07011755507180095,0.0,0.0,0.0,0.0,0.0,59,2.614464840166248,0.49166666666666664,4.309491525423729
5062851,1046,0.0,0.0,98.18205139020088,100.38838962368854,25.04476822358104,1.546518061022583,0.22515867115490182,0.0,0.0,0.0,0.0,0.0,348,90.64793283478154,2.9,31.489088981533765
5062851,1047,0.0,0.0,61.6573033129179,66.22451096572664,19.83204553157665,1.4033816861549722,0.1880949533603435,0.0,0.006896551724137931,0.0,0.0,0.0,290,87.58086568584389,2.4166666666666665,36.07248936596499
5062851,1048,0.0,0.0,76.27563021239293,76.27563021239293,10.03808803895653,0.9950269901795212,0.12221193197794308,0.0,1.0,0.0,0.0,0.0,18,2.6220694531541855,0.15,17.90010582010582
5062851,1049,0.0,0.0,98.19685215878434,98.19685215878434,11.205710572999779,1.072043343575071,0.10656373799452618,0.0,0.0,0.0,0.0,0.0,18,2.0367251658596954,0.15,11.934099616858239
5062851,1052,0.0,0.0,85.14826302789281,97.31230060330607,24.303486078419372,1.568474370012377,0.251558052564567,0.0,0.0,0.0,0.0,0.0,269,82.20954545728014,2.2416666666666667,36.29749520359571
5062851,1053,0.0,0.0,140.47496429697128,93.64997619798086,12.501628178642504,0.9251290835720822,0.1306786665094264,0.0,0.0,0.0,0.0,0.0,26,2.135611861525621,0.21666666666666667,8.887051282051281
5062851,1054,0.0,0.0,0.0,0.0,12.082977035791677,1.0465634069578553,0.07371048717626974,0.0,0.0,0.0,0.0,0.0,23,3.038008649048606,0.19166666666666668,16.278695652173912
5062851,1055,0.0,0.0,77.29309117453025,88.33496134232028,21.33181062003712,1.4510951251554844,0.192345153884625,0.0,0.0,0.0,0.0,0.0,317,81.50793174741065,2.6416666666666666,30.366937058735164
5062851,2000,0.0,0.0,79.58638161426076,85.61565294867447,23.652230915969486,1.5316503410829037,0.22376701190179776,0.0,0.0,0.0,0.0,0.0,290,82.92876075191955,2.4166666666666665,34.33622903989182
5062851,2001,0.0,0.0,43.52173743469148,0.0,11.774360364061256,1.08501115745815,0.06972871797275296,0.0,0.0,0.0,0.0,0.0,23,2.297702387227981,0.19166666666666668,13.102753623188406
5062851,2002,0.0,0.0,30.411679476287638,60.823358952575276,12.615117972451475,1.1818227257230407,0.06944181007358892,0.0,0.0,0.0,0.0,0.0,31,3.2882103758186467,0.25833333333333336,13.291298593879237
5062851,2003,0.0,0.0,72.91282443585293,83.635298617596,20.909631733061588,1.4523926151454236,0.18388606698138515,0.0,0.0,0.0,0.0,0.0,336,93.26205715679671,2.8,33.31154294021627
5062851,2005,0.0,0.0,66.84910759187723,78.78644823328386,25.72159231612307,1.5101846338768186,0.238163255509646,0.0,0.0,0.0,0.0,0.0,271,83.77075179804571,2.2583333333333333,36.66521720523226
5062851,2006,0.0,0.0,68.56859660702555,74.80210538948243,25.610733899167695,1.480901830684434,0.1902706613268431,0.0,0.0,0.0,0.0,0.0,145,32.08465841306992,1.2083333333333333,26.781815746262208
5062851,2007,0.0,0.0,76.47577084858803,87.99951714084102,22.323901569935003,1.5183667523902635,0.18323863071856464,0.0,0.0,0.0,0.0,0.0,375,95.45506921993686,3.125,30.638049191919194
5062851,2008,0.0,0.0,93.73177952873118,46.86588976436559,10.155577012700018,0.9251290835720822,0.12524991416516837,0.0,0.0,0.0,0.0,0.0,26,4.267496061753419,0.21666666666666667,19.897307692307688
5062851,2009,0.0,0.0,64.284641299242,69.30687890074528,25.95102086048847,1.5479117269543763,0.22978480170206728,0.0,0.0,0.0,0.0,0.0,306,99.55721725518075,2.55,38.62400294446359
5062851,2011,0.0,0.0,67.186713030761,73.90538433383709,25.00813479253871,1.5962737870679296,0.2093967844395518,0.0,0.0,0.0,0.0,0.0,152,44.65168579725682,1.2666666666666666,34.772894736842105
5062851,2012,0.0,0.0,56.99294686107006,28.49647343053503,11.449001911150477,1.0974088280586503,0.09144635089436981,0.0,0.0,0.0,0.0,0.0,29,3.5092061564658836,0.24166666666666667,15.335402298850575
5062851,2013,0.0,0.0,92.7039493242292,46.3519746621146,10.93698766078478,1.077556327066801,0.08376637743860249,0.0,0.0,0.0,0.0,0.0,24,2.157405390578412,0.2,11.669895833333333
5062851,2014,0.0,0.0,108.53181879373903,124.03636433570175,15.884118225137865,1.2160081548985928,0.14970838290521704,0.0,0.0,0.0,0.0,0.0,43,6.449721452934699,0.35833333333333334,17.216356589147285
5062851,2015,0.0,0.0,107.60171929810116,84.54420801993663,15.09504991221551,1.1770658790119122,0.11720809232493415,0.0,0.0,0.0,0.0,0.0,118,13.010944519589156,0.9833333333333333,12.159265536723163
5062851,2017,0.0,0.0,78.289871503417,84.31216931137216,20.49850279782615,1.5345653746180292,0.17618673099705356,0.0,0.0,0.0,0.0,0.0,78,16.60495764057118,0.65,25.449694570135748
5062851,2018,0.0,0.0,87.93720359516628,43.96860179758314,13.064203681719968,1.2072432805590583,0.09325663912345428,0.0,0.0,0.0,0.0,0.0,22,2.2743502388446837,0.18333333333333332,13.641363636363637
5062851,2019,0.0,0.0,58.53082617452152,64.5339878334468,22.479132288460193,1.4978054199250983,0.18213217767108855,0.0,0.0,0.0,0.0,0.0,425,133.26311124915134,3.5416666666666665,37.40735472293542
5062851,2020,0.0,0.0,59.2907079418752,98.817846569792,19.835788058065468,1.4987116278172397,0.17195008843127632,0.0,0.0,0.0,0.0,0.0,35,10.119629547823944,0.2916666666666667,35.153319727891166
5062851,2021,0.0,0.0,56.356699454384476,63.58191733315171,20.599998794377942,1.387413655925666,0.19026209572170547,0.0,0.0,0.0,0.0,0.0,207,69.20206537568242,1.725,39.65555992274453
5062851,2022,0.0,0.0,37.15527031728985,43.14805585233659,27.465854074206074,1.4247302528414514,0.18729285924674716,0.0,0.0,0.0,0.0,0.0,422,166.86730972631062,3.5166666666666666,47.431905699509244
5062851,2023,0.0,0.0,253.71635163186585,169.14423442124388,8.291731892540772,1.0296530140645737,0.14624687788553498,0.0,0.0,0.0,0.0,0.0,10,1.1824228043263456,0.08333333333333333,12.253333333333334
5062851,2024,0.0,0.0,27.011696809316067,24.610657092932414,25.395782686446385,1.3753581257814766,0.11852623895390028,0.0,0.0,0.0,0.0,0.0,425,166.59449540570864,3.5416666666666665,46.94561852070668
5062851,2025,0.0,0.0,40.99318155930134,38.19819190753079,18.90930431967522,1.3656102844795022,0.13961288663693355,0.0,0.28484848484848485,0.0,0.0,0.0,330,107.33492333682116,2.75,38.97755404614542
5062851,2026,0.0,0.0,47.302872447121686,48.78108721109424,20.098049906554444,1.4318098050614352,0.1526961237443292,0.0,0.0,0.0,0.0,0.0,207,67.64916873868863,1.725,39.07438314147584
5062851,2028,0.0,0.0,42.65124715979138,45.49466363711081,21.78758437792668,1.385557404625108,0.16773318908767682,0.0,0.0,0.0,0.0,0.0,415,140.67583950174335,3.4583333333333335,40.432154412923715
5062851,2029,0.0,0.0,36.126189362248596,34.921983050173644,26.13141459654843,1.3460022087987236,0.1641489230581378,0.0,0.0,0.0,0.0,0.0,202,83.04224865562382,1.6833333333333333,49.50432988983671
5062851,2030,0.0,0.0,48.36759861544686,47.54780880840539,25.4268023852575,1.5325259561757885,0.16325536966687584,0.0,0.0,0.0,0.0,0.0,362,121.98248763410291,3.0166666666666666,40.22516548306099
5062851,2031,0.0,0.0,193.90975505673836,96.95487752836918,7.82609034602634,0.6853142072764582,0.1013904623283025,0.0,1.0,0.0,0.0,0.0,16,1.0314076253743893,0.13333333333333333,6.91875
5062851,2032,0.0,0.0,0.0,71.42229452633892,8.195532765017118,1.0096137581740383,0.07969081577762559,0.0,1.0,0.0,0.0,0.0,15,1.4001230380959306,0.125,12.52038888888889
5062851,2033,0.0,0.0,35.375734053451744,39.58713096457695,26.28161313030244,1.501124068906309,0.14089307807757784,0.0,0.3475609756097561,0.0,0.0,0.0,328,118.72545156671288,2.7333333333333334,43.240945023634
5062851,2034,0.0,0.0,56.503022135600034,59.13106967679072,22.930126312679025,1.5187762509242282,0.1605920334043122,0.0,0.0,0.0,0.0,0.0,278,76.10212405418864,2.316666666666667,32.65244567902647
5062851,2036,0.0,0.0,27.490120305349976,29.322794992373304,28.178348337345966,1.315111042441564,0.15651246985867964,0.0,0.0,0.0,0.0,0.0,391,163.695173030008,3.2583333333333333,49.977330893116395
5062851,3000,0.0,0.0,78.8094738497159,95.11488223241574,25.31205983911904,1.560626319910496,0.24181280830208218,0.0,0.0,0.0,0.0,0.0,125,36.79760640871801,1.0416666666666667,35.37036606040406
5062851,3001,0.0,0.0,63.7038545198069,63.7038545198069,18.204995395410112,1.3212557015860733,0.11217021653307421,0.0,0.0,0.0,0.0,0.0,50,7.848818627521812,0.4166666666666667,18.866297435897437
5062851,3002,0.0,0.0,21.60005434929191,27.953011510848352,22.641235109513932,1.3169288824646146,0.1407428226907483,0.0,0.7245179063360881,0.0,0.0,0.0,363,157.4070113444626,3.025,51.901509432838104
5062851,3003,0.0,0.0,56.6281251828455,53.297058995619295,18.327284415895793,1.448893085077821,0.14993886065209672,0.0,0.5263157894736842,0.0,0.0,0.0,95,30.02041820227849,0.7916666666666666,37.899623057644106
5062851,3004,0.0,0.0,80.88751133973095,0.0,11.053673974476961,0.9840865030829147,0.07136293318091472,0.0,0.0,0.0,0.0,0.0,32,2.472569580735295,0.26666666666666666,8.718447115384617
5062851,3005,0.0,0.0,58.42888309386118,64.92098121540131,22.614918284678193,1.5300507697238968,0.1647265355460709,0.0,0.0,0.0,0.0,0.0,110,30.806681639086758,0.9166666666666666,33.63513656567412
5062851,3006,0.0,0.0,39.55448119545778,44.94827408574748,25.377026082619224,1.3358682118303031,0.20305666444554785,0.0,0.0,0.0,0.0,0.0,387,166.8584645918174,3.225,51.556593013051064
5062851,3007,0.0,0.0,34.15595975027369,39.15439288446008,29.590232956279227,1.4623886764713414,0.14214152650341544,0.0,0.0,0.0,0.0,0.0,384,120.03761656754932,3.2,37.14553681089595
5062851,3008,0.0,0.0,48.4538013246343,48.4538013246343,21.75639567639645,1.4144311358913737,0.1767705821513068,0.0,0.0,0.0,0.0,0.0,161,59.85082533711585,1.3416666666666666,44.71737175928088
5062851,3010,0.0,0.0,62.724342950999045,88.67924348244694,27.171673832876714,1.4357566591107793,0.2576399454759094,0.0,0.0,0.0,0.0,0.0,132,46.23404349194239,1.1,41.73481390909699
5062851,4000,0.0,0.0,23.785149114112443,28.244864573008527,29.625065998108717,1.091736518181548,0.1878467101325231,0.0,0.0,0.0,0.0,0.0,302,134.53773128129535,2.5166666666666666,53.148422936607005
5062851,4001,0.0,0.0,34.60853817205004,69.21707634410008,14.043179760190696,1.0406536535325064,0.08176880375942648,0.0,0.0,0.0,0.0,0.0,109,8.668381152321565,0.9083333333333333,9.174923547400612
5062851,4002,0.0,0.0,35.94898467478859,40.44260775913717,25.071201954804486,1.4654801191571338,0.15709068813795163,0.0,0.0,0.0,0.0,0.0,411,155.776304968283,3.425,45.16638976584331
5062851,4003,0.0,0.0,65.09745658721135,51.39272888464054,19.30386050390078,1.4549892159849056,0.17131087746250273,0.0,1.0,0.0,0.0,0.0,85,29.187008212134394,0.7083333333333334,40.79356561085973
5062851,5001,0.0,0.0,71.10351439362756,0.0,9.604627601936583,0.6681113778219323,0.06111012725122361,0.0,0.0,0.0,0.0,0.0,56,2.8128004882122166,0.4666666666666667,4.730238095238095
5062851,5002,0.0,0.0,53.15276237237531,55.08559009500714,26.890299235073932,1.4984904431281,0.20480138334517362,0.0,0.0,0.0,0.0,0.0,299,103.47533701952007,2.4916666666666667,40.14661829821533
5062851,5003,0.0,0.0,50.51112288293738,55.10304314502259,29.78074771846464,1.4749697652761213,0.19603289460125797,0.0,0.0,0.0,0.0,0.0,410,130.66428982970552,3.4166666666666665,36.637021047084986
5062851,6000,0.0,0.0,19.308205879254714,20.7384433517921,26.656404258123775,1.3935879903930957,0.11841200592179267,0.0,0.3383233532934132,0.0,0.0,0.0,334,139.83691788272037,2.783333333333333,49.8459302379057
5062851,6001,0.0,0.0,66.94981149634329,70.88803570201053,20.428908306841233,1.4388630638874282,0.18755977601051907,0.0,0.0,0.0,0.0,0.0,167,50.784310276746695,1.3916666666666666,36.034206070792656
5062851,6002,0.0,0.0,67.05083203712655,74.16228391985209,27.521127057045785,1.5130504895821248,0.21493705208834685,0.0,0.0,0.0,0.0,0.0,343,98.4327830017908,2.8583333333333334,33.89780333258167
5062851,6003,0.0,0.0,78.97062541092389,86.14977317555334,18.891641566897402,1.2280626450641916,0.13925435840080094,0.0,0.0,0.0,0.0,0.0,100,13.929229941844156,0.8333333333333334,16.683111904761905
5062851,6004,0.0,0.0,72.51832851957467,82.47182459088884,21.14651773312346,1.424075701381886,0.19959088564143926,0.0,0.0,0.0,0.0,0.0,237,70.32704840436816,1.975,35.258462017785796
5062851,7001,0.0,0.0,154.56255705821022,77.28127852910511,8.89832318323239,0.9002560512685369,0.08594013617519243,0.0,0.0,0.0,0.0,0.0,40,2.587948903105653,0.3333333333333333,6.754074074074074
5062851,7002,0.0,0.0,69.60296247241298,80.88992935983129,26.185290327334073,1.5243963542236711,0.22719322341358936,0.0,0.0,0.0,0.0,0.0,333,106.31731376280109,2.775,38.21123740153103
5062851,7003,0.0,0.0,89.30859372820092,44.65429686410046,10.022454005819277,0.9968673335895756,0.07945622023147694,0.0,0.0,0.0,0.0,0.0,31,2.2394261475964337,0.25833333333333336,8.447204301075269
5062851,7004,0.0,0.0,70.72778246778185,83.07707781929933,22.327008783188308,1.4005470729559626,0.18031562879534213,0.0,0.0,0.0,0.0,0.0,373,89.07390816147525,3.1083333333333334,28.17830542143848
5062851,7006,0.0,0.0,42.79246791625123,48.34993128199815,27.106692067036562,1.3270743267178688,0.20651464734585542,0.0,0.0,0.0,0.0,0.0,433,179.9382081694751,3.6083333333333334,50.21068748508957
5062851,7007,0.0,0.0,62.79938249768412,62.79938249768412,10.359348091552114,0.9743147528693494,0.10920476496609875,0.0,0.0,0.0,0.0,0.0,16,1.5923723454396663,0.13333333333333333,10.322916666666668
5062851,7008,0.0,0.0,95.83930758153377,0.0,11.110561529729285,1.060944240790747,0.09021458893899025,0.0,0.0,0.0,0.0,0.0,14,1.043413214509366,0.11666666666666667,11.25792517006803
5062851,7009,0.0,0.0,90.57356445292113,90.57356445292113,16.311533953911564,1.096269167401758,0.10495530537816677,0.0,0.0,0.0,0.0,0.0,78,7.728524368319966,0.65,11.741105006105007
5062851,7010,0.0,0.0,25.42052513520472,29.233603905485428,22.576807786489674,1.2886893632578729,0.13780763749612773,0.0,0.12994350282485875,0.0,0.0,0.0,354,157.35316161743748,2.95,53.38037198309972
5062851,7011,0.0,0.0,28.955690756208348,17.373414453725008,12.982210368013126,1.202906017191014,0.08144167632721588,0.0,0.0,0.0,0.0,0.0,69,17.267762810762708,0.575,29.76753623188406
5062851,7012,0.0,0.0,37.81581829205671,37.81581829205671,23.465942037128485,1.4031374860541326,0.21000803556760564,0.0,0.0,0.0,0.0,0.0,40,15.866376217648348,0.3333333333333333,48.48025595238095
5062851,7013,0.0,0.0,80.43108699724606,89.97375833590237,25.09770807898953,1.5662586789063198,0.25435453133633545,0.0,0.0,0.0,0.0,0.0,224,73.35472166628824,1.8666666666666667,38.686032457106776
5062851,7014,0.0,0.0,45.402280095992445,0.0,12.861696099741526,1.0769865220544765,0.08539779260563554,0.0,0.0,0.0,0.0,0.0,21,2.202532555382098,0.175,14.150674603174604
5062851,7015,0.0,0.0,106.213649419175,70.80909961278333,9.851822128121382,1.0220830508128,0.11570349273261049,0.0,0.0,0.0,0.0,0.0,21,2.824495737040745,0.175,16.772857142857145
5062851,7016,0.0,0.0,88.2373537284333,82.54462122982471,19.603199169581075,1.4351616957065836,0.18409013265778662,0.0,0.0,0.0,0.0,0.0,146,35.13251326122971,1.2166666666666666,28.383444398667898
5062851,7017,0.0,0.0,63.74133836404952,66.92840528225199,23.509678687982987,1.5166321201277688,0.21404694410420075,0.0,0.0,0.0,0.0,0.0,182,62.753624298796076,1.5166666666666666,40.88469558753212
5062851,8000,0.0,0.0,31.59425652675209,44.38240797805651,29.046499722790063,1.3585534287613887,0.21333453028701616,0.0,0.0,0.0,0.0,0.0,323,132.93555417085685,2.691666666666667,48.32116463322751
5062851,8001,0.0,0.0,35.10140143739632,37.25046683152262,28.200997906610688,1.500199869229987,0.15091633422299064,0.0,0.0,0.0,0.0,0.0,394,139.59556597018488,3.283333333333333,41.86004345512126
5062851,8002,0.0,0.0,46.97601105833893,50.73409194300606,19.24427817838922,1.4295704850078579,0.1714499093825269,0.0,0.0,0.0,0.0,0.0,152,53.21865232225189,1.2666666666666666,41.71074342506908
5426658,0,0.0,0.0,18.667131842740588,17.778220802610083,25.65565988104666,1.1985272892113579,0.19882355131263865,0.0,0.0,0.0,0.0,0.0,230,112.49719655334536,1.9166666666666667,49.161739130434775
5426658,1,0.0,0.0,11.597327972072504,11.597327972072504,29.76947650365957,1.3485131497518115,0.08527827427736706,0.0,0.0,0.0,0.0,0.0,228,68.98140691773811,1.9,36.089473684210525
5426658,1000,0.0,0.0,15.615347336515184,9.862324633588537,27.51521476687486,1.4754877364723535,0.08583585096415094,0.0,0.0,0.0,0.0,0.0,374,121.67516732445706,3.1166666666666667,38.439572192513374
5426658,1001,0.0,0.0,7.052971737330392,6.582773621508366,15.19104510160511,0.903228516988045,0.11565519874098984,0.0,0.4975609756097561,0.0,0.0,0.0,410,212.67630948536345,3.4166666666666665,59.91219512195122
5426658,2000,0.0,0.0,5.513427449945432,6.202605881188611,13.059362320844826,0.8840301053838,0.08494864219738428,0.0,0.0,0.0,0.0,0.0,286,145.1003041688556,2.3833333333333333,60.682867132867145
5426658,2001,0.0,0.0,7.8462643237968965,6.865481283322284,24.453126922152517,1.0105177751019734,0.11574790569306276,0.0,0.0,0.0,0.0,0.0,417,203.9186973535123,3.475,53.30595366226704
5426658,2002,0.0,0.0,6.583562833255548,4.114726770784717,13.062116145400053,0.8409798717168848,0.11508885787024548,0.0,0.0,0.0,0.0,0.0,236,121.51475124668978,1.9666666666666666,60.3322033898305
5426658,2003,0.0,0.0,0.4644895458297163,1.8579581833188652,7.165473842123094,0.46882108091597613,0.05172280673727779,0.0,0.0,0.0,0.0,0.0,395,215.29009834090087,3.2916666666666665,65.35189873417721
5426658,2004,0.0,0.0,1.4716608704393956,0.0,5.64252266120824,0.621336134767054,0.04923946086931123,0.0,0.03076923076923077,0.0,0.0,0.0,260,135.90087500273467,2.1666666666666665,62.742692307692316
5426658,2005,0.0,0.0,13.130971737639705,7.294984298688726,18.187935834692865,1.2180088293320668,0.07809604419108129,0.0,1.0,0.0,0.0,0.0,177,68.54024347795719,1.475,46.36158192090395
5426658,4000,0.0,0.0,80.22289261874259,40.111446309371296,15.381852458060806,1.2187590038372853,0.12878291418645088,0.0,0.0,0.0,0.0,0.0,19,4.986107916863464,0.15833333333333333,31.942105263157888
5426658,4001,0.0,0.0,6.307265910655957,6.307265910655957,11.61052195898186,0.8031230024204741,0.07383837501017111,0.0,0.0,0.0,0.0,0.0,125,63.418921235619806,1.0416666666666667,60.927200000000006
5426658,4002,0.0,0.0,1.7293201800776672,0.8646600900388336,6.322474007291236,0.1935383138859591,0.04979797084451187,0.0,0.0,0.0,0.0,0.0,205,115.652383117982,1.7083333333333333,67.63170731707316
5426658,4003,0.0,0.0,6.000576620308362,4.0003844135389075,18.277372762572874,0.4957607416938431,0.1284838345006995,0.0,0.6107142857142858,0.0,0.0,0.0,280,149.98558587753692,2.3333333333333335,62.19142857142857
5426658,5000,0.0,0.0,6.903817804852315,6.903817804852315,22.848531239188233,0.6409872631185198,0.165798891577322,0.0,0.0,0.0,0.0,0.0,354,202.78634801399548,2.95,60.792062916309426
5426658,5001,0.0,0.0,6.620647691711758,4.965485768783819,20.64554283951619,0.519548033277,0.16698781009977054,0.0,0.0,0.0,0.0,0.0,209,120.8340992077712,1.7416666666666667,63.33827751196173
5426658,5002,0.0,0.0,2.2258294149322557,2.2258294149322557,13.38972011634145,0.24233515162180086,0.09917588004333422,0.0,0.0,0.0,0.0,0.0,229,134.78121817755323,1.9083333333333334,68.56288209606987
5426658,5003,0.0,0.0,4.280473333960452,3.745414167215396,22.708863484741304,0.6286159194029355,0.10084830364680407,0.0,0.0,0.0,0.0,0.0,354,186.8952187256848,2.95,60.29774011299435
5426658,5004,0.0,0.0,2.3218754753020145,0.7739584917673381,7.067885742363681,0.24840766267842432,0.05431953647241401,0.0,0.0,0.0,0.0,0.0,229,129.20589548885172,1.9083333333333334,67.53755458515283
5426658,5005,0.0,0.0,1.0280983249429096,1.0280983249429096,7.184532940995323,0.534567319451275,0.043758695001142545,0.0,0.0,0.0,0.0,0.0,180,97.26696131476822,1.5,64.92444444444445
5426658,6000,0.0,0.0,0.0,2.129477722020191,7.673800613213587,0.27593235139609223,0.04102391094159709,0.0,0.0,0.0,0.0,0.0,166,93.919742823261,1.3833333333333333,67.79638554216866
5426658,6001,0.0,0.0,2.0786537725094534,2.0786537725094534,11.796667261183321,0.5011356153279086,0.06556088167220306,0.0,0.0,0.0,0.0,0.0,88,48.108059804146734,0.7333333333333333,65.39772727272727
5426658,6002,0.0,0.0,13.664471020644337,14.803176939031365,20.677675015502818,1.148456864682879,0.10474642908949017,0.0,0.0,0.0,0.0,0.0,370,175.63797357205198,3.0833333333333335,56.9072972972973
5426658,6004,0.0,0.0,146.73837973479218,146.73837973479218,10.063104900919674,1.0893096789558299,0.12446999358052398,0.0,1.0,0.0,0.0,0.0,18,2.044454903633292,0.15,14.594444444444447
5426658,7000,0.0,0.0,51.27565228863599,68.36753638484798,12.952665874422834,1.0622988324395122,0.12840179597359,0.0,0.0,0.0,0.0,0.0,26,5.850730056270542,0.21666666666666667,27.21923076923077
5426658,8000,0.0,0.0,60.88847944332032,73.06617533198438,15.712097033177539,1.2272730344546177,0.11440739716400193,0.0,0.0,0.0,0.0,0.0,127,16.42346810336883,1.0583333333333333,15.476377952755904
5426658,8001,0.0,0.0,6.183147521366363,3.8050138593023775,18.807627283058657,0.9078338742052878,0.06717035399862725,0.0,0.0,0.0,0.0,0.0,429,210.2489056759111,3.575,58.63216783216783
5426658,8002,0.0,0.0,18.8932639669273,20.467702630837913,27.785195898779016,1.499736626783811,0.10607873767807144,0.0,0.9498607242339833,0.0,0.0,0.0,359,127.02940075368687,2.9916666666666667,40.829247910863515
5426658,10001,0.0,0.0,81.2311261253676,89.35423873790435,15.353849922732831,1.304257084287804,0.1416141596138274,0.0,0.0,0.0,0.0,0.0,146,24.62110394620544,1.2166666666666666,19.753424657534246
5426658,10002,0.0,0.0,7.372809107699011,8.601610625648846,25.699275374578043,1.1338803446278067,0.06946169376415172,0.0,0.031578947368421054,0.0,0.0,0.0,380,162.76021560722458,3.1666666666666665,51.4471052631579
5426658,10003,0.0,0.0,6.87281276211436,2.2909375873714533,11.964537440162465,0.5276587678444244,0.05416507421280405,0.0,1.0,0.0,0.024390243902439025,0.0,82,43.65025068829427,0.6833333333333333,64.16219512195121
5426658,10004,0.0,0.0,3.8906082912834874,3.8906082912834874,12.13491454127715,0.5310644230791908,0.06400639967768737,0.0,0.0,0.0,0.0,0.0,234,128.51460814500376,1.95,65.8982905982906
5426658,10005,0.0,0.0,91.21551325645892,106.41809879920207,15.844276919793819,1.3157074342863386,0.17007524144739952,0.0,0.0,0.0,0.0,0.0,36,6.57782846995617,0.3,20.566666666666666
5426658,10006,0.0,0.0,31.04188208769848,62.08376417539696,9.719694909605058,1.069260917549317,0.062499237916402446,0.0,0.0,0.0,0.0,0.0,36,3.2214541540195074,0.3,10.155555555555555
5426658,10007,0.0,0.0,13.427895379261118,13.427895379261118,24.31143546163031,1.2373236905110017,0.08616793684001718,0.0,0.0,0.0,0.0,0.0,222,96.81338462077991,1.85,52.144594594594594
5426658,10008,0.0,0.0,4.8092080942840685,1.6030693647613563,7.817643677107343,0.7879799191090952,0.061280386728615154,0.0,0.0,0.0,0.0,0.0,381,187.1409975105226,3.175,58.86325459317586
5426658,10009,0.0,0.0,27.44634427942611,33.90430763929108,25.285450978219103,1.5982717273231315,0.11982872715498649,0.0,0.0,0.0,0.0,0.0,205,61.93903212364521,1.7083333333333333,34.11073170731708
5426658,11000,0.0,0.0,16.543787027953645,18.119385792520657,27.147168925369733,1.37288881105288,0.1072242542225106,0.0,0.1640378548895899,0.0,0.0,0.0,317,126.93587003094757,2.6416666666666666,46.80914826498423
5426658,11001,0.0,0.0,3.9846098210471608,3.9846098210471608,13.207658129329154,0.4287331556902147,0.05495539409351745,0.0,0.0,0.0,0.005681818181818182,0.0,352,200.77248110324612,2.933333333333333,68.53551136363636
5426658,11002,0.0,0.0,92.38057792014285,76.98381493345238,19.378967567958824,1.2800585750951912,0.18945955915229984,0.0,0.0,0.0,0.0,0.0,25,6.494871687408818,0.20833333333333334,31.596
5426658,11003,0.0,0.0,61.64286388275436,30.82143194137718,10.52116749101359,1.0649933217675003,0.07231166676038027,0.0,0.0,0.0,0.0,0.0,38,3.2444955896339107,0.31666666666666665,11.223684210526313
5426658,11004,0.0,0.0,8.111729314007833,9.734075176809402,25.63917080566812,1.091084674455448,0.07617470490453249,0.0,0.0,0.0,0.0,0.0,412,184.9174130366638,3.433333333333333,53.819902912621366
5426658,11005,0.0,0.0,12.30770668557571,7.773288432995185,26.73285422703042,1.3716583634943589,0.08889599289600424,0.0,0.1278772378516624,0.0,0.0,0.0,391,154.3748196588685,3.2583333333333333,46.11687979539642
5426658,11007,0.0,0.0,20.755183187150077,19.457984237953198,28.845590534541962,1.3089084467808134,0.11261561709670666,0.0,0.0,0.0,0.0,0.0,393,154.17835492683966,3.275,45.94783715012723
5426658,11008,0.0,0.0,9.872287333478829,7.129985296401376,27.658241836085942,1.0534929294728115,0.07546536675750956,0.0,0.0,0.0,0.004878048780487805,0.0,410,182.32856674418838,3.4166666666666665,53.3
5426658,11009,0.0,0.0,21.77138507839661,22.411719933643568,24.08449198964907,1.4677427667620284,0.1121307604633929,0.0,0.0,0.0,0.0,0.0,431,156.16829098180642,3.591666666666667,43.36867749419954
5426658,11011,0.0,0.0,66.95364446969356,133.90728893938712,8.241809907754215,0.857035247680807,0.06961450370905133,0.0,1.0,0.0,0.0,0.0,24,1.493570675533052,0.2,5.641666666666666
5426658,11012,0.0,0.0,43.65072001356057,52.54253334965624,19.141343833942887,1.1577679780987118,0.15508751170424204,0.0,0.0,0.0,0.0,0.0,408,123.70929960198666,3.4,36.303186274509805
5426658,11013,0.0,0.0,109.34177827203348,133.63995122137428,18.86443883381621,1.3526790367823383,0.18247166135148263,0.0,0.0,0.0,0.0,0.0,52,8.231071546695288,0.43333333333333335,19.721153846153847
5426658,11014,0.0,0.0,12.697901411598622,11.204030657292902,26.09935746889857,1.360102448283853,0.09895674449203445,0.0,0.0,0.0,0.0,0.0,346,133.8803905381697,2.8833333333333333,46.43063583815029
5426658,11015,0.0,0.0,12.18172547903943,14.618070574847316,22.071867233729705,1.1465668361048242,0.13450906442620766,0.0,0.0,0.0,0.0,0.0,170,82.09017693927325,1.4166666666666667,56.10941176470588
5426658,11018,0.0,0.0,40.86408151727502,26.004415510993194,22.207710473650156,1.2188085798200277,0.0965241130316654,0.0,0.0,0.0,0.0,0.0,118,26.918505424745256,0.9833333333333333,27.37457627118644
5426658,11019,0.0,0.0,4.544224175019635,3.029482783346423,9.097454448360816,0.6816888349567589,0.05914850761735893,0.0,0.0,0.0,0.0,0.0,125,66.01786981574335,1.0416666666666667,63.4016
5426658,11020,0.0,0.0,10.275223608345176,5.439824263241563,25.947816645252914,1.2023711365856395,0.08976374931206521,0.0,0.0,0.0,0.0,0.0,395,165.44652114619868,3.2916666666666665,49.1359493670886
5426658,12000,0.0,0.0,10.528673725868481,3.9482526472006807,22.944300623682853,1.3018130477310157,0.07116654747770479,0.0,1.0,0.0,0.0,0.0,180,75.98297951188626,1.5,50.651619066856114
5426658,12001,0.0,0.0,1.1575005036245127,1.1575005036245127,8.364524712144688,0.3718482220424542,0.04755135793095817,0.0,0.0,0.0,0.0,0.0,300,172.78610192715647,2.5,69.11172409147403
5426658,12002,0.0,0.0,9.329810264174142,10.662640301913306,21.775619703776346,0.9974804943302258,0.08187903193705649,0.0,0.0,0.0,0.0,0.0,306,150.05664213514692,2.55,58.947509196018906
5426658,15000,0.0,0.0,10.221593125535819,8.761365536173559,26.413928243637113,1.3904382246727884,0.07709278720510337,0.0,0.0,0.0,0.0,0.0,377,136.9649508453323,3.1416666666666666,43.42944297082228
5426658,15001,0.0,0.0,6.548263147557823,3.2741315737789116,17.52863407998488,0.9261212190983436,0.10536765672550835,0.0,0.6162162162162163,0.0,0.0,0.0,185,91.62735010485494,1.5416666666666667,58.30378378378378
5426658,16000,0.0,0.0,16.263611725234405,11.926648598505233,23.543589683469072,1.2796626140629903,0.10816479297618238,0.0,0.0,0.0,0.0,0.0,207,92.23043597829009,1.725,51.35700483091788
5426658,16002,0.0,0.0,64.70211147948632,56.61434754455053,14.517733436283507,1.145638264723768,0.09366482347903302,0.0,0.0,0.0,0.0,0.0,105,12.364356922936564,0.875,13.953333333333333
5426658,16003,0.0,0.0,84.2208268644597,68.90794925273975,14.216932084151225,1.1993583507925718,0.1155460626890651,0.0,0.0,0.0,0.0,0.0,106,13.060902403277026,0.8833333333333333,14.683962264150944
5426658,19001,0.0,0.0,6.700670704629245,8.375838380786556,20.122604403193094,0.7702891820143969,0.10233895628526547,0.0,0.0,0.0,0.0,0.0,235,119.3910334151042,1.9583333333333333,60.83489361702127
5426658,19002,0.0,0.0,11.95916559436619,11.415567158258636,23.90382821883497,1.2185382958889992,0.0949063951271803,0.0,0.0,0.0,0.0,0.0,425,183.95932246614194,3.5416666666666665,51.921882352941175
5426658,20000,0.0,0.0,22.35907808061744,19.377867669868447,25.757363129957465,1.5673553468266426,0.08874217473092641,0.0,0.0,0.0,0.0,0.0,244,67.08684475234759,2.033333333333333,32.959426229508196
5426658,20001,0.0,0.0,1.9215356427160615,0.9607678213580307,7.576279012293794,0.3455196164568842,0.06629896603698185,0.0,0.0,0.0,0.0,0.0,369,208.16683859926016,3.075,67.64823848238483
5426658,20002,0.0,0.0,4.479596845190787,5.226196319389251,11.346869186221285,0.5129355511970779,0.06432594828983268,0.0,0.0,0.0,0.0,0.0,243,133.9406247337077,2.025,66.21111111111111
5426658,20003,0.0,0.0,7.146039955089501,7.146039955089501,19.70294245340817,0.7781471082260603,0.0727113712507592,0.0,0.0,0.0,0.0,0.0,330,167.925173598469,2.75,61.07363636363636
5426658,20004,0.0,0.0,22.6612830843034,23.69134140631719,24.31370259915678,1.416218670857123,0.11117500107827816,0.0,0.32113821138211385,0.0,0.0,0.0,246,97.08188154287943,2.05,47.36869918699187
5426658,21000,0.0,0.0,57.54158220628207,0.0,10.599154395446734,1.0114042647073518,0.11580478740957877,0.0,0.0,0.0,0.0,0.0,12,1.7378736587657222,0.1,16.638216787439614
5426658,21001,0.0,0.0,74.27585584035184,111.41378376052775,14.03830667480106,0.7686260488366263,0.08622902026942224,0.0,0.0,0.0,0.0,0.0,54,2.6926650354575385,0.45,6.095940638881815
5426658,22000,0.0,0.0,63.85658834193643,47.05222298879526,16.820503115620564,1.2739678778320305,0.13182571297088932,0.0,0.0,0.0,0.0,0.0,115,29.75417336463333,0.9583333333333334,30.9363814582112
5426658,22001,0.0,0.0,72.30882618638861,14.46176523727772,11.436853018846158,1.089730260168353,0.08434833654890325,0.0,0.0,0.0,0.0,0.0,82,6.91478518419263,0.6833333333333333,9.90771885176835
5426658,23000,0.0,0.0,39.26064324355313,48.498441653800924,26.769736522708072,1.5651649664683207,0.12718621325427937,0.0,0.0,0.0,0.0,0.0,335,86.60072069905027,2.7916666666666665,31.05223880597015
5426658,23001,0.0,0.0,14.187197097655904,15.763552330728784,31.02827488529424,1.1899625920433492,0.07630289062061041,0.0,0.0,0.0,0.0,0.0,166,63.43747773467555,1.3833333333333333,46.19638554216868
5426658,23002,0.0,0.0,43.40358394881912,49.604095941507566,17.365300016901557,1.2909993757026064,0.12193630075795935,0.0,1.0,0.0,0.0,0.0,143,32.255400882352475,1.1916666666666667,26.74335664335664
5426658,24000,0.0,0.0,8.774826288683558,4.387413144341779,21.909293049966035,1.2849415574251415,0.07496051967054838,0.0,0.3081761006289308,0.0,0.0,0.0,159,68.37742198655135,1.325,51.593081761006296
5426658,24001,0.0,0.0,12.448651908187076,11.138267496798962,21.72537277223023,1.1766294593343543,0.10413322972039779,0.0,0.0,0.0,0.0,0.0,333,152.6269682864561,2.775,54.39369369369369
5426658,24002,0.0,0.0,125.57610102061668,188.364151530925,8.308609323399969,0.8018185525433372,0.07803052701258599,0.0,0.0,0.0,0.0,0.0,30,1.5926597368010706,0.25,5.163333333333332
5426658,25000,0.0,0.0,26.829839510887954,21.463871608710363,28.15807548499292,1.5473464541176958,0.10018136418380345,0.0,0.0,0.0,0.0,0.0,317,93.17983430297681,2.6416666666666666,35.27066246056783
5426658,25001,0.0,0.0,26.008335879768048,30.632040036171254,21.002369866719718,1.3285758277732105,0.15143830162071736,0.0,0.11494252873563218,0.0,0.0,0.0,435,173.0214505381162,3.625,46.53954022988506
5426658,25002,0.0,0.0,80.55805597697501,80.55805597697501,23.91418907705882,1.465043281907088,0.1790333583674879,0.0,1.0,0.0,0.0,0.0,141,34.757541825491565,1.175,29.49929078014185
5426658,26000,0.0,0.0,26.065937028298023,28.672530731127832,17.537388020574102,1.183792021844825,0.1286272705917017,0.0,0.5414634146341464,0.0,0.0,0.0,205,76.72849043672342,1.7083333333333333,44.66341463414634
5426658,26001,0.0,0.0,22.45816600849165,18.715138340409705,23.33499250053447,1.317825485766173,0.12946949381003228,0.0,0.0,0.0,0.0,0.0,124,53.43268010158392,1.0333333333333334,51.574999999999996
5426658,26004,0.0,0.0,49.26122442678215,34.4828570987475,12.107695535850404,1.1962480545037897,0.09154240447363496,0.0,0.0,0.0,0.0,0.0,166,20.29994202613291,1.3833333333333333,14.032530120481928
5426658,28000,0.0,0.0,31.878314894460942,35.86310425626856,14.411972823532267,1.2366199307489196,0.07517531141454242,0.0,1.0,0.0,0.0,0.0,192,25.095429374123068,1.6,15.028645833333334
5426658,29000,0.0,0.0,46.282904952656786,34.103193123010264,16.87553231535428,1.225803579319868,0.14271711106193066,0.0,0.0,0.032679738562091505,0.0,0.0,153,41.051874378748,1.275,31.89803921568627
5426658,29001,0.0,0.0,12.683083809565755,10.871214693913503,20.976855635969496,1.3265857197913582,0.08322730132620514,0.0,0.0,0.0,0.0,0.0,407,165.57487370825,3.3916666666666666,48.776658476658476
5426658,29002,0.0,0.0,28.509896577322614,24.946159505157286,17.428587176519187,1.1848225318164962,0.11954857044723968,0.0,0.0,0.0,0.0,0.0,152,56.12086300139982,1.2666666666666666,44.30263157894737
5426658,32001,0.0,0.0,58.11865547708515,29.059327738542574,15.208526789580082,1.018455584037047,0.08175606747890894,0.0,0.0,0.0,0.0,0.0,64,6.8824716731052185,0.5333333333333333,12.509375
5426658,33000,0.0,0.0,70.753895775699,55.592346680906346,18.38613010671344,1.2876631825883549,0.1119182068645319,0.0,0.0,0.0,0.0,0.0,122,19.78689632070891,1.0166666666666666,19.45983606557377
5426658,33001,0.0,0.0,7.872503435367475,11.808755153051214,14.8451893743869,1.0269887008186047,0.09862236773971916,0.0,0.0,0.0,0.0,0.0,212,101.61951742135471,1.7666666666666666,57.74528301886792
5426658,33002,0.0,0.0,62.93909366402429,80.92169185374553,17.213799169635738,1.3056795728366315,0.1580789289701138,0.0,0.0,0.0,0.0,0.0,92,22.24372672846787,0.7666666666666667,28.91086956521739
5426658,34000,0.0,0.0,40.78059301854698,67.96765503091163,20.081462153494257,1.34791009821198,0.14779162347341335,0.0,0.0,0.0,0.0,0.0,30,7.3564403505255616,0.25,29.84333333333333
5426658,34001,0.0,0.0,198.28017140897686,66.09339046965896,11.233991686135086,0.8251104613132645,0.07714985402314632,0.0,0.0,0.0,0.0,0.0,68,3.0260211887875936,0.5666666666666667,5.391176470588236
5426658,35000,0.0,0.0,7.784824183007501,10.379765577343335,22.52223995789684,1.0251240690613581,0.08940040656360525,0.0,0.0,0.0,0.0,0.0,249,115.60954735040711,2.075,55.830923694779116
5426658,35001,0.0,0.0,84.14697954169047,56.097986361126985,19.244913777463942,1.2022130185986555,0.2035526404923251,0.0,0.0,0.0,0.0,0.0,29,7.130380713222523,0.24166666666666667,27.886206896551727
5426658,36000,0.0,0.0,4.913866457173306,5.732844200035523,20.397195082354994,0.6235648353717622,0.1026183110495423,0.0,0.0,0.0,0.0,0.0,441,244.2068807645819,3.675,65.71541950113378
5426658,36001,0.0,0.0,10.528526644448172,10.528526644448172,27.571338840128405,1.0598055656183913,0.08868599889123682,0.0,0.0,0.0,0.0,0.0,258,123.47406659083744,2.15,57.52558139534883
5426658,37000,0.0,0.0,35.63545945351595,53.45318918027393,18.296393607798336,1.3630810261694994,0.10712592687028115,0.0,1.0,0.0,0.0,0.0,57,11.224774596263392,0.475,23.737123841702076
5426658,38000,0.0,0.0,5.26103170024388,4.384193083536567,16.42369872953951,0.7685716154934177,0.0613692448929471,0.0,0.0,0.0,0.0,0.0,220,114.04607198473761,1.8333333333333333,62.16863636363636
5426658,38001,0.0,0.0,10.647486467465189,13.309358084331485,26.308304929266487,1.2298950439995497,0.10109056352882932,0.0,0.0,0.0,0.0,0.0,262,112.70265556727962,2.183333333333333,51.10038167938931
5426658,38002,0.0,0.0,8.709560916681673,8.16521335938907,27.67376745098084,0.9917878821888885,0.09838340169295044,0.0,0.0,0.0,0.0,0.0,390,183.7061610000883,3.25,56.2023076923077
5426658,38003,0.0,0.0,26.161013870126904,28.02965771799311,31.114243605709337,1.4668633717964403,0.10659350600774668,0.0,0.0,0.0,0.0,0.0,183,53.51474552745263,1.525,35.15245901639344
5426658,38004,0.0,0.0,68.16053352402857,74.3569456625766,17.41806223824506,1.2594250205587394,0.11357802546753343,0.0,1.0,0.0,0.0,0.0,111,16.138371329094984,0.925,17.41081081081081
5426658,39000,0.0,0.0,2.3841006349878873,2.3841006349878873,15.367712827305601,0.570320949147143,0.04528472148396983,0.0,0.0,0.0,0.0,0.0,230,125.83361440257498,1.9166666666666667,65.57260869565218
5426658,39001,0.0,0.0,4.163511769574226,2.973936978267304,16.52519565635411,0.605978805334199,0.07915980913854564,0.0,0.0,0.0,0.0,0.0,305,168.12730184057682,2.5416666666666665,64.79737704918031
5426658,39002,0.0,0.0,26.301079033013785,36.8215106462193,25.441089489414388,1.4190857048767767,0.11733457048756421,0.0,0.0,0.0,0.0,0.0,101,38.02125375710914,0.8416666666666667,45.34950495049505
5426658,39003,0.0,0.0,110.30563342105621,0.0,11.745196023465493,1.0944885526930284,0.09310386962443529,0.0,0.0,0.0,0.0,0.0,27,3.6262880470766974,0.225,15.233333333333334
5426658,39005,0.0,0.0,64.76343781610103,77.71612537932123,16.02570077717193,1.2748846325442948,0.16530557836780488,0.0,0.0,0.0,0.0,0.0,33,7.720405476617449,0.275,29.245454545454546
5426658,39006,0.0,0.0,5.67445546323797,5.67445546323797,27.38274589883817,0.8572828032388826,0.08054585026568223,0.0,0.3404255319148936,0.0,0.0,0.0,329,158.60552714364596,2.7416666666666667,56.65258358662613
5426658,39007,0.0,0.0,2.293399427878212,1.146699713939106,10.797932744537517,0.3759772781255959,0.054631251283735964,0.0,0.0,0.0,0.013333333333333334,0.0,150,87.20678900013259,1.25,69.73533333333333
5426658,39008,0.0,0.0,14.295905172429046,16.495275198956595,21.70047281982384,0.9322967795248327,0.11107202266337479,0.0,0.0,0.0,0.0,0.0,177,90.93513032719105,1.475,61.648587570621466
5426658,39009,0.0,0.0,60.9968739533214,91.4953109299821,10.327060169532873,1.045978165699395,0.07694309855896402,0.0,0.0,0.0,0.0,0.0,38,3.2788565550597304,0.31666666666666665,10.284210526315789
5426658,39010,0.0,0.0,62.307684961587285,80.10988066489793,19.807505131024726,1.1137251397992025,0.1283544107411876,0.0,0.0,0.0,0.0,0.0,85,11.234569225795347,0.7083333333333334,15.205882352941176
5426658,42000,0.0,0.0,59.64339470080737,59.64339470080737,18.374279572860562,1.3294818166825317,0.13092176657693397,0.0,0.0,0.0,0.0,0.0,29,6.706526380775998,0.24166666666666667,27.45862068965517
5426658,43001,0.0,0.0,32.95833651915564,0.0,10.501167324137919,0.9594131910536163,0.07085941770756184,0.0,0.0,0.0,0.0,0.0,41,3.0341337142995437,0.3416666666666667,8.336585365853658
5426658,43002,0.0,0.0,16.428669317237635,17.488583466736838,28.20462282121507,1.2717432827916992,0.1643214913247623,0.0,0.0,0.0,0.0,0.0,424,188.69452784878644,3.533333333333333,47.320754716981135
5426658,43003,0.0,0.0,5.981105997224131,4.485829497918098,15.457866949067556,0.7806495143246299,0.10818025101197225,0.0,0.0,0.0,0.0,0.0,379,200.6317895982662,3.158333333333333,61.380211081794194
5426658,43004,0.0,0.0,21.67840111352477,15.897494149918165,26.063249708177654,1.282779372545277,0.18340370392245545,0.0,0.8191126279863481,0.0,0.0,0.0,293,138.3865896884966,2.441666666666667,46.68717138640347
5611482,0,0.0,0.0,57.97270990952962,49.690894208168245,20.963650337590057,1.3555467043348093,0.10808867023326034,0.0,1.0,0.0,0.0,0.0,68,12.074646865609662,0.5666666666666667,19.875980392156862
5611482,1000,0.0,0.0,28.91934540887677,28.91934540887677,20.456285864712587,1.423070541912931,0.10283871412639288,0.0,0.0,0.0,0.0,0.0,151,27.66314343181643,1.2583333333333333,20.001641440601457
5611482,2000,0.0,0.0,40.00266195534798,25.001663722092488,18.88710478867375,1.348153535988608,0.09274678525211974,0.0,0.0,0.0,0.0,0.0,119,19.998669110895193,0.9916666666666667,19.97467093031903
5611482,5000,0.0,0.0,56.97120082797396,48.03454187456628,26.107246159108705,1.5504442270826644,0.17029467003076532,0.0,0.0,0.0,0.0,0.0,289,89.51891351912319,2.408333333333333,34.125516003680964
5611482,7000,0.0,0.0,13.910400958249799,41.7312028747494,18.1760414968658,1.2739646198420633,0.09097949521343475,0.0,0.0,0.0,0.0,0.0,45,7.188865389296582,0.375,18.305314009661835
5611482,8000,0.0,0.0,74.35310169718547,63.337827371676504,21.738037155771014,1.5077077176027542,0.1565445866941579,0.0,0.0,0.0,0.0,0.0,152,36.313212742572176,1.2666666666666666,28.365638267626483
5611482,10000,0.0,0.0,65.4008743629262,62.4724770033922,24.810613695957723,1.5337083536672103,0.20514061370238212,0.0,0.0,0.0,0.0,0.0,360,102.445113544201,3.0,30.455705673845397
5611482,12000,0.0,0.0,37.45834857600369,29.572380454739754,24.03958586731956,1.4853908820400281,0.14771832112597813,0.0,0.0,0.0,0.0,0.0,177,50.723004943607286,1.475,22.573478894791457
5611482,13000,0.0,0.0,75.36117715838083,65.94103001358322,18.681141998510125,1.2610934396487645,0.12011541049627142,0.0,0.0,0.0,0.0,0.0,87,10.61554543287854,0.725,15.437363584217746
5611482,16000,0.0,0.0,91.29963805907173,45.64981902953586,9.7932642408229,0.9290987878235906,0.07002809842340285,0.0,1.0,0.0,0.0,0.0,34,2.19058918799435,0.2833333333333333,7.420588235294117
5611482,17000,0.0,0.0,103.31375577446,129.142194718075,18.66559988624993,1.370478574437509,0.16423521380775752,0.0,1.0,0.0,0.0,0.0,38,7.743402550832117,0.31666666666666665,20.43421052631579
5611482,18000,0.0,0.0,30.390926280189483,22.79319471014211,26.005576596247188,1.4763260521331734,0.1264904811003268,0.0,0.020737327188940093,0.0,0.0,0.0,434,157.94187895907965,3.6166666666666667,42.37114357344099
5611482,19000,0.0,0.0,37.5452951939857,29.918907107707355,25.965457423260375,1.4036275370048759,0.16630558434455509,0.0,0.0,0.0,0.0,0.0,403,170.46077190052836,3.3583333333333334,48.401379869516205
5611482,21000,0.0,0.0,57.60362975144893,49.37453978695622,22.829129725267702,1.4522184293591571,0.13902729302261194,0.0,1.0,0.0,0.0,0.0,63,12.152012000292267,0.525,22.51669841269841
5611482,22000,0.0,0.0,68.35788537431276,61.16231849280616,22.645332263230713,1.5041528235614317,0.1380505924864405,0.0,0.0,0.0,0.0,0.0,110,27.794891395425964,0.9166666666666666,27.118319975828076
5611482,23000,0.0,0.0,31.837021768103945,37.14319206278794,19.865634252465835,1.5477000359936581,0.11800929193607872,0.0,0.0,0.0,0.0,0.0,68,18.845983910502348,0.5666666666666667,30.868043884220363
5611482,25000,0.0,0.0,64.68134642714168,55.69782609003866,24.64819596825323,1.5892441332300036,0.1704764031779003,0.0,0.0,0.0,0.0,0.0,219,55.657468479805225,1.825,28.869505113322482
5611482,26000,0.0,0.0,34.094460670561894,29.223823431910194,28.211323139990455,1.4435756868339287,0.19297987014966894,0.0,0.0,0.0,0.0,0.0,131,41.06238880055959,1.0916666666666666,34.82633675843595
5611482,27000,0.0,0.0,83.81549001223344,69.36454345840009,22.873827009365744,1.508349132939011,0.17228465188398004,0.0,0.0,0.0,0.0,0.0,148,34.59980964827295,1.2333333333333334,25.158362656620177
5611482,29000,0.0,0.0,29.57334835062949,39.43113113417266,22.05763136306922,1.4744228101396344,0.10250426087061455,0.0,0.0,0.0,0.0,0.0,95,20.288537939168748,0.7916666666666666,24.371906880258116
5611482,30000,0.0,0.0,28.905574273381397,26.015016846043252,26.815478524731148,1.5369262850413734,0.15252270392758038,0.0,0.0,0.0,0.0,0.0,98,34.5954033136398,0.8166666666666667,41.155199197499144
5611482,33000,0.0,0.0,70.74861177850632,38.095406342272625,24.505943755914377,1.4002566766128604,0.1552691363860705,0.0,0.0,0.0,0.0,0.0,97,18.374918847452847,0.8083333333333333,24.02535131347785
5611482,34000,0.0,0.0,49.331023366771284,24.665511683385642,20.262204815068483,1.28780219619077,0.08185873548880936,0.0,1.0,0.0,0.0,0.0,52,8.108487777073659,0.43333333333333335,17.671153846153846
5611482,35000,0.0,0.0,37.219290276058956,22.904178631420898,21.111130724459798,1.4627861644358506,0.12026902895187568,0.0,0.0,0.0,0.0,0.0,155,34.92812437738007,1.2916666666666667,24.732638636230075
5611482,36000,0.0,0.0,62.62633061277012,57.407469728372604,20.418922758227023,1.479487186540286,0.1343982719627354,0.0,0.0,0.0,0.0,0.0,84,19.161269521278776,0.7,24.556798056756808
5611482,40000,0.0,0.0,49.069470153405256,49.069470153405256,26.449748102247177,1.570473202672836,0.17366173594739115,0.0,0.0,0.0,0.0,0.0,203,55.024030044730964,1.6916666666666667,30.282560443915976
5611482,41000,0.0,0.0,81.94789418087963,73.75310476279166,21.74506720270203,1.2597836679861705,0.17110134992848064,0.0,1.0,0.0,0.0,0.0,73,12.202876107990624,0.6083333333333333,17.25631797426318
5611482,42000,0.0,0.0,63.59150732019639,78.42952569490889,20.8968174879991,1.3787156871588857,0.1497346631308697,0.0,0.0,0.0,0.0,0.0,184,47.17611087427728,1.5333333333333334,27.826924818840578
5611482,44000,0.0,0.0,56.891615721861896,47.40967976821825,29.093676874236408,1.3773876119236002,0.23509342111140388,0.0,0.0,0.0,0.0,0.0,180,52.731847424877785,1.5,31.5996712962963
5611482,45000,0.0,0.0,73.29171504067068,57.00466725385497,23.805435357046026,1.3982912732797828,0.15696589427963398,0.0,1.0,0.0,0.0,0.0,69,12.279696272635679,0.575,20.653299358496348
5611482,46000,0.0,0.0,56.96944136285275,61.18939998232332,23.409498245075405,1.5539158144502692,0.12622993742422933,0.0,0.0,0.0,0.0,0.0,207,47.39382966392489,1.725,25.683259343830503
5611482,48000,0.0,0.0,48.472277263510435,48.472277263510435,22.811806045592455,1.4537305610189213,0.13824252890940764,0.0,0.0,0.0,0.0,0.0,90,16.504279253292562,0.75,20.607777777777777
5611482,49000,0.0,0.0,50.462830556641414,47.09864185286531,28.536385058598714,1.4512075967586449,0.182019890217585,0.0,0.0,0.0,0.0,0.0,94,29.72484863520176,0.7833333333333333,35.92329873495287
5611482,50000,0.0,0.0,68.50135711372371,68.50135711372371,8.718899579450564,0.6837389058487535,0.05986020735114722,0.0,0.0,0.0,0.0,0.0,27,1.4598250927201817,0.225,4.377777777777778
5611482,51000,0.0,0.0,98.03950164254395,49.01975082127198,11.998555395375925,0.7872346994769008,0.07774793824319332,0.0,0.0,0.0,0.0,0.0,31,2.0399940498393008,0.25833333333333336,7.435483870967742
5611482,52000,0.0,0.0,83.7905996481968,73.3167746921722,22.77375824215288,1.4019735632190922,0.18036731804725661,0.0,0.0,0.0,0.0,0.0,340,76.380883140484,2.8333333333333335,23.907419388867226
5611482,53000,0.0,0.0,34.9380148707967,30.57076301194711,19.643474713749534,1.2515212533238647,0.14995591428873783,0.0,0.0,0.0,0.0,0.0,65,22.89769475908857,0.5416666666666666,40.89846153846154
5611482,53001,0.0,0.0,25.270602876473813,19.49446507613694,24.17238864082067,1.4471754279144458,0.12887011334666984,0.0,0.0,0.0,0.0,0.0,353,138.50085085458713,2.941666666666667,45.024131138335235
5611482,54000,0.0,0.0,34.77840762583644,17.38920381291822,17.861937422434895,1.2748846325442948,0.10156558431845192,0.0,0.0,0.0,0.0,0.0,33,5.7506945732449966,0.275,19.56495748484011
5611482,55000,0.0,0.0,44.984087280897576,44.984087280897576,18.147626639845598,1.2481507479704357,0.0898957352700268,0.0,0.0,0.0,0.0,0.0,51,8.892033253942653,0.425,19.454901960784316
5611482,58000,0.0,0.0,26.748082318452138,25.174665711484362,27.38062553759988,1.3487111164620345,0.18197290598524293,0.0,0.0,0.0,0.0,0.0,436,190.66787440241166,3.6333333333333333,48.548398231484164
5611482,59000,0.0,0.0,71.78114479505227,64.41897609812384,26.465570619041912,1.564268212926801,0.21357334219899268,0.0,0.0,0.0,0.0,0.0,189,54.331816678811435,1.575,29.604078271317892
5611482,60000,0.0,0.0,94.42538556639714,60.08888172407091,20.105750386604555,1.2326211631974573,0.16682726081031585,0.0,0.0,0.0,0.0,0.0,85,11.649409673064163,0.7083333333333334,14.265390661563705
5611482,61000,0.0,0.0,63.63163294895537,38.17897976937323,21.505370856794748,1.3800155619353465,0.16346076568262177,0.0,0.0,0.0,0.0,0.0,40,7.857726995645306,0.3333333333333333,20.329113808539944
5611482,63000,0.0,0.0,28.464003574231057,22.771202859384847,22.559055102481004,1.3713459192765542,0.1454632485979958,0.0,0.17783505154639176,0.0,0.0,0.0,388,158.09441522393308,3.2333333333333334,47.65675066771716
5611482,66000,0.0,0.0,34.01507527426956,32.842141644122336,26.281168778866896,1.4183970282502432,0.168419182320526,0.0,0.0,0.0,0.0,0.0,403,170.51263162681767,3.3583333333333334,47.77911953087757
5611482,68000,0.0,0.0,48.64325446115018,32.42883630743346,20.618008510969165,1.1935068203540316,0.11192423295044157,0.0,1.0,0.0,0.0,0.0,75,12.334701011405413,0.625,18.49400459770115
5611482,69000,0.0,0.0,59.825491224005475,49.142367791147365,17.85480024673476,1.3696784398368225,0.11459275213823167,0.0,0.0,0.0,0.0,0.0,203,46.80279163134521,1.6916666666666667,25.251645560048967
5611482,71000,0.0,0.0,27.449298211777815,54.89859642355563,8.991016407900378,0.7924758932783512,0.05566973023591854,0.0,0.0,0.0,0.0,0.0,67,3.6430803887398646,0.5583333333333333,5.238286986867574
5611482,73000,0.0,0.0,33.998661269206124,35.9985825203359,23.003701810938228,1.55195916564842,0.12709307423247504,0.0,0.0,0.0,0.0,0.0,299,100.00393759855211,2.4916666666666667,37.946763285250725
5611482,74000,0.0,0.0,81.89561980019577,71.21358243495285,21.16977675835413,1.3982200527360835,0.1641004834841334,0.0,0.0,0.0,0.0,0.0,114,28.084530108098672,0.95,25.418447634237108
5611482,74001,0.0,0.0,56.94471473756308,46.59113023982434,24.39291213954021,1.437669103738721,0.17798479820838323,0.0,1.0,0.0,0.0,0.0,66,19.316981480537553,0.55,34.854130423779665
5611482,75000,0.0,0.0,62.724674065587514,59.23996995083266,24.077605229394187,1.4400605969958398,0.12275760797036243,0.0,1.0,0.0,0.0,0.0,133,28.696841024918605,1.1083333333333334,23.748303242405697
5611482,76000,0.0,0.0,72.39372034213591,48.26248022809061,21.001743303188466,1.0582484773487326,0.12671623739478852,0.0,1.0,0.0,0.0,0.0,58,8.288011683394272,0.48333333333333334,16.36206896551724
5611482,77000,0.0,0.0,16.209332468443154,15.472544628968466,22.964438664920433,1.4649265706393295,0.0829620247605835,0.0,0.0,0.0,0.0,0.0,362,135.7242813226905,3.0166666666666666,44.03874892098764
5611482,78000,0.0,0.0,17.518127206333247,17.518127206333247,28.609769915916292,1.3896536835376612,0.10327151002068921,0.0,0.0,0.0,0.0,0.0,288,102.750709525003,2.4,41.71130157582474
5611482,79000,0.0,0.0,36.029737222489295,36.029737222489295,23.230956968084065,1.4545072726411867,0.12997118554849388,0.0,0.0,0.0,0.0,0.0,114,38.856791859312764,0.95,37.49025559588627
5611482,82000,0.0,0.0,59.67877434677089,59.67877434677089,22.45535653076768,1.2930610922390624,0.13237735915717852,0.0,1.0,0.0,0.0,0.0,71,11.72946340909355,0.5916666666666667,18.673239436619717
5611482,83000,0.0,0.0,61.66029988967545,46.77677922665035,22.174120430979055,1.4732696194214139,0.1337276236020294,0.0,0.0,0.0,0.0,0.0,230,47.03188283528901,1.9166666666666667,22.06341344682497
5611482,85000,0.0,0.0,47.266177412836754,39.99445781086187,25.203080474948262,1.5626159216516964,0.14938616597504908,0.0,0.0,0.0,0.0,0.0,214,55.00762156606895,1.7833333333333334,28.899937195703487
5611482,86000,0.0,0.0,82.60099780103677,55.06733186735784,24.81708562440177,1.1244713557289947,0.1265366397722289,0.0,0.0,0.0,0.0,0.0,48,7.263834771648111,0.4,16.583333333333332
5611482,87000,0.0,0.0,58.093145036033846,71.29613254422335,20.602593517775937,1.4789199786193086,0.15815495030237708,0.0,0.0,0.0,0.0,0.0,143,37.87021684977445,1.1916666666666667,31.523708431374857
5611482,88000,0.0,0.0,58.78578767193537,64.3844341168816,23.33467682581147,1.5066864978323253,0.1804332572353608,0.0,0.0,0.0,0.0,0.0,129,35.72292016770153,1.075,30.290982715779663
5611482,89000,0.0,0.0,60.194977413213245,36.11698644792794,22.535378051253627,1.1492459192581328,0.13924786711746168,0.0,0.0,0.0,0.0,0.0,59,8.306340852455346,0.49166666666666664,15.05211704153391
5611482,90000,0.0,0.0,53.448098283610804,52.67348816355848,22.134373452420363,1.4985189464681943,0.13460386836526722,0.0,0.0,0.0,0.0,0.0,463,129.09720311070075,3.8583333333333334,30.902342613692543
5611482,91000,0.0,0.0,43.89553658113288,42.43235202842845,21.252140660538775,1.4083659316801285,0.12671054735088533,0.0,0.0,0.0,0.0,0.0,416,136.68815709565587,3.466666666666667,37.204807692307696
5611482,92000,0.0,0.0,5.904896345715615,4.428672259286712,14.990345181942553,0.9574236289442706,0.0759996753399131,0.0,0.0,0.0,0.0,0.0,274,135.48078631057626,2.283333333333333,59.095948905109495
5673492,3000,0.0,0.0,47.22764264739602,33.73403046242573,21.14068297445112,1.5128657266207273,0.1285274457413818,0.0,0.0,0.0,0.16521739130434782,0.0,115,29.643656162397754,0.9583333333333334,29.925585871032094
5673492,3001,0.0,0.0,18.238008407412934,24.317344543217246,26.356332673511485,1.3014532855875158,0.11556142317275088,0.0,0.0,0.0,0.0,0.0,113,49.34749342665015,0.9416666666666667,52.44926845668647
5673492,3002,0.0,0.0,14.7611970055536,15.538102111109053,20.418733428269714,1.0884460154332307,0.11658679256224039,0.0,0.0,0.0,0.0,0.0,273,128.7158486730557,2.275,56.08455100702795
5673492,3003,0.0,0.0,21.13214098736826,16.1598725197522,16.17171305264205,1.2349266627849778,0.10918197883934559,0.0,0.0,0.0,0.0,0.0,187,80.44617916453308,1.5583333333333333,51.19486631016042
5673492,3004,0.0,0.0,46.73173518890956,37.06310032223862,18.828417058402476,1.352587976231931,0.1301034862860975,0.0,0.0,0.0,0.0,0.0,183,62.05633042036564,1.525,40.54534218058809
5673492,3005,0.0,0.0,11.328762658203509,10.519565325474687,14.685636141623865,1.185347893557148,0.08404655752477415,0.0,0.0,0.0,0.0,0.0,293,123.57925064183567,2.441666666666667,50.67151166134708
5673492,3007,0.0,0.0,17.715904578785782,15.944314120907203,17.737003895004214,1.2695047537115927,0.11313636282682658,0.0,1.0,0.0,0.0,0.0,147,56.446454402191094,1.225,45.70068027210884
5673492,3008,0.0,0.0,26.142593888692577,25.350394073883713,18.872395721439066,1.3899893452307959,0.1290971967611298,0.0,0.08379888268156424,0.0,0.0,0.0,358,126.2307793193905,2.9833333333333334,41.951665135189195
5673492,3009,0.0,0.0,28.962195496466975,26.159402383905654,20.49625293875986,1.3657875307619831,0.1362824794134462,0.0,0.0,0.0,0.0,0.0,271,107.03608434582114,2.2583333333333333,46.847443937493566
5673492,3010,0.0,0.0,12.524425319099523,12.524425319099523,22.623821383483115,1.2044478395314704,0.08536112876776256,0.0,0.0,0.0,0.0,0.0,263,119.76597422897537,2.191666666666667,55.26599693463182
5673492,3012,0.0,0.0,82.59160458415367,82.59160458415367,8.193289937503739,0.9433483923290391,0.12079128685225549,0.0,0.0,0.0,0.0,0.0,10,1.2107768156763279,0.08333333333333333,10.9
5673492,3014,0.0,0.0,74.58928278485958,67.5525579938351,18.783506201567665,1.4384869736599897,0.16039224881632402,0.0,0.0,0.0,0.0,0.0,266,71.05578445213062,2.216666666666667,30.78509580453477
5673492,3015,0.0,0.0,12.046149765880902,17.065378834997944,19.82344596244943,0.8122618913286999,0.13232582802768014,0.0,0.0,0.0,0.0,0.0,189,99.61689197977918,1.575,62.80952380952381
5673492,3016,0.0,0.0,27.326599989222604,23.683053323992922,22.602543071590567,1.1922110543490234,0.13872133121037875,0.0,0.0,0.0,0.0,0.0,238,109.78314174405804,1.9833333333333334,54.85737860834437
5673492,3017,0.0,0.0,32.72430473293992,34.320612280888206,24.456445701526597,1.5103525868680554,0.13305790288010444,0.0,0.0,0.0,0.0,0.0,364,125.2891400889867,3.033333333333333,40.722156314066126
5673492,3018,0.0,0.0,20.681221816964783,20.681221816964783,18.59069718594399,1.2689485306752584,0.1390357569354754,0.0,0.0,0.0,0.0,0.0,138,58.02365114693762,1.15,49.895471014492756
5673492,3020,0.0,0.0,17.703216790142278,12.392251753099595,16.081152177057945,1.180718959101335,0.09566385110792326,0.0,1.0,0.0,0.0,0.0,136,56.486909235435235,1.1333333333333333,49.8185924369748
5673492,3021,0.0,0.0,24.234719069959276,25.74938901183173,17.904859740124753,1.29074426739864,0.11302066474626299,0.0,0.0,0.0,0.0,0.0,171,66.0209840015566,1.425,45.929404708352074
5673492,3022,0.0,0.0,39.0939213446713,40.72283473403261,20.044965507664223,1.3020270611122968,0.14590184088505057,0.0,0.0,0.0,0.0,0.0,413,122.78123644033637,3.441666666666667,35.010411622276024
5673492,3023,0.0,0.0,45.22943318503564,32.306737989311166,21.476627000126488,1.5113229318170365,0.11997275850791372,0.0,0.0,0.0,0.0,0.0,409,139.28982868802308,3.408333333333333,40.177223624142684
5673492,3024,0.0,0.0,20.9534724277585,18.334288374288686,16.827972178432333,0.8887011755229683,0.11744755491119106,0.0,0.0,0.0,0.0,0.0,110,38.179829274511334,0.9166666666666666,41.14835309617918
5673492,3025,0.0,0.0,26.380149172765677,23.449021486902826,14.47573649442936,0.9264799389561443,0.09933637030501809,0.0,0.0,0.0,0.0,0.0,191,68.23312439257481,1.5916666666666666,42.14048865619546
5673492,3026,0.0,0.0,21.194636757796108,20.463787214423824,18.59520266722583,1.2411501965472653,0.10450912816059921,0.0,0.0,0.0,0.0,0.0,341,136.82706776907992,2.841666666666667,48.136787227109814
5673492,3027,0.0,0.0,37.88268289536444,41.039573136644805,20.821498630514917,1.4040831949809733,0.1611841290320213,0.0,0.5277777777777778,0.0,0.0,0.0,432,158.3837136501807,3.6,43.614790013227505
5673492,3028,0.0,0.0,34.1017353192545,45.46898042567266,21.20372341283333,1.3835802168895974,0.17733711356863183,0.0,0.014184397163120567,0.0,0.0,0.0,141,52.783237660744064,1.175,44.275835866261396
5673492,3029,0.0,0.0,41.60810185595626,47.552116406807144,26.63450852398279,1.473887954389516,0.16673758092399735,0.0,0.0,0.0,0.0,0.0,229,67.29458627296589,1.9083333333333334,34.85638171245007
5673492,3030,0.0,0.0,20.220648178184312,19.41182225105694,20.460407257937916,1.2548785767590909,0.10358406995307003,0.0,0.0,0.0,0.0,0.0,293,123.63599712383129,2.441666666666667,50.46559026866195
5673492,3032,0.0,0.0,19.529369794346678,15.189509840047416,18.557541712402998,1.289930891138226,0.12108688085199118,0.0,0.0,0.0,0.0,0.0,336,138.25330916625842,2.8,48.890452999381566
5673492,3033,0.0,0.0,48.86736145399301,37.232275393518485,19.498305740428087,1.3030677943887943,0.14387303368954188,0.0,0.0,0.0,0.0,0.0,123,42.97346812917411,1.025,41.31060098836282
5673492,3034,0.0,0.0,17.316901938635045,13.528829639558632,19.519459399931396,1.161331663048707,0.11814952883143574,0.0,0.4626865671641791,0.0,0.0,0.0,402,184.7905596127797,3.35,54.68557769545082
5673492,3035,0.0,0.0,35.63575848742833,32.0721826386855,19.859373953809282,1.4095773004872898,0.10550934852392284,0.0,0.0,0.0,0.01904761904761905,0.0,105,28.061701011717833,0.875,30.507063492063494
5673492,3036,0.0,0.0,22.013964332872977,22.013964332872977,23.51507902340868,1.3442095710640671,0.10753484590055287,0.0,0.0,0.0,0.025380710659898477,0.0,197,81.76628129228405,1.6416666666666666,48.986849496158065
5673492,3037,0.0,0.0,31.036931767301603,23.05600645570976,19.54086522171614,1.0940818101713718,0.14179464255349297,0.0,0.0,0.0,0.0,0.0,240,112.7688789034025,2.0,55.77877237667052
5673492,3038,0.0,0.0,57.85250194759003,53.031460118624196,21.20142714417448,1.4859936274714567,0.1644245544239001,0.0,0.0,0.0,0.0,0.0,191,62.22721366936432,1.5916666666666666,38.28242414006643
5673492,3039,0.0,0.0,17.609448183339328,16.809018720460266,21.787110676775622,1.4070659811256274,0.09394102636914545,0.0,0.0,0.0,0.0,0.0,332,124.93293242893702,2.7666666666666666,44.93975903614458
5673492,3040,0.0,0.0,18.23291480325583,19.061683657949278,18.31852568821407,1.240562166356054,0.1232143739182059,0.0,1.0,0.0,0.0,0.0,277,120.66090494796524,2.308333333333333,51.670698184802504
5673492,3041,0.0,0.0,32.464029074321985,35.169364830515484,19.91454195371828,1.356263906159882,0.15251063551417102,0.0,0.8787878787878788,0.0,0.0,0.0,99,36.96398858110812,0.825,44.18838383838383
5673492,3042,0.0,0.0,30.96817850974847,30.96817850974847,21.814372545846,1.336321335818958,0.16128071004071057,0.0,0.0,0.0,0.0,0.0,226,80.72802858628012,1.8833333333333333,41.964585967130205
5673492,3043,0.0,0.0,17.621161047046932,13.705347481036503,19.34356827136875,1.205326017287005,0.09897790051156223,0.0,0.0,0.0,0.0,0.0,334,153.224863718755,2.783333333333333,55.03656302818163
5673492,3044,0.0,0.0,32.88574940391384,30.536767303634278,19.798690876088237,1.3282064557225808,0.13234808228362566,0.0,0.0,0.0,0.0,0.0,102,42.57163134112375,0.85,50.09226845060482
5673492,3045,0.0,0.0,26.922388183604294,22.435323486336912,27.63569548051725,1.4702280581369245,0.10624970667238767,0.0,0.0,0.0,0.0,0.0,133,44.572568815822905,1.1083333333333334,39.70757250268529
5673492,3046,0.0,0.0,80.76874892392138,161.53749784784276,9.717864420174264,1.0606018056124555,0.08773687644247967,0.0,0.0,0.0,0.0,0.0,15,1.238102624248806,0.125,9.266666666666667
5673492,3047,0.0,0.0,44.29365359638903,44.29365359638903,8.04434140072564,0.7715021333323691,0.051639066417607404,0.0,0.0,0.0,0.0,0.0,35,2.257659774721143,0.2916666666666667,4.8
5673492,3048,0.0,0.0,45.22950136096867,45.22950136096867,8.636175835278669,0.7711871453921488,0.05472426444668503,0.0,0.0,0.0,0.0,0.0,44,2.2109463290766276,0.36666666666666664,4.568181818181818
5673492,3050,0.0,0.0,11.199461317476937,24.63881489844926,27.866364970339482,1.454947032937727,0.09724023917971307,0.0,0.0,0.0,0.0,0.0,123,44.64500441818055,1.025,43.8603710700534
5673492,3051,0.0,0.0,25.246060982789764,21.038384152324806,23.621729474502676,1.246531523954715,0.12327469376615134,0.0,0.0,0.0,0.0,0.0,427,190.12867010311663,3.558333333333333,52.84334778947834
5673492,3052,0.0,0.0,40.237213042400946,38.6277245207049,20.747013854360315,1.4648514685511078,0.12119465844088889,0.0,0.0,0.0,0.0,0.0,191,62.13153971090304,1.5916666666666666,38.70110529377545
5673492,3053,0.0,0.0,22.747183815026183,24.26366273602793,19.38567033439374,1.282045261150073,0.11284341450992401,0.0,0.0,0.0,0.0,0.0,155,65.94222881379892,1.2916666666666667,50.5858064516129
5673492,3054,0.0,0.0,12.070365591593188,18.967717358217868,20.639385390904806,1.2270306903587436,0.12493677874159616,0.0,1.0,0.0,0.0,0.0,137,57.99327242312681,1.1416666666666666,50.44525547445255
5673492,3056,0.0,0.0,16.345188526907002,17.162447953252354,23.06922558582488,1.3230630759297006,0.11531652351819875,0.0,0.0,0.0,0.0,0.0,303,122.36016713466809,2.525,48.21722588925559
5673492,3057,0.0,0.0,41.566663222539226,32.24999732783216,20.27014003070604,1.506610377256844,0.11972955622898541,0.0,0.0,0.0,0.0,0.0,420,139.53489528250108,3.5,39.32695025275101
5673492,3058,0.0,0.0,41.269951707290446,41.269951707290446,23.176111859226005,1.4407399156931804,0.16814316095757395,0.0,0.0,0.0,0.0,0.0,265,94.49974712015607,2.2083333333333335,42.16226415094339
5673492,3059,0.0,0.0,12.507054207499927,10.53225617473678,19.35025803953433,1.0565597998053153,0.0839738851740537,0.0,0.0,0.0,0.0,0.0,303,151.91426921781903,2.525,60.25883802301052
5673492,3060,0.0,0.0,29.26260361747547,40.4102621384185,21.740114759182486,1.36508947973439,0.16862970416064169,0.0,1.0,0.0,0.0,0.0,177,71.7639492183085,1.475,48.09570279061805
5673492,3061,0.0,0.0,33.69620619991727,32.0113958899214,17.67140328083113,1.1952964263338621,0.1363107604588563,0.0,0.5595238095238095,0.0,0.0,0.0,168,59.35386280978155,1.4,41.68948412698413
5673492,3062,0.0,0.0,41.132290600850574,51.41536325106322,19.3202941128783,1.3565124960630066,0.15192932259413827,0.0,0.0,0.0,0.0,0.0,402,116.69663735918323,3.35,34.085293973482344
5673492,3063,0.0,0.0,47.36231984551627,50.06873812240291,21.663944493135062,1.4049747200735232,0.17106655532027906,0.0,0.0,0.0,0.0,0.0,223,73.8984072447486,1.8583333333333334,39.10499679692504
5673492,3064,0.0,0.0,42.9727771892401,57.29703625232012,24.393772067937324,1.5275023899559335,0.18579497665650668,0.0,0.0,0.0,0.0,0.0,22,6.9811638814704455,0.18333333333333332,36.35454545454545
5673492,3065,0.0,0.0,33.639841615537264,37.84482181747942,21.141611542776275,1.3039300644728233,0.16531338159526862,0.0,0.0,0.0,0.0,0.0,250,95.12529923809193,2.0833333333333335,45.247818623481784
5673492,3066,0.0,0.0,17.676733997281104,17.676733997281104,20.891834432658534,1.4054922702281136,0.08589578533487696,0.0,0.0,0.0,0.0,0.0,277,101.82876544257903,2.308333333333333,43.80324909747292
5673492,3068,0.0,0.0,21.091039862476244,17.84626449901836,17.980345158470872,1.269510184052968,0.11387662932945412,0.0,1.0,0.0,0.0,0.0,144,61.63754885850234,1.2,51.38680555555556
5673492,3069,0.0,0.0,16.438643407215352,9.863186044329211,19.47824460637579,1.3688612993736,0.07490494419000134,0.0,0.0,0.0,0.0,0.0,158,60.832270353955955,1.3166666666666667,46.008047016274865
5673492,3070,0.0,0.0,36.99687114524132,31.216110028797367,21.830240410504235,1.4941864419011515,0.12677555590695713,0.0,0.0,0.0,0.0,0.0,473,172.987601434593,3.941666666666667,43.31039736650267
5673492,3071,0.0,0.0,17.64659817905049,20.293587905908062,27.582021655082613,1.539841508892127,0.08846887503321195,0.0,0.0,0.0,0.0,0.0,324,113.3362917717671,2.7,41.04254514950172
5673492,3072,0.0,0.0,47.20465390274626,52.449615447495844,23.61917754150222,1.525971374130929,0.13198903066942788,0.0,1.0,0.0,0.0,0.0,63,19.06591671775058,0.525,36.84999444999445
5673492,3073,0.0,0.0,20.177465897576322,19.19319926842626,26.79952570647346,1.2008656750361957,0.12636495046538984,0.0,0.05652173913043478,0.0,0.0,0.0,460,203.196973337097,3.8333333333333335,52.512561231656434
5673492,3074,0.0,0.0,30.40179631946833,32.612836051793295,20.818203389655977,1.3685025204837233,0.1357361144369748,0.0,0.0,0.0,0.0,0.0,452,180.9103627366248,3.7666666666666666,48.064569046557146
5673492,3076,0.0,0.0,14.126883169961085,7.063441584980542,15.672259924418874,1.208277550588873,0.08856689890492718,0.0,0.0,0.0,0.0,0.0,135,56.629618180823655,1.125,49.97037037037036
5673492,3077,0.0,0.0,24.243673687282836,25.75890329273801,18.815808510539163,1.3305421279085146,0.12467281525534182,0.0,0.0,0.0,0.0,0.0,163,65.99659856168125,1.3583333333333334,48.207770961145194
5673492,3078,0.0,0.0,27.76818767416423,28.42933499973957,18.414162200995722,1.2477666284428937,0.13797164444894966,0.0,0.8415584415584415,0.0,0.0,0.0,385,151.25221888023026,3.2083333333333335,46.660913026367574
5673492,3079,0.0,0.0,16.182523644241222,14.479100102742143,18.76220123589516,1.1380512794222635,0.10153147259241808,0.0,0.4857142857142857,0.0,0.0,0.0,245,117.41061170493899,2.0416666666666665,57.212622834307176
5673492,3080,0.0,0.0,30.33438308989398,30.33438308989398,20.28117964262304,1.4707716580792805,0.11454144126319754,0.0,0.6198830409356725,0.0,0.0,0.0,171,56.04201657776129,1.425,38.913840155945415
5673492,4000,0.0,0.0,13.905472418692359,13.300886661357907,22.884959965632273,0.9728515871606666,0.1033513651488304,0.0,0.0,0.0,0.0,0.0,329,165.40250706680322,2.7416666666666667,60.5231450288413
5673492,4001,0.0,0.0,30.3048955875814,35.35571151884497,26.351396709677356,1.414601573114155,0.15764932045924707,0.0,0.0,0.0,0.0,0.0,201,79.19512519236307,1.675,46.66241726543502
5673492,5000,0.0,0.0,32.719355663892316,32.16479031365686,25.63867781577692,1.4238604229350682,0.13561475947274623,0.010309278350515537,0.0,0.0,0.0,0.0,485,180.32139937617987,4.041666666666667,44.07591661879427
5673492,6000,0.0,0.0,22.171443567765106,17.737154854212086,18.60625762874674,1.098066442032204,0.13582198926552208,0.0,1.0,0.0,0.0,0.0,97,45.103062276643655,0.8083333333333333,55.58900343642612
5673492,6001,0.0,0.0,37.289265108123004,39.093584387548304,25.94453370413335,1.390631916409238,0.16804681593774756,0.0,0.0,0.0,0.0,0.0,427,166.2676907689824,3.558333333333333,46.02756124022849
5673492,6002,0.0,0.0,20.060619629073038,21.24065607784204,20.137990144512894,1.0289424902993978,0.12349167953008428,0.0,0.0,0.0,0.0,0.0,166,84.74314509888116,1.3833333333333333,60.5920874360966
5673492,6003,0.0,0.0,18.764677826043712,17.911737924859906,21.95641282954931,1.0548927329843671,0.12037339764493002,0.0,0.0,0.0,0.0,0.0,237,117.24155460567485,1.975,59.277916717290076
5673492,7000,0.0,0.0,0.0,0.0,4.7525096877126805,0.5538582294924286,0.03908613331923835,0.0,0.0,0.0,0.0,0.0,33,1.1781995950479496,0.275,2.4242424242424243
5673492,12000,0.0,0.0,82.88783857121102,41.44391928560551,7.613192713636283,0.6856866615213274,0.05898397825241118,0.0,0.0,0.0,0.0,0.0,53,2.4128992075016527,0.44166666666666665,4.289308176100629
5673492,12001,0.0,0.0,14.998912404960695,20.215925415381808,25.45678235673247,1.138232418495147,0.12779672271547937,0.0,0.0,0.0,0.0,0.0,319,153.34445177767054,2.658333333333333,57.17641832962556
5673492,12002,0.0,0.0,30.380718691756027,36.71003508587186,23.171360345074334,1.2336165030197368,0.15331320565550763,0.0,0.0,0.0,0.0,0.0,172,78.99747284949034,1.4333333333333333,53.55881025971396
5673492,12003,0.0,0.0,28.45387490681528,33.475146949194446,22.847402410270462,1.3284849968347503,0.15696040296184552,0.0,0.0,0.0,0.0,0.0,279,119.49163378045326,2.325,50.89195138119932
5673492,12004,0.0,0.0,19.781256836426618,15.21635141263586,26.60297842810568,1.4807353899018558,0.09315102259474312,0.0,0.0,0.0,0.0,0.0,195,65.71877665559083,1.625,40.24786324786325
5673492,12005,0.0,0.0,19.13379602446221,11.958622515288882,17.844479350038615,1.2682488742549638,0.10561962011190511,0.0,0.0,0.0,0.0,0.0,102,41.810835600902955,0.85,49.171503267973854
5673492,12006,0.0,0.0,21.023369434117512,24.73337580484413,19.09891771362622,1.1018763846529112,0.14037552866611488,0.0,0.4327485380116959,0.0,0.0,0.0,171,80.86239483767889,1.425,56.360807184617165
5673492,12007,0.0,0.0,23.33913835262068,19.67809704240567,24.623726527893528,1.2343165063020594,0.13478722911620872,0.0,0.19181034482758622,0.0,0.0,0.0,464,218.51706446683525,3.8666666666666667,55.724417482452864
5673492,12008,0.0,0.0,12.644555262317207,11.495050238470188,21.241979009894724,1.0092478478265285,0.09298956107257357,0.0,0.0,0.0,0.0,0.0,333,173.9879303273205,2.775,62.06208762242598
5673492,12009,0.0,0.0,23.699860595143626,32.97371908889548,22.05354994367855,1.3999449346605595,0.14408434250697125,0.0,0.0,0.0,0.0,0.0,248,97.04698433843515,2.066666666666667,45.95196812596006
5673492,12010,0.0,0.0,37.80457830059764,40.442107019243984,27.15547214836816,1.4205917987001302,0.17254950829868426,0.0,0.3219178082191781,0.0,0.0,0.0,292,113.74283733068444,2.433333333333333,46.26235934700757
5673492,12011,0.0,0.0,63.02934075685733,64.15486469894407,21.80499366640934,1.5401334238096192,0.14753365436226035,0.0,0.0,0.0,0.0,0.0,296,88.84751026672832,2.466666666666667,35.09400483295607
5673492,12012,0.0,0.0,39.91191067641692,35.074103321699724,23.58288698065363,1.3498172003719138,0.15180515488850127,0.0,0.0,0.0,0.0,0.0,200,82.6820852239955,1.6666666666666667,49.2254601420094
5673492,12013,0.0,0.0,21.833843488535383,18.599200008752362,25.731546145186105,1.3963384533005356,0.11200769046676376,0.0,0.0,0.0,0.0,0.0,325,123.66123268300099,2.7083333333333335,45.377741646726165
5673492,12015,0.0,0.0,33.479702106329626,29.294739343038422,22.94314002292755,1.4390842178414505,0.11767370038653206,0.0,0.0,0.0,0.0,0.0,396,143.3704512888279,3.3,43.217333692877176
5673492,12016,0.0,0.0,33.91243703372267,32.46935460675575,20.89579727895742,1.3119258250324342,0.14018546260486214,0.0,0.37735849056603776,0.0,0.0,0.0,318,138.59222194283177,2.65,51.82990538282931
5673492,12017,0.0,0.0,21.66707317240199,21.66707317240199,27.655745319693633,1.5001860669421394,0.10759948389534872,0.0,0.0,0.0,0.06424581005586592,0.0,358,129.2283446740026,2.9833333333333334,42.65031620704736
5673492,14000,0.0,0.0,30.50409782810969,27.114753624986392,21.06615241988384,1.5590181760960944,0.09634760316687964,0.0,0.0,0.0,0.140625,0.0,128,29.50423267954003,1.0666666666666667,26.1875
5673492,15000,0.0,0.0,20.19162094550763,14.537967080765494,21.59278216616905,1.2557899816392912,0.12400381228343808,0.0,0.0,0.0,0.0,0.0,285,123.81373475398057,2.375,51.25258990387847
5673492,15001,0.0,0.0,26.074383030327642,26.074383030327642,20.319048278872465,1.1652906704805759,0.1771751233123053,0.0,0.9523809523809523,0.0,0.0,0.0,189,80.53881840875957,1.575,50.62784561117895
5673492,16000,0.0,0.0,53.668731795773084,62.613520428401934,24.148547834465724,1.414237422262043,0.23245121410081,0.0,0.0,0.0,0.0,0.0,202,67.0781641291463,1.6833333333333333,38.66831683168317
5673492,16001,0.0,0.0,21.79944792292794,26.643769683578594,22.905364042853012,1.3472564150418789,0.1413847052306919,0.0,0.0,0.0,0.0,0.0,301,123.85634762613549,2.5083333333333333,49.05080473838968
5673492,16003,0.0,0.0,25.19409889326264,25.19409889326264,19.75530858817401,1.2691124534191056,0.14280356725718338,0.0,0.0,0.0,0.0,0.0,151,63.506934968325815,1.2583333333333333,50.13865141481036
5673492,16004,0.0,0.0,25.145951739033467,26.40324932598514,21.259396955186997,1.391793630259956,0.11529036646476183,0.0,0.0,0.0,0.0,0.0,195,79.5356652536419,1.625,48.40385869500251
5673492,16005,0.0,0.0,50.97333023863021,44.60166395880144,18.96575471504698,1.3580839725101348,0.1342541311701769,0.0,0.0,0.0,0.0,0.0,155,47.08344518132262,1.2916666666666667,35.76023159636063
5673492,16006,0.0,0.0,30.605526201818805,22.954144651364103,23.514119233055318,1.435464856586142,0.1117549607241274,0.0,0.0,0.0,0.0,0.0,247,91.48674594046363,2.058333333333333,44.158397586176704
5673492,16007,0.0,0.0,8.561680312259039,9.34001488610077,23.282066086877396,1.0877731051494504,0.08223407157831168,0.0,0.0,0.0,0.0,0.0,267,128.47945261690808,2.225,58.232813566542205
5673492,17000,0.0,0.0,26.28033172137728,35.04044229516971,21.29359886298516,1.2242736204214053,0.18349494407985875,0.0,1.0,0.0,0.0,0.0,108,45.661524090423896,0.9,50.907407407407405
5673492,17001,0.0,0.0,18.399134155755846,21.465656515048487,21.27075991721767,1.0179256803990273,0.14993975725687084,0.0,0.0,0.0,0.0,0.0,404,195.6613811022082,3.3666666666666667,57.6562706270627
5673492,17002,0.0,0.0,100.54237427067731,100.54237427067731,21.053574733622852,1.5328796956191144,0.17423838894859425,0.0,0.0,0.0,0.0,0.0,54,11.935266187064514,0.45,24.772242977722428
5673492,17003,0.0,0.0,36.64255117312013,42.98453118385247,25.675827059184876,1.3897500428917116,0.2061462791569914,0.0,0.0,0.0,0.0,0.0,377,141.91151635245754,3.1416666666666666,43.325572708965474
5673492,17004,0.0,0.0,20.300555555356258,22.83812499977579,22.22953900055172,1.4429905909783962,0.10552429253979424,0.0,0.0,0.0,0.0,0.0,106,39.407788511921865,0.8833333333333333,44.886792452830186
5673492,17006,0.0,0.0,21.220929734619702,20.404740129442022,23.586668435173607,1.3070354918237843,0.11570470901528894,0.0,0.36860068259385664,0.0,0.0,0.0,293,122.52055082008847,2.441666666666667,49.89391881661506
5673492,17007,0.0,0.0,47.511966055772774,41.129761660221206,23.912824283147543,1.506918596262793,0.1488721497943072,0.0,0.0,0.0,0.0,0.0,400,141.01710697753666,3.3333333333333335,41.600477417235005
5673492,17008,0.0,0.0,14.93601552519433,15.585407504550606,20.226900219682786,1.0136072454587248,0.11898767550481189,0.0,0.0,0.0,0.0,0.0,305,153.9901987996946,2.5416666666666665,60.30467570095928
5673492,19000,0.0,0.0,44.628038350196114,44.628038350196114,9.346135118134828,0.9231061813966921,0.08779737710671257,0.0,1.0,0.0,0.0,0.0,31,2.240743794636462,0.25833333333333336,7.516129032258065
5673492,19002,0.0,0.0,20.767234030977338,18.171329777105168,25.560394354380026,1.2073331759021444,0.12076736882251338,0.0,0.0,0.0,0.0,0.0,347,154.08888806408868,2.8916666666666666,52.901484662354264
5673492,19003,0.0,0.0,40.45685249197372,48.0425123342188,25.92080491774167,1.3626670409987256,0.1895380570002607,0.0,0.0,0.0,0.0,0.0,197,79.0966128824493,1.6416666666666666,46.74923187972184
5673492,19004,0.0,0.0,37.81953485304369,34.32850086660889,23.921474318100305,1.4413031778191732,0.14122362795947863,0.0,0.0,0.0,0.0,0.0,437,171.86885098553464,3.6416666666666666,46.60163199545681
5673492,19005,0.0,0.0,14.919732448462335,0.0,17.075131348551267,1.0391888422785933,0.06153407542351878,0.0,0.0,0.0,0.0,0.0,43,13.405066122389647,0.35833333333333334,37.44651162790697
5673492,19007,0.0,0.0,21.50570396293085,19.116181300382976,20.341669282086873,1.3799564901681243,0.13114459452554436,0.0,0.7075471698113207,0.0,0.0,0.0,106,41.84936245525003,0.8833333333333333,47.27059748427673
5832441,0,0.0,0.0,126.64394025037558,189.96591037556337,12.575439223409555,1.0733942812811266,0.13146196553565284,0.0,0.0,0.0,0.0,1.0,13,1.5792307125362588,0.10833333333333334,14.828094970473861
5832441,1,0.0,0.0,75.50092130602218,75.50092130602218,17.89758263894069,1.0991607357852946,0.10415619967864176,0.0,0.0,0.0,0.0,0.303951367781155,329,34.43666587142184,2.7416666666666667,12.385291347190234
5832441,2,0.0,0.0,129.22246904339033,129.22246904339033,10.1820354667409,1.0775563270668007,0.12321736942676721,0.0,0.0,0.0,0.0,1.0,12,1.547718453923396,0.1,14.978422316388047
5832441,3,0.0,0.0,96.92568982646817,69.23263559033441,16.68908590401526,1.0970382054459138,0.10269731601842921,0.0,0.0,0.0,0.0,0.5753424657534246,73,7.222027526997761,0.6083333333333333,11.869859966172458
5832441,4,0.0,0.0,98.49174381490377,98.49174381490377,16.366916710295783,1.2567875294712636,0.13213219483961017,0.0,0.0,0.0,0.0,0.08860759493670886,79,10.153135291007812,0.6583333333333333,16.07513154221852
5832441,5,0.0,0.0,37.86203145851197,23.663769661569983,19.34526031073516,1.2336037124599235,0.0874800371176401,0.0,0.0,0.0,0.0,0.3790322580645161,124,21.129346978558583,1.0333333333333334,20.66822748380034
5832441,6,0.0,0.0,186.04026546735108,124.02684364490074,14.305993167791112,1.240684291953396,0.15876237158592466,0.0,0.0,0.0,0.0,1.0,11,1.6125541384622897,0.09166666666666666,18.74924563236723
5832441,7,0.0,0.0,0.0,68.18075221204168,9.283027366297302,0.9184277849930975,0.09600830938547185,0.0,0.0,0.0,0.0,1.0,12,1.4666895972194713,0.1,16.631324786324786
5832441,8,0.0,0.0,70.90637097181812,53.1797782288636,15.106914830534391,1.2031463808189464,0.12065919692979009,0.0,0.0,0.0,0.0,0.3333333333333333,24,5.641242028293632,0.2,30.73353268903881
5832441,9,0.0,0.0,42.50369150780171,0.0,5.3309522442016855,0.6791932659915256,0.08480218360262823,0.0,0.0,0.0,0.0,0.0,12,2.35273682008643,0.1,22.47058460017303
5832441,10,0.0,0.0,86.2439932203326,100.61799209038801,16.43532672912829,1.2907474635738803,0.1661879618810953,0.0,0.0,0.0,0.0,0.2,30,6.9570062516370825,0.25,29.903521670155175
5832441,11,0.0,0.0,63.403055384687676,67.24566480194147,23.256808323799696,1.4111728079977848,0.14185797928150495,0.0,0.0,0.0,0.0,0.02909090909090909,275,52.0479648808372,2.2916666666666665,21.120374624533884
5832441,12,0.0,0.0,71.91469105299952,85.89810320219385,23.332188149752366,1.5611650790275453,0.15834118378469259,0.0,0.0,0.0,0.0,0.051643192488262914,213,50.05931260063234,1.775,27.115360771479825
5832441,13,0.0,0.0,59.429189585308116,42.44942113236295,19.141432310860917,1.3220795490323618,0.12615816067801053,0.0,0.0,0.0,0.0,0.6190476190476191,84,11.77872363538088,0.7,16.62248255879619
5832441,14,0.0,0.0,49.318159574677146,78.90905531948343,15.340578205479535,1.0928438329146135,0.14715000293718491,0.0,0.0,0.0,0.0,0.1388888888888889,36,10.13825342048509,0.3,35.70761854735715
5832441,15,0.0,0.0,69.51817055481257,61.33956225424638,14.368530301813864,1.05630537697763,0.09149881590628631,0.0,0.0,0.0,0.0,0.01838235294117647,272,24.454038223857047,2.2666666666666666,10.241915642820684
5832441,16,0.0,0.0,61.85770483758799,74.22924580510558,13.354132848065872,1.1187397329946622,0.09433943376376125,0.0,0.0,0.0,0.0,0.0,78,8.083067441845559,0.65,11.46932589770051
5832441,17,0.0,0.0,44.23888937865068,77.41805641263869,15.261880027609367,1.2467818544748481,0.10578895836012038,0.0,0.0,0.0,0.0,0.47540983606557374,61,9.041818310046379,0.5083333333333333,18.00698209350354
5832441,18,0.0,0.0,62.25952951725993,0.0,8.049817626506726,0.8599672810355049,0.11044265582703816,0.0,0.0,0.0,0.0,0.9090909090909091,11,1.606179821392281,0.09166666666666666,17.39242424242424
5832441,19,0.0,0.0,44.68493626055148,44.68493626055148,10.197647426526103,1.103432909638192,0.10838249909684382,0.0,0.0,0.0,0.0,0.9375,16,2.2378906264275344,0.13333333333333333,17.458252164502163
5832441,21,0.0,0.0,71.93200296988141,71.93200296988141,17.393611906365948,1.0958366436983609,0.11041953324226897,0.0,0.0,0.0,0.0,0.13725490196078433,51,6.951008999559689,0.425,16.577934140163244
5832441,22,0.0,0.0,60.10739700906398,67.62082163519698,20.51533571900992,1.3520612662992528,0.10605505095607856,0.0,0.0,0.0,0.0,0.03717472118959108,269,39.92852992183455,2.2416666666666667,17.304641188095495
5832441,23,0.0,0.0,253.64585050452365,126.82292525226183,12.001930406035008,1.060944240790747,0.13399106005582728,0.0,0.0,0.0,0.0,1.0,14,1.5770019466289917,0.11666666666666667,16.91491239877486
5832441,24,0.0,0.0,120.46174879517697,70.26935346385324,15.688814566946142,1.1945672191127514,0.12845800937924487,0.0,0.0,0.0,0.0,0.10526315789473684,76,9.961668430037316,0.6333333333333333,15.21197883372399
5832441,25,0.0,0.0,83.42423782102325,83.42423782102325,13.77687854296161,1.213848908130889,0.13702873564473547,0.0,0.0,0.0,0.0,0.2222222222222222,36,7.192154410654951,0.3,23.6806944436981
5832441,26,0.0,0.0,80.10476555580364,62.303706543402825,18.001684564856888,1.297006046820192,0.13221484001461314,0.0,0.0,0.0,0.0,0.2112676056338028,71,11.235286611918616,0.5916666666666667,18.04385315140642
5832441,27,0.0,0.0,55.24287941682693,71.02655925020606,18.644497679362775,1.4099694905825386,0.11118046589219215,0.0,0.0,0.0,0.0,0.05405405405405406,148,25.342632657441843,1.2333333333333334,20.019588515757178
5832441,28,0.0,0.0,88.28323883010538,100.895130091549,16.20013279548479,1.165715399306835,0.11663380864960292,0.0,0.0,0.0,0.0,0.08928571428571429,56,7.92902491204586,0.4666666666666667,16.112726469898302
5832441,29,0.0,0.0,127.18036303079967,63.590181515399834,12.66918910582886,1.091649996728975,0.10505725700593208,0.0,0.0,0.0,0.0,1.0,32,3.145139630582205,0.26666666666666666,12.97503924907048
5832441,30,0.0,0.0,64.18369706298222,68.46261020051438,19.827140946701174,1.3203309605559865,0.12049760530173409,0.0,0.0,0.0,0.0,0.09774436090225563,133,23.370420661933494,1.1083333333333334,20.998951959416186
5832441,31,0.0,0.0,49.78799735231953,29.87279841139172,17.37707400301877,1.3204176789504511,0.12076404675722652,0.0,0.0,0.0,0.0,0.11627906976744186,43,10.042581075551253,0.35833333333333334,28.496736832429452
5832441,33,0.0,0.0,65.93295977220663,79.11955172664794,15.00164204042238,1.0997976964215153,0.10119217064761535,0.0,0.0,0.0,0.0,0.08759124087591241,137,15.166921118889919,1.1416666666666666,13.058301619649995
5832441,34,0.0,0.0,94.10816266689991,125.47755022253322,14.083629293611025,1.1119558990316325,0.11921923239564745,0.0,0.0,0.0,0.0,1.0,33,3.1878212420516965,0.275,11.98967860422406
5832441,35,0.0,0.0,65.12007269973783,65.12007269973783,21.9780528426148,1.547443321091398,0.14668331345136534,0.0,0.0,0.0,0.0,0.0958904109589041,73,19.963122676385368,0.6083333333333333,31.818895033892062
5832441,36,0.0,0.0,55.45818664259312,60.49983997373795,20.423033511188024,1.523709408393505,0.13706310562045693,0.0,0.0,0.0,0.0,0.09090909090909091,66,19.834763207983716,0.55,36.39579164796556
5832441,37,0.0,0.0,126.68407261041254,126.68407261041254,13.291939577908874,1.0361987848192837,0.16499865347916073,0.0,0.0,0.0,0.0,1.0,11,1.5787304266342428,0.09166666666666666,20.25914502164502
5832441,38,0.0,0.0,67.39002149935233,67.39002149935233,12.055556608422894,0.8979457248567798,0.14141411707532014,0.0,0.0,0.0,0.0,1.0,10,1.4838992149744468,0.08333333333333333,18.06416666666667
5832441,39,0.0,0.0,74.06414307128912,76.12148037882494,21.98525384579099,1.5574107974548768,0.15274482932873543,0.0,0.0,0.0,0.0,0.031578947368421054,190,48.60651660459885,1.5833333333333333,29.201250917931286
5832441,40,0.0,0.0,91.9567492512434,91.9567492512434,23.07458666839671,1.530369655215331,0.17669879199713462,0.0,0.0,0.0,0.0,0.0,71,15.224548620949319,0.5916666666666667,24.992546711781355
5832441,41,0.0,0.0,64.35515400179828,71.01258372612224,22.45872710292563,1.5065720645355198,0.14284475556992937,0.0,0.0,0.0,0.014150943396226415,0.24056603773584906,212,45.06243586829059,1.7666666666666666,25.01454508470682
5832441,42,0.0,0.0,90.29323623503203,90.29323623503203,15.180905886839836,1.2519385937329428,0.13829750947138977,0.0,0.0,0.0,0.0,0.2962962962962963,27,5.537513338191878,0.225,23.34643230264291
5832441,43,0.0,0.0,129.3633018710372,129.3633018710372,11.389284945073378,1.0928305535284886,0.13337869054763085,0.0,0.0,0.0,0.0,1.0,13,1.5460335126524585,0.10833333333333334,13.523992966098232
5832441,44,0.0,0.0,99.64904985857032,95.31648247341509,18.56934516495617,1.1077028297303164,0.1307063605252144,0.0,0.0,0.0,0.0,0.2676056338028169,213,23.081002812012144,1.775,12.028374157573348
5832441,45,0.0,0.0,34.87584839731037,69.75169679462074,16.850514431119013,1.3181670464276385,0.11367126114017821,0.0,0.0,0.0,0.0,0.1891891891891892,37,5.734627519926484,0.30833333333333335,18.724024024024025
5832441,46,0.0,0.0,73.07210354265966,58.45768283412772,21.936236917276467,1.3460974982395977,0.1171475037113804,0.0,0.0,0.0,0.0,0.20224719101123595,178,27.37022616069066,1.4833333333333334,18.243053386670955
5832441,47,0.0,0.0,49.49856329297663,39.5988506343813,21.9330239357043,1.572440060555067,0.1255606926739734,0.0,0.0,0.0,0.0,0.11842105263157894,76,20.20260657023737,0.6333333333333333,31.100883311360306
5832441,48,0.0,0.0,34.40076064510889,34.40076064510889,10.175962517642692,0.9146942886865254,0.08955399923658515,0.0,0.0,0.0,0.0,0.2909090909090909,55,11.627649868749984,0.4583333333333333,25.456482137243764
5832441,49,0.0,0.0,25.977107126783615,25.977107126783615,17.38586334217588,1.3474459096567906,0.09071669097160964,0.0,0.0,0.0,0.0,0.47368421052631576,57,11.548630050906858,0.475,24.637306245662593
5832441,50,0.0,0.0,125.95086846826466,125.95086846826466,11.42389451858007,1.0789922078775833,0.15151707249646731,0.0,0.0,0.0,0.0,1.0,14,1.5879207696800692,0.11666666666666667,12.213860544217686
5832441,52,0.0,0.0,56.99564872464289,67.68233286051343,16.638067101503573,1.1856517294162963,0.0964360490999374,0.0,0.0,0.0,0.0,0.21256038647342995,207,28.072318427848984,1.725,16.44058729146719
5832441,53,0.0,0.0,55.38682244790337,27.693411223951685,17.56247263598336,1.2809389328243959,0.083208176041774,0.0,0.0,0.0,0.0,0.5853658536585366,82,10.832901644869727,0.6833333333333333,15.966956067745928
5832441,54,0.0,0.0,119.39810713033718,59.69905356516859,10.348688537098305,0.6730116670092565,0.1306702346734893,0.0,0.0,0.0,0.0,0.9,10,1.6750684312078439,0.08333333333333333,20.553076923076922
5832441,55,0.0,0.0,128.9524227879665,128.9524227879665,10.572790680356063,1.060944240790747,0.1279155650340188,0.0,0.0,0.0,0.0,1.0,14,1.5509596149957987,0.11666666666666667,13.595813710099424
5832441,57,0.0,0.0,73.05361499844473,73.05361499844473,13.56773156927114,0.9949236325717752,0.10382666392022048,0.0,0.0,0.0,0.0,1.0,11,1.3688576534115244,0.09166666666666666,18.30633608815427
5832441,58,0.0,0.0,93.25040175860873,77.70866813217394,16.58767703572706,1.14504721452258,0.10740302116677868,0.0,0.0,0.0,0.0,0.055865921787709494,179,19.30286589713086,1.4916666666666667,12.327455764241495
5832441,59,0.0,0.0,72.07555717905726,72.07555717905726,13.59588474831843,1.1705891507945128,0.12536139069421584,0.0,0.0,0.0,0.0,0.0,40,6.937164547446374,0.3333333333333333,16.61899640188243
5832441,60,0.0,0.0,57.66413153580312,69.19695784296374,18.675241473351075,1.307859152029778,0.12472045812178477,0.0,0.0,0.0,0.0,0.29411764705882354,136,17.341802839415163,1.1333333333333333,14.499516338634661
5832441,61,0.0,0.0,189.40594759004657,189.40594759004657,10.9107539088889,1.0027399543973452,0.13128982842532685,0.0,0.0,0.0,0.0,1.0,17,1.583899575578931,0.14166666666666666,8.920986100916895
5832441,62,0.0,0.0,72.51847376538814,48.34564917692543,16.44438000892441,1.2185946857148913,0.09775339732961233,0.0,0.0,0.0,0.0,0.6231884057971014,69,8.273753829143189,0.575,14.336755249992432
5832441,63,0.0,0.0,115.35375925510236,115.35375925510236,16.87504658256814,1.2697077924935647,0.14219475575816695,0.0,0.0,0.0,0.0,0.6417910447761194,67,8.668984924787075,0.5583333333333333,15.738943008471253
5832441,64,0.0,0.0,194.96519987716124,64.98839995905374,12.871188949303416,1.2202821662722374,0.11738372505176092,0.0,0.0,0.0,0.0,1.0,13,1.5387361446505143,0.10833333333333334,14.356839651576495
5832441,65,0.0,0.0,78.1129034859844,70.30161313738597,20.268159257998935,1.495411931713266,0.18158380540777783,0.0,0.0,0.0,0.0,0.2,50,12.801982199770968,0.4166666666666667,30.75698689219277
5832441,66,0.0,0.0,78.94842472435285,78.94842472435285,19.89123607480544,1.2958878701789094,0.12533028838983534,0.0,0.0,0.0,0.0,0.0,36,5.066598876375223,0.3,17.753719744327732
5832441,67,0.0,0.0,84.77015466286657,127.15523199429985,19.148963526783973,1.45220964248605,0.19268225128107708,0.0,0.0,0.0,0.0,0.25,40,9.437283713609157,0.3333333333333333,27.661282370496053
5832441,68,0.0,0.0,72.55587743299381,68.28788464281772,19.114671734474868,1.3024682950633644,0.12505056119499036,0.0,0.0,0.0,0.0,0.07801418439716312,141,23.43021764942433,1.175,20.012366240223663
5832441,69,0.0,0.0,57.241407156954914,52.838221991035304,18.763305315542766,1.359120013380276,0.11646692579193176,0.0,0.0,0.0,0.0,0.0684931506849315,146,22.710832325198144,1.2166666666666666,17.877494945925257
5832441,70,0.0,0.0,94.96222316098805,106.83250105611155,14.355141304004745,0.9990748008342671,0.10168942408349928,0.0,0.0,0.0,0.0,0.8130841121495327,107,8.424402603167492,0.8916666666666667,9.164409893512062
5832441,71,0.0,0.0,82.07588858480706,54.71725905653804,11.9021633785725,0.9547541623031378,0.08405289101321856,0.0,0.0,0.0,0.0,0.0,42,3.655153848136742,0.35,9.11807241688148
5832441,72,0.0,0.0,60.57179803584138,66.62897783942552,16.147245019286785,1.2666943444971013,0.1547284151086012,0.0,0.0,0.0,0.0,0.11594202898550725,69,16.509333261137183,0.575,28.558256782212453
5832441,73,0.0,0.0,51.71696939740718,43.09747449783932,15.947198350472338,1.3411304918602223,0.13377567820489017,0.0,0.0,0.0,0.0,0.39622641509433965,53,11.601607885981053,0.44166666666666665,26.21969692328283
5832441,74,0.0,0.0,86.1553715198434,91.89906295449963,14.794706609624937,1.1051969294134683,0.10659262952512695,0.0,0.0,0.0,0.0,0.2981366459627329,161,17.410406032019935,1.3416666666666666,12.556616105829635
5832441,77,0.0,0.0,65.51481979339565,61.66100686437237,23.90059456744003,1.5184663251095094,0.1456821086288527,0.0,0.0,0.0,0.0,0.1297709923664122,131,25.948327498435276,1.0916666666666666,23.87184367315748
5832441,78,0.0,0.0,71.01104014507953,85.21324817409544,14.162776534510856,1.038148517026395,0.11141744925489212,0.0,0.0,0.0,0.0,0.11475409836065574,61,7.041158656153634,0.5083333333333333,12.600207478228098
5832441,80,0.0,0.0,98.08325618965914,112.09514993103902,15.573256867821696,1.2003805422056055,0.13116075994399679,0.0,0.0,0.0,0.0,0.12727272727272726,55,7.136794058370593,0.4583333333333333,15.385304700737796
5832441,81,0.0,0.0,123.80871365063086,123.80871365063086,10.12936034017477,1.0606018056124555,0.12189167788086844,0.0,0.0,0.0,0.0,1.0,15,1.6153951858701094,0.125,13.178307018651848
5832441,82,0.0,0.0,122.03865746195406,152.54832182744258,13.816581091128478,1.1696545612086082,0.12785583672501752,0.0,0.0,0.0,0.0,1.0,30,3.2776499538656534,0.25,13.057270159083284
5832441,83,0.0,0.0,190.11214888240548,190.11214888240548,11.117856586126207,1.0821955300387673,0.1297752061431306,0.0,0.0,0.0,0.0,1.0,16,1.5780159330352213,0.13333333333333333,11.53535378113729
5832441,85,0.0,0.0,77.04518913756881,77.04518913756881,17.902510043663497,1.4122935764304452,0.14418716837313542,0.0,0.0,0.0,0.0,0.09565217391304348,115,23.362912339484193,0.9583333333333334,24.466201836202366
5832441,88,0.0,0.0,61.62732516544565,57.22537336791381,16.892737344580546,1.3227911079361978,0.13331128040377443,0.0,0.0,0.0,0.0,0.09174311926605505,109,22.717195598568313,0.9083333333333333,24.305090574755923
5832441,89,0.0,0.0,60.98886632693985,65.34521392172127,17.705079218299552,1.3719538104038755,0.12914572352403786,0.0,0.0,0.0,0.0,0.0472972972972973,148,22.955009402783332,1.2333333333333334,18.06910083737829
5832441,90,0.0,0.0,71.490419091503,83.40548894008684,15.219249960981553,1.2445079412303086,0.11199007986857862,0.0,0.0,0.0,0.0,0.12307692307692308,65,8.392733007090639,0.5416666666666666,15.807703308186067
5832441,91,0.0,0.0,126.90412190954707,126.90412190954707,11.66524823926625,0.8030059523835351,0.08994685371410169,0.0,0.0,0.0,0.0,1.0,57,3.151985877063208,0.475,6.701086048454469
5832441,92,0.0,0.0,136.9883435558659,136.9883435558659,10.389699638866302,1.0361987848192837,0.13169582808480837,0.0,0.0,0.0,0.0,1.0,11,1.4599782347060575,0.09166666666666666,16.83333333333333
5832441,93,0.0,0.0,54.54443841144651,54.54443841144651,7.351965850595827,0.8380806227984007,0.05457693352057698,0.0,0.0,0.0,0.0,0.40540540540540543,37,1.8333674873626409,0.30833333333333335,5.378339208773991
5832441,95,0.0,0.0,63.557723930354314,127.11544786070863,12.06935462183684,1.0986122886681096,0.14105433530850006,0.0,0.0,0.0,0.0,1.0,12,1.5733728934280062,0.1,15.322222222222221
5832441,97,0.0,0.0,137.0669960997393,68.53349804986965,10.597755854228934,1.0888999753452238,0.12020343582411233,0.0,0.0,0.0,0.0,1.0,10,1.4591404618984014,0.08333333333333333,14.52555061179088
5832441,98,0.0,0.0,83.89817054135807,90.3518759676164,15.918823379114151,1.1504934430359222,0.10567734174151622,0.0,0.0,0.0,0.0,0.11510791366906475,139,15.494974343441228,1.1583333333333334,13.33373557044519
5832441,99,0.0,0.0,65.96239223483728,92.34734912877218,19.15182490846518,1.4822675658942264,0.16344788231850726,0.0,0.0,0.0,0.0,0.21428571428571427,28,7.580076814375007,0.23333333333333334,33.200117635987205
5832441,100,0.0,0.0,81.558888128173,97.8706657538076,21.855320372571356,1.4929498571009046,0.1683793910679773,0.0,0.0,0.0,0.0,0.18181818181818182,55,12.261079361803715,0.4583333333333333,22.709164594674526
5832441,101,0.0,0.0,59.37855295411314,76.34385379814546,13.86807585601214,1.1326263394550335,0.12324628079710966,0.0,0.0,0.0,0.0,0.32,50,11.788768253428971,0.4166666666666667,27.88534381480588
5832441,102,0.0,0.0,33.717085512149545,50.575628268224314,19.85574915604919,1.2713769431534971,0.08975526944403306,0.0,0.0,0.0,0.0,0.620253164556962,79,11.863421583572663,0.6583333333333333,18.694003071723326
5832441,103,0.0,0.0,70.30131378736309,58.58442815613591,15.18304383000565,1.0814288480298715,0.09516781833489872,0.0,0.0,0.0,0.0,0.10714285714285714,84,8.534691141260751,0.7,12.180644425611055
5832441,104,0.0,0.0,115.07844779064551,100.69364181681482,14.298021879425322,1.2406842919533958,0.14867193547044408,0.0,0.0,0.0,0.0,0.24242424242424243,33,6.951779550028223,0.275,25.892618492618492
5832441,105,0.0,0.0,101.4424999123857,97.38479991589027,14.65175536918458,1.1079874891618897,0.10954444483020775,0.0,0.0,0.0,0.0,0.031818181818181815,220,24.6445030648812,1.8333333333333333,11.676831893281376
5832441,106,0.0,0.0,96.3106451479549,55.034654370259936,19.135855404314835,1.2150256987256494,0.10849928979287211,0.0,0.0,0.0,0.0,0.7333333333333333,60,7.2681477621154125,0.5,16.25715885214773
5832441,107,0.0,0.0,94.34903692827405,31.449678976091345,12.855210848743056,1.1866408253794223,0.11734659354085751,0.0,0.0,0.0,0.0,1.0,28,3.179682694886073,0.23333333333333334,13.095868347338934
5832441,108,0.0,0.0,106.94988615427565,53.47494307713782,10.161736656315421,0.7196857838046146,0.0590797095221939,0.0,0.0,0.0,0.0,0.21951219512195122,41,1.8700347161800543,0.3416666666666667,5.047254534083803
5832441,110,0.0,0.0,65.0704006935974,73.7464541194104,18.93945589664383,1.2452152074005802,0.12289241436747153,0.0,0.0,0.0,0.0,0.05732484076433121,157,23.051955789594395,1.3083333333333333,17.869531682647267
5832441,112,0.0,0.0,46.12723086640142,61.50297448853522,16.764688753319163,1.325342877042348,0.1143192891590052,0.0,0.0,0.0,0.0,0.0,66,13.007500964837531,0.55,24.292905873856
5832441,113,0.0,0.0,89.60163050241736,79.64589377992655,16.132024599150157,1.2854039511016322,0.15465253651105343,0.0,0.0,0.0,0.0,0.22727272727272727,44,10.044460072361282,0.36666666666666664,25.728901843106385
5832441,114,0.0,0.0,57.8581434420691,34.714886065241465,15.384018865753847,1.2336664953272487,0.08585057776479162,0.0,0.0,0.0,0.0,0.13793103448275862,58,8.641825856383186,0.48333333333333334,18.14540421669032
5832441,115,0.0,0.0,62.05338260231862,77.56672825289826,14.030887052115057,1.1950795442320987,0.1522393278184439,0.0,0.0,0.0,0.0,0.1935483870967742,31,6.446062780549437,0.25833333333333336,24.794917875649546
5832441,117,0.0,0.0,33.74096406631731,42.176205082896644,18.262787928933413,1.1987307336079551,0.07635494031846525,0.0,0.0,0.0,0.0,0.627906976744186,86,11.855025814135201,0.7166666666666667,17.548295053427374
5832441,118,0.0,0.0,68.07957676840655,29.17696147217424,14.988323860524291,1.2060446581629847,0.11767578927124868,0.0,0.0,0.0,0.0,0.15789473684210525,38,10.28208507202187,0.31666666666666665,31.95944591091831
5832441,120,0.0,0.0,89.87937881629942,85.38540987548447,15.564218431640338,1.200532830357919,0.12008397826746657,0.0,0.0,0.0,0.0,0.2261904761904762,168,22.252045200353614,1.4,15.951377592703095
5832441,121,0.0,0.0,134.21883690980863,67.10941845490431,13.78196612694409,1.1935496040981333,0.164765555908951,0.0,0.0,0.0,0.0,1.0,10,1.490103808114464,0.08333333333333333,21.09091503267974
5832441,122,0.0,0.0,0.0,68.91362358668293,12.225344830748535,1.0114042647073518,0.08929875769777199,0.0,0.0,0.0,0.0,1.0,12,1.4510918856881048,0.1,16.549305555555556
5832441,123,0.0,0.0,64.64991984282449,79.56913211424552,22.899126565329453,1.537721190180728,0.14284851551995414,0.0,0.0,0.0,0.0,0.04081632653061224,196,40.21660052048115,1.6333333333333333,24.312460920569443
5832441,124,0.0,0.0,78.80170797303903,76.48401067971434,20.052061397597914,1.418231302586887,0.1462097288142448,0.0,0.0,0.0,0.016877637130801686,0.1350210970464135,237,43.14627293564837,1.975,19.8936389593059
5832441,125,0.0,0.0,130.51134216002168,65.25567108001084,11.68591100487367,0.9949236325717752,0.12919427767122518,0.0,0.0,0.0,0.0,1.0,11,1.5324338612254664,0.09166666666666666,16.895215311004787
5832441,128,0.0,0.0,56.793116184109316,56.793116184109316,16.776827355129488,1.1478530512413159,0.1004921838463555,0.0,0.0,0.0,0.0,0.14285714285714285,98,12.325437430317649,0.8166666666666667,14.650686691469287
5832441,129,0.0,0.0,61.5755091699002,68.17288515238951,21.250799308802588,1.4225273453397898,0.11929604843104366,0.0,0.0,0.0,0.0,0.057034220532319393,263,45.47262438828061,2.191666666666667,20.798793073606507
5832441,130,0.0,0.0,69.18731105437,69.18731105437,12.719213747281684,1.0114042647073518,0.10650408662369115,0.0,0.0,0.0,0.0,1.0,12,1.4453517339533,0.1,17.654700854700856
5832441,131,0.0,0.0,70.7838606015796,70.7838606015796,18.202215912242288,1.214476260261217,0.11055753484431989,0.0,0.0,0.0,0.0,0.0425531914893617,188,25.429525667321844,1.5666666666666667,16.195580429910674
5832441,132,0.0,0.0,70.3999463687128,74.79994301675737,18.760601206953897,1.2384509384524744,0.12160628133764823,0.0,0.0,0.0,0.0,0.050955414012738856,157,22.727290041105388,1.3083333333333333,17.041350717418148
5832441,133,0.0,0.0,67.99449800268935,67.99449800268935,12.001266187570058,1.236684869140504,0.1261822325540731,0.0,0.0,0.0,0.0,1.0,12,1.47070723275352,0.1,17.982348111658464
5832441,134,0.0,0.0,68.25733068822343,68.25733068822343,11.314355169303303,1.0397207708399179,0.0992510224225845,0.0,0.0,0.0,0.0,1.0,12,1.4650441057644992,0.1,16.68670634920635
5832441,135,0.0,0.0,57.614540016638685,70.91020309740146,18.657555863854355,1.386869983776882,0.13214861999918578,0.0,0.0,0.0,0.0,0.06976744186046512,129,22.56374865831731,1.075,19.7349846618155
5832441,136,0.0,0.0,91.65019190045959,114.56273987557448,14.67585758792567,1.0844558202119208,0.11001986901937455,0.0,0.0,0.0,0.0,0.08045977011494253,87,8.728841515889814,0.725,10.895740927789307
5832441,137,0.0,0.0,42.9730460800405,42.9730460800405,24.362486214739217,1.515877021464375,0.11952022065343851,0.0,0.0,0.0,0.0,0.11728395061728394,162,37.23264106109399,1.35,28.196149131456405
5832441,138,0.0,0.0,63.825656824435974,85.10087576591464,17.070765800751577,1.231310238669844,0.14209923372562833,0.0,0.0,0.0,0.0,0.058823529411764705,34,9.400608311018383,0.2833333333333333,32.605447282616794
5832441,139,0.0,0.0,43.06256577243039,51.67507892691646,16.147796554795256,1.257623463487866,0.10821519830770486,0.0,0.0,0.0,0.0,0.37777777777777777,45,11.611012744626358,0.375,31.54467526314579
5832441,141,0.0,0.0,57.808880096413894,57.808880096413894,19.245313073536604,1.0900596587107838,0.17181040836372108,0.0,0.0,0.0,0.0,1.0,11,1.7298380427577835,0.09166666666666666,18.212121212121215
5832441,142,0.0,0.0,67.59374166403026,0.0,11.088040115432305,1.0361987848192837,0.0663743248752854,0.0,0.0,0.0,0.0,1.0,11,1.4794269045948465,0.09166666666666666,18.049791819632706
605538,0,0.0,0.0,0.0,0.0,5.971658422878439,0.6652042646399301,0.026128919408658333,0.0,1.0,0.0,0.0,0.0,34,1.3999969404438093,0.2833333333333333,4.516728778467909
605538,2,0.0,0.0,0.0,0.0,6.738888124074247,0.6914160776171183,0.03977080795764953,0.0,1.0,0.0,0.0,0.0,17,1.1322533244846384,0.14166666666666666,6.765294117647059
605538,4,0.0,0.0,80.38664562378081,60.2899842178356,17.03650021204753,1.2600957969863078,0.0998307453847519,0.0,0.0,0.0,0.0,0.0,165,19.90380351841266,1.375,13.772940430250186
605538,1000,0.004166666666666667,0.18666666666666742,15.21307296535315,15.21307296535315,23.82958984652755,1.0812702005933978,0.10355644786922406,0.0,0.8125,0.0,0.0,0.0,240,118.3192905272584,2.0,59.302994273110905
605538,1001,0.0,0.0,43.138513191521085,64.70776978728163,20.914008028540433,1.3833698677432587,0.13703412907791807,0.0,0.0,0.0,0.0,0.0,23,4.6362284001783856,0.19166666666666668,23.52901793858316
605538,1002,0.0,0.0,78.99964054729432,31.599856218917733,15.939390521615495,1.2709266637404406,0.0945885366795252,0.0,0.0,0.0,0.0,0.0,48,6.329142721866784,0.4,15.589178350970016
605538,1004,0.0,0.0,8.306120736985921,11.074827649314562,30.58230358531671,1.4027018933144044,0.06811845527446841,0.0,0.0,0.0,0.0,0.0,193,72.23588712457419,1.6083333333333334,45.03882036126215
605538,1006,0.0,0.0,8.882855793417917,11.843807724557223,26.19114963535657,1.0907347467697384,0.07639530539472346,0.0,1.0,0.0,0.0,0.0,139,67.54584493475537,1.1583333333333334,58.88568507966084
605538,1008,0.0,0.0,62.95103223678954,31.47551611839477,14.308650556995927,1.1967006673777378,0.10340782197832463,0.0,0.0,0.0,0.0,0.0,28,6.354145210763263,0.23333333333333334,27.447571676770433
605538,1010,0.0,0.0,34.98915260657352,34.98915260657352,10.753186005081961,0.9231061813966921,0.08851086817845286,0.0,0.0,0.0,0.0,0.0,31,5.716057266343324,0.25833333333333336,21.749411348916116
605538,1011,0.0,0.0,3.256794956125275,1.6283974780626376,17.081811383682698,0.7197541978949358,0.041601000676429196,0.0,0.0,0.0,0.0,0.0,227,122.82013617335438,1.8916666666666666,65.04745015992621
605538,1013,0.0,0.0,14.433002519708948,14.433002519708948,32.96251453442209,1.2738970275833932,0.07931281261371723,0.0,0.0,0.0,0.0,0.0,122,48.49995689005921,1.0166666666666666,47.60177706436029
605538,1014,0.0,0.0,29.543121013355133,34.91459756123788,27.41927807843028,1.5338370307239748,0.11825439605582919,0.0,0.0,0.0,0.0,0.0,104,37.233709989636466,0.8666666666666667,43.40542494671167
605538,1016,0.0,0.0,74.45980954882191,79.26366822939106,19.363099856075834,1.4973909599780024,0.13904479792025143,0.0,0.0,0.0,0.0,0.0,181,41.633198080736264,1.5083333333333333,27.27056476017283
605538,1017,0.00909090909090909,0.7266666666666737,22.31412575816258,29.008363485611348,30.512883898632882,1.3825889961482236,0.1247809358621745,0.0,0.0,0.0,0.0,0.0,110,44.814661835191856,0.9166666666666666,48.541108800162704
605538,1018,0.0,0.0,5.400690113061507,7.200920150748677,25.062693469278646,0.9033108665093001,0.0736728053199815,0.0,0.0,0.0,0.0,0.0,222,111.09691306837007,1.85,59.87936192319568
605538,1019,0.0,0.0,37.421170716709085,46.77646339588636,27.337590540076476,1.5795407578880984,0.13410014269659834,0.0,0.0,0.0,0.0,0.0,82,21.37827290482894,0.6833333333333333,31.50025146206938
605538,1020,0.0,0.0,88.89430557780953,111.11788197226191,11.78965827659765,1.1014674055974525,0.10486665515765038,0.0,0.0,0.0,0.0,0.0,51,4.499725796832717,0.425,10.148393982998446
605538,1021,0.0,0.0,7.801047343808662,5.8507855078564965,24.518875579657767,0.9180249354473308,0.07100077543560653,0.0,0.07973421926910298,0.0,0.0,0.0,301,153.82549895077688,2.5083333333333333,61.37495150000791
605538,1025,0.0,0.0,94.49420924651727,94.49420924651727,14.062059778431871,1.1988493129136213,0.15037838883495108,0.0,0.0,0.0,0.0,0.0,12,2.116531812846207,0.1,20.715694444444445
605538,1026,0.0,0.0,9.720817850213908,9.720817850213908,22.634713243852136,1.175446433044296,0.07325978082820236,0.0,0.0,0.0,0.0,0.0,266,123.4464032235306,2.216666666666667,55.647772052147154
605538,1027,0.0,0.0,15.457773763621649,13.079654723064472,28.226247963103198,1.3009379131682108,0.08344749157611868,0.0,0.0,0.0,0.0,0.1921182266009852,203,84.10007934385884,1.6916666666666667,49.82953894838165
605538,1028,0.006211180124223602,0.14999999999999147,8.80250275407095,10.563003304885141,34.12112144387643,1.2624270359827705,0.08031299742471096,0.0,0.0,0.0,0.0,0.38509316770186336,161,56.80202710175373,1.3416666666666666,42.72931911640187
605538,1029,0.0,0.0,12.788389424572713,11.189840746501124,28.868185385831154,1.3236480378718831,0.08392912310706385,0.0,0.0,0.0,0.0,0.0,319,125.1134874674384,2.658333333333333,47.19822037077229
605538,1032,0.0,0.0,15.760929073330537,9.699033275895715,29.058623032700574,1.5047068138622692,0.07717964150057124,0.0,0.0,0.0,0.0,0.0,293,82.4824471927713,2.441666666666667,33.258843007598614
605538,1033,0.0,0.0,22.07783535370769,11.038917676853846,19.952196775886353,1.259650500600792,0.08974022526891369,0.0,0.0,0.0,0.0,0.0,66,27.176577340460945,0.55,50.307896825396824
6711561,1000,0.0,0.0,112.85901644315778,95.49609083651814,21.090823359089807,1.2540461872181456,0.19463440213461794,0.0,0.0,0.0,0.0,0.0,58,11.518796113687149,0.48333333333333334,22.93103448275862
6711561,5000,0.0,0.0,52.77772611029447,35.18515074019632,18.875526027131265,1.3876696192995555,0.16484880657940038,0.0,0.0,0.0,0.0,0.0,43,11.36843218190425,0.35833333333333334,28.92343470483005
6711561,6000,0.0,0.0,67.63638421563965,59.1818361886847,18.688128516214974,1.3010022579525706,0.13113263207824052,0.0,0.0,0.0,0.0,0.0,49,11.827953390432938,0.4083333333333333,28.244897959183675
6711561,8000,0.0,0.0,31.125893538019156,31.125893538019156,30.491351378931896,1.3612333806090442,0.11328314199166414,0.0,0.0,0.0,0.0,0.0,146,48.191387603629884,1.2166666666666666,38.71917808219178
6711561,11000,0.0,0.0,38.979349302275835,35.26703032110671,25.344990533822372,1.386696142401405,0.12504186302535852,0.0,0.0,0.0,0.0,0.0,215,53.874680762754295,1.7916666666666667,28.548837209302327
6711561,13000,0.0,0.0,80.09450926833867,53.39633951222579,10.770114942528737,0.8616926760334195,0.06600002930459685,0.0,0.0,0.0,0.0,0.0,58,3.7455751054659356,0.48333333333333334,6.241379310344827
6711561,14000,0.0,0.0,136.30854776333217,102.23141082249911,14.21363781725143,0.8556886672556694,0.1555445322372867,0.0,0.0,0.0,0.0,0.0,20,2.9345188292557136,0.16666666666666666,15.15
6711561,18000,0.0,0.0,16.16399414111696,17.959993490129953,29.28881260972688,1.0822411011310884,0.12757070180050864,0.0,0.0,0.0,0.0,0.0,230,111.35861497383698,1.9166666666666667,56.59713640184284
6711561,20000,0.0,0.0,4.818475078714103,4.818475078714103,21.232672038771074,0.5649133977094654,0.0711961004715752,0.0,0.0,0.0,0.0,0.0,418,249.04144576799214,3.4833333333333334,69.77169845312858
6711561,21000,0.0,0.0,2.234014590161713,1.7872116721293705,21.25529693789735,0.40636656207070987,0.03887458624445924,0.0,0.13513513513513514,0.0,0.0,0.0,370,223.81232522022455,3.0833333333333335,70.32702702702703
6711561,22000,0.0,0.0,6.347448497894513,9.521172746841769,19.652432730959745,0.743629167704017,0.10257827770549317,0.0,1.0,0.0,0.0,0.0,56,31.508723555038095,0.4666666666666667,67.32142857142857
6711561,23000,0.0,0.0,24.74780912349445,24.74780912349445,30.960612366464506,1.199699352681435,0.14468663838864715,0.0,0.0,0.0,0.0,0.0,279,125.26361362052855,2.325,52.415599338069114
6711561,24000,0.0,0.0,2.208941540244632,2.208941540244632,24.643309822414274,0.4638332419921722,0.06108935501547634,0.0,0.0,0.0,0.0,0.0,376,226.35275352041543,3.1333333333333333,68.9959528366774
6711561,25000,0.0,0.0,2.808677874193868,3.1597626084681014,15.059934452343564,0.23963248921554658,0.06283198938029337,0.0,0.0,0.0,0.0,0.0,460,284.8315242379341,3.8333333333333335,73.25217391304348
6711561,26000,0.0,0.0,3.1892485222622327,1.8224277270069902,17.391244832930866,0.3753107340170135,0.043712048087183035,0.0,0.0,0.0,0.0,0.0,359,219.48744198318803,2.9916666666666667,72.42061281337047
6711561,27000,0.0,0.0,28.420917022620383,32.48104802585187,24.64201254282978,1.4795451320361495,0.12372278984273456,0.0,0.0,0.0,0.0,0.0,146,49.25949429730685,1.2166666666666666,40.70911334689179
6711561,29000,0.0,0.0,23.814900907126933,21.168800806335053,24.635087166777087,1.2546555812559763,0.1037117704374423,0.0,0.0,0.0,0.0,0.0,105,37.7914652473176,0.875,43.07055489975541
6711561,36000,0.0,0.0,7.190569895049414,5.5926654739273225,20.531428751882334,0.7779091390419102,0.08345373721200094,0.0,0.01126126126126126,0.0,0.0,0.0,444,250.32786361471426,3.7,66.27027027027027
6711561,37000,0.0,0.0,2.7140954838423546,5.428190967684709,33.77968353356939,0.8070096176317219,0.08776337448778947,0.0,1.0,0.0,0.0,0.0,88,36.84468751940505,0.7333333333333333,49.71590909090909
6711561,38000,0.0,0.0,5.43127655089206,6.207173201019497,25.268805462032226,0.708023964613234,0.07587711831196138,0.0,0.0,0.0,0.0,0.0,267,128.88314440277,2.225,58.002234596965216
6711561,40000,0.0,0.0,9.622785064733206,8.179367305023225,28.130195117447336,0.9557227560937311,0.0807873892863219,0.0,0.0,0.0,0.0,0.0,430,207.8400365950032,3.5833333333333335,57.74052149400986
6711561,41000,0.0,0.0,7.25943854016446,11.407689134544153,22.541378848989567,0.7538640962463768,0.0816570138430222,0.0,0.0,0.0,0.0,0.0,177,96.42619000451538,1.475,64.52542372881356
6711561,41001,0.0,0.0,3.0550791335268164,0.7637697833817041,26.11687254682772,0.8896419571879166,0.05067011577308762,0.0,0.0,0.0,0.0,0.0,265,130.92950542928676,2.2083333333333335,59.39489692868464
6711561,42000,0.0,0.0,4.039273704598117,3.3660614204984314,21.396952486687226,0.7606846092969748,0.07808084839113812,0.0,0.0,0.0,0.0,0.0,262,148.54155570517256,2.183333333333333,66.57633587786259
6711561,44000,0.0,0.0,5.124660689711431,6.588849458200412,16.72255872260376,0.4629361056816237,0.07446132164915786,0.0,0.0,0.0,0.0,0.0,471,273.1888186881762,3.925,69.23354564755839
6711561,45000,0.0,0.0,29.95342082987456,37.719122526508706,25.833503222297846,1.2461212300954543,0.1731649884589754,0.0,0.0,0.0,0.0,0.0,405,180.2799096193453,3.375,52.745679012345676
6711561,48000,0.0,0.0,26.362356066705562,24.604865662258526,32.03111573374603,1.360736111540743,0.13191561113673922,0.0,0.08275862068965517,0.0,0.0,0.0,145,56.89931492483066,1.2083333333333333,44.32974137931034
6711561,52000,0.0,0.0,6.761365087066549,9.015153449422066,22.468884549292103,0.5864691879184902,0.11487222023077776,0.0,0.0,0.0,0.0,0.0,232,133.10921513786639,1.9333333333333333,67.94827586206897
6711561,53000,0.0,0.0,43.644107266393156,49.87897973302075,24.963352494894437,1.315462321692166,0.20973858657898706,0.0,0.0,0.0,0.0,0.0,39,16.038820446649716,0.325,50.8974358974359
6711561,55000,0.0,0.0,4.4153601043679105,4.816756477492266,20.455828844268336,0.5641718380677496,0.061815589737519994,0.0,0.0,0.0,0.0,0.0,428,249.13030285158877,3.566666666666667,69.20093457943925
6711561,56000,0.0,0.0,2.348544966941029,3.522817450411543,19.41133933063321,0.40997189081989804,0.050458547786393526,0.0,0.23665893271461716,0.0,0.0,0.0,431,255.4773310478691,3.591666666666667,70.29643122139143
6711561,57000,0.0,0.0,3.331147225811218,3.331147225811218,21.710079062846827,0.4762289128030914,0.09116799061057244,0.0,0.009852216748768473,0.0,0.0,0.0,203,120.0787515185823,1.6916666666666667,69.70629135505983
6711561,58000,0.0,0.0,0.8806010152585438,1.3209015228878158,14.692604932179819,0.21849845716647584,0.03557953793365342,0.0,0.0,0.0,0.0,0.0,371,227.11761232898436,3.091666666666667,73.21563342318059
6711561,59000,0.0,0.0,1.0536095599204556,2.107219119840911,12.943771812476431,0.23880246114495007,0.04400531179136843,0.0,0.0,0.0,0.0,0.0,460,284.73545743325366,3.8333333333333335,73.50869565217391
6711561,60000,0.0,0.0,2.277854592107392,1.3667127552644351,19.841570592148326,0.4527462139141556,0.041113877788459326,0.0,0.0,0.0,0.0,0.0,363,219.5047926818794,3.025,71.1763085399449
6711561,61000,0.0,0.0,34.671486768266135,21.188130802829306,20.851558549993534,1.270400178491643,0.1062848740019137,0.0,0.005434782608695652,0.0,0.0,0.0,184,51.915858469833225,1.5333333333333334,33.7946023933522
6711561,62001,0.0,0.0,29.17834826983486,27.01698913873598,25.231847218248454,1.4778698992575636,0.11175940229359799,0.0,0.0,0.0,0.0,0.0,272,92.53436743680629,2.2666666666666666,41.22455452896215
6711561,63000,0.0,0.0,48.56823318836353,52.615585954060485,22.781352932489487,1.5683691221243532,0.1363737768484121,0.0,0.0,0.0,0.0,0.0,102,24.707507793129032,0.85,32.24546952114179
6711561,64000,0.0,0.0,3.142096996446971,0.7855242491117428,11.718474428776124,0.38083985473857607,0.04685257249354034,0.0,0.0,0.0,0.0,0.0,422,254.607035016623,3.5166666666666666,72.26905465600619
6711561,65000,0.0,0.0,0.672286224371976,1.344572448743952,7.529528162193463,0.121325118872626,0.039914983112400076,0.0,0.0,0.0,0.0,0.0,463,297.4923369682791,3.8583333333333334,75.87904967602591
6711561,65001,0.0,0.0,1.5372347102251172,3.0744694204502343,24.873623809778817,0.5830061662304526,0.03531039735876283,0.0,0.8706896551724138,0.0,0.0,0.0,232,130.1037497199835,1.9333333333333333,67.07853204318185
6711561,67000,0.0,0.0,3.9701999557045875,3.9701999557045875,19.84351534912438,0.4963126348920725,0.082813224395498,0.0,0.0,0.0,0.0,0.0,252,151.12588955069862,2.1,69.97222222222223
6711561,68000,0.0,0.0,3.2878142547569724,3.2878142547569724,16.342268289298246,0.4107905973208602,0.06962709030229404,0.0,0.0,0.0,0.0,0.0,443,273.73809171179164,3.691666666666667,72.45598194130926
6711561,69000,0.0,0.0,27.218185506544135,29.995551374558843,27.902014550177515,1.2191868242548736,0.1522215177477317,0.0,0.0,0.0,0.0,0.0,420,180.02669571128763,3.5,50.71604554865425
6711561,70000,0.0,0.0,42.72840312472601,49.40471611296445,27.86700549646553,1.4897939207043756,0.2024947820859221,0.0,0.14659685863874344,0.0,0.0,0.0,191,74.89163567987939,1.5916666666666666,44.026178010471206
6711561,71000,0.0,0.0,40.80221205669133,42.00227711718225,28.84399501385323,1.4700796338089788,0.19970430631802924,0.0,0.0,0.0,0.0,0.0,223,83.32881548863034,1.8583333333333334,42.97972720478326
6711561,72000,0.0,0.0,30.2804649746843,0.0,6.340091531978658,0.6615632381579821,0.03994016488697866,0.0,0.0,0.0,0.0,0.0,64,3.3024591955111675,0.5333333333333333,4.687427976019032
6711561,73001,0.0,0.0,34.557744311444175,69.11548862288835,11.826169975790824,1.009613758174038,0.07932583130397217,0.0,0.0,0.0,0.0,0.0,30,2.8937073872290884,0.25,10.1
6711561,76000,0.0,0.0,118.56179020836059,92.2147257176138,14.730398888176335,1.0336574014732096,0.13597602591262978,0.0,0.0,0.0,0.0,0.0,62,7.59097849668379,0.5166666666666667,14.17741935483871
6711561,77000,0.0,0.0,102.76610075044428,93.42372795494936,15.030432660806458,1.1865269838811399,0.1274501935897147,0.0,0.028169014084507043,0.0,0.0,0.0,71,10.70391882116092,0.5916666666666667,17.661971830985916
6711561,81000,0.0,0.0,6.3301611735560845,9.495241760334128,20.265052203939728,0.6505078547112113,0.08840233646658255,0.0,0.0,0.0,0.033846153846153845,0.0,325,189.56863294617787,2.7083333333333335,69.06769230769231
6711561,81001,0.0,0.0,48.73418687772171,24.367093438860856,10.688044054656853,0.8760057656431737,0.1227002835872706,0.0,0.0,0.0,0.0,0.0,14,4.103895290216236,0.11666666666666667,36.0
6711561,82000,0.0,0.0,10.920134124616732,13.768864765821096,27.84324551465711,1.0633026529952512,0.11914340457220027,0.0,0.0,0.0,0.0,0.0,432,210.620123686505,3.6,57.94427082212113
6711561,82001,0.0,0.0,45.72967701181601,35.56752656474578,26.271185870385096,1.5170849809606226,0.1622663479222863,0.0,0.0,0.0,0.0,0.0,59,19.68087375223426,0.49166666666666664,39.85319479493956
6711561,84000,0.0,0.0,36.259490072499226,60.432483454165386,22.158609396132473,1.3838251207354335,0.10029453314304158,0.0,0.0,0.0,0.0,0.0,45,8.273696055850852,0.375,21.78666666666667
6711561,86000,0.0,0.0,51.05606135614619,38.29204601710964,22.55131322994432,1.2283103521608822,0.154143416356245,0.0,0.0,0.0,0.0,0.0,36,7.83452521356404,0.3,25.22222222222222
6711561,87000,0.0,0.0,11.679602562781492,11.27685764682351,18.922055987818766,0.7043786178031228,0.09276060257007289,0.0,0.0,0.0,0.0,0.0,442,248.29612004446204,3.683333333333333,67.18986681358977
6711561,87001,0.0,0.0,17.70146203732871,16.993403555835563,34.95373854560433,1.2012707984682942,0.12814001354283214,0.0,0.0,0.0,0.0,0.0,342,141.23127201177047,2.85,46.4295793665001
6711561,88000,0.0,0.0,33.12802318317848,35.52860457326387,26.73866997651586,1.1061733111092447,0.23345832819618917,0.0,0.13163972286374134,0.0,0.0,0.0,433,208.28287766665278,3.6083333333333334,56.48498845265589
6711561,88001,0.0,0.0,24.445294845231878,22.815608522216422,26.5221234623194,1.0882267391005935,0.17507588582695105,0.0,1.0,0.0,0.0,0.0,129,61.36150165080046,1.075,56.78383932980438
6711561,89000,0.0,0.0,78.00750884741315,78.00750884741315,18.144418287567547,0.9351639951201342,0.10088925937043726,0.0,0.0,0.0,0.0,0.0,94,8.973495120440743,0.7833333333333333,10.542553191489361
6711561,92000,0.0,0.0,64.29856114341878,102.87769782947005,18.761789793155888,1.1774940087129402,0.22091462889652438,0.0,0.0,0.0,0.0,0.0,29,7.776223777150214,0.24166666666666667,31.82758620689655
6711561,92001,0.0,0.0,14.656932163559746,15.545231082563369,24.801840202442502,0.9193483421121567,0.11428730846703489,0.0,0.0,0.0,0.0,0.0,428,225.1494353098326,3.566666666666667,62.30795070789981
6711561,92002,0.0,0.0,13.700656355881637,10.047147994313201,23.289708972883613,0.8300690546603692,0.10430527058727257,0.0,0.0,0.0,0.0,0.0,190,109.48380581460654,1.5833333333333333,65.83011639612027
6711561,95000,0.0,0.0,16.03592911422288,21.381238818963844,33.97305667658798,1.36857517559622,0.10846480161194752,0.0,0.0,0.0,0.0,0.0,157,56.12396971758595,1.3083333333333333,40.19934290827169
6711561,96000,0.0,0.0,51.571700470073736,34.381133646715824,12.825815420054717,1.0039916322422555,0.07319240562984777,0.0,0.0,0.0,0.0,0.0,57,5.817143845665616,0.475,10.265962565276066
6711561,98000,0.0,0.0,93.20932177632457,62.13954785088305,12.741937843110346,1.046337357519136,0.08587857518809738,0.0,0.0,0.0,0.0,0.0,31,3.218562202607946,0.25833333333333336,11.716129032258065
6711561,100000,0.0,0.0,11.367992221150722,11.367992221150722,24.713353580782105,0.8525584137340322,0.12877416229767447,0.0,0.0,0.0,0.0,0.0,287,158.33930609584772,2.3916666666666666,65.11498257839722
6711561,101000,0.0,0.0,17.328965625538824,12.996724219154117,30.25440642606879,0.8893437253040415,0.13758250861637036,0.0,0.0,0.0,0.0,0.0,94,46.165479076315314,0.7833333333333333,58.1063829787234
6711561,103000,0.0,0.0,10.15932574454674,11.082900812232808,30.119676985533886,0.8700037286775965,0.1091483060187044,0.0,0.9478672985781991,0.0,0.0,0.0,211,108.27490206133524,1.7583333333333333,59.611374407582936
6711561,104000,0.0,0.0,12.179922882784979,11.243005737955365,22.74060406890926,0.6512994070336308,0.11532082327736556,0.0,0.005376344086021506,0.0,0.0,0.0,186,106.73302388781224,1.55,67.74731182795699
6711561,107000,0.0,0.0,26.836607142858522,19.680178571429582,30.582638401273226,1.260392552175572,0.13866447046016248,0.0,0.0,0.0,0.0,0.0,120,55.893801776621544,1.0,51.61692204914205
6711561,108000,0.0,0.0,149.36153679766463,99.57435786510976,15.384369851264175,1.040839837423239,0.13357893341373453,0.0,0.0,0.0,0.0,0.0,64,6.025647695492057,0.5333333333333333,10.459375
6711561,111000,0.0,0.0,19.507497540429707,25.50980447594654,28.530242629401656,1.2555342207768478,0.12240323893154277,0.0,0.0,0.0,0.0,0.0,159,66.6410439014908,1.325,49.22820266376851
6711561,112000,0.0,0.0,17.681939784026284,22.504286997851633,29.455588564464232,1.0019028912631895,0.14333564582536162,0.0,0.0,0.0,0.0,0.0,257,124.4207381583474,2.1416666666666666,56.36186770428016
6711561,113000,0.0,0.0,5.243856974918764,4.078555424936816,27.611784152485118,0.726487810890841,0.06450900055926474,0.0,0.23219814241486067,0.0,0.0,0.0,323,171.62939498630064,2.691666666666667,63.26315789473684
6711561,117000,0.0,0.0,4.87461911998904,4.87461911998904,23.160444802328232,0.5648685675899906,0.08793214716646791,0.0,0.0,0.0,0.0,0.0,348,205.14423288977878,2.9,69.47004127973511
6711561,117001,0.0,0.0,21.080729133109294,19.164299211917537,26.67370591485718,0.9934725657456984,0.1638836778511211,0.0,0.0,0.0,0.0,0.0,308,156.5410749866823,2.566666666666667,59.128873915411546
6711561,118000,0.0,0.0,56.95340817402299,113.90681634804598,15.733932496520906,1.1770453027162644,0.11518243010267472,0.0,0.0,0.0,0.0,0.0,28,3.511642347880104,0.23333333333333334,15.299248120300751
6711561,119000,0.0,0.0,84.36282543443336,112.48376724591115,19.55865800656297,0.8488328447957537,0.19631996430880835,0.0,0.0,0.0,0.0,0.0,31,3.556068664783631,0.25833333333333336,11.32258064516129
6711561,120000,0.0,0.0,17.10968392031215,17.10968392031215,29.720347469231182,1.2027447646039562,0.11081622316008015,0.0,0.0,0.0,0.0,0.0,337,157.8053699048545,2.808333333333333,55.56690016174556
680841,0,0.0,0.0,73.28375624946433,64.12328671828129,12.507827306750286,1.055384028382939,0.09797670424438995,0.0,0.0,0.0,0.0,0.0,123,10.916471001796495,1.025,10.152845528455284
680841,1,0.0,0.0,72.63598772127317,64.56532241890947,13.48633366769291,1.13256817987425,0.09693448772598018,0.0,0.0,0.0,0.0,0.0,99,12.390552234982739,0.825,14.895959595959594
680841,3,0.0,0.0,0.0,0.0,10.503247898104513,1.0939547819577147,0.05931161879051517,0.0,0.0,0.0,0.0,0.0,29,2.998927627774144,0.24166666666666667,13.137931034482758
680841,1000,0.0,0.0,59.40175518094494,84.15248650633865,20.02304733015515,1.4439447672835863,0.16344548335851194,0.0,0.0,0.0,0.0,0.0,92,20.201423280249124,0.7666666666666667,26.05869565217392
680841,1001,0.0,0.0,56.43228125059381,61.33943614194979,27.32008296045281,1.5541004376968997,0.18837135243804298,0.0,0.0,0.0,0.0,0.0,132,40.756814167880165,1.1,33.86060606060607
680841,1002,0.0,0.0,20.278713355149865,14.484795253678476,31.435725879419827,1.3836902109921132,0.1265408798053356,0.0,0.0,0.0,0.0,0.0,189,69.03791061499787,1.575,41.782010582010585
680841,1003,0.0,0.0,41.73620802755119,38.258190691921925,27.546607952335854,1.5184374717981632,0.1256216560396715,0.0,0.0,0.0,0.0,0.0,113,28.75201310113865,0.9416666666666667,30.437168141592924
680841,1006,0.0,0.0,67.90510271304106,67.90510271304106,15.20864835429312,1.1137712633489112,0.1022525566272002,0.0,0.0,0.0,0.0,0.0,76,8.835860281892645,0.6333333333333333,14.313157894736845
680841,2000,0.0,0.0,7.890562798894134,7.101506519004721,20.429033222525067,0.9149460599029158,0.07066250831295026,0.0,0.0,0.0,0.0,0.0,246,126.73367229776696,2.05,61.99715447154472
680841,2001,0.0,0.0,10.000160880949489,10.588405638652398,29.230890639194314,0.9886876013810761,0.0926536935267821,0.0,0.0,0.0,0.0,0.0,371,169.99726506785856,3.091666666666667,54.98382749326146
680841,3000,0.0,0.0,6.451481341102654,8.210976252312468,26.922987223727898,0.9173850661205907,0.08658470202008063,0.0,0.0,0.0,0.0,0.0,348,170.5034769289116,2.9,58.70057471264368
680841,3001,0.0,0.0,6.762800335972298,8.115360403166758,13.93790357645366,0.5984407262533447,0.09127083390885389,0.0,0.0,0.0,0.0,0.0,132,73.93386987050746,1.1,67.22121212121213
680841,3002,0.0,0.0,27.03053687131077,27.03053687131077,22.59814544793334,1.1913366230275007,0.1487364031245067,0.0,0.0,0.03409090909090909,0.0,0.0,88,40.69471521179811,0.7333333333333333,55.88636363636363
680841,3003,0.0,0.0,59.53966554421568,52.92414715041394,19.94987997300986,1.3926828812514234,0.11734864606168359,0.0,0.0,0.0,0.0,0.0,80,15.115973389733554,0.6666666666666666,23.15625
680841,4000,0.0,0.0,38.38259834347573,44.37987933464381,21.77338351812287,1.5307293781641196,0.1295110377913095,0.0,0.0,0.016835016835016835,0.030303030303030304,0.0,297,83.37111446609336,2.475,33.51314720615596
680841,4002,0.0,0.0,16.737874830911988,27.199046600231974,32.4369252449223,1.1450494313603587,0.09340018117803005,0.0,0.0,0.0,0.0,0.0,229,47.795792959482355,1.9083333333333334,24.995087784018853
680841,4003,0.0,0.0,14.162201981142694,18.882935974856924,23.70813685817335,1.0282372701765676,0.11130472912449219,0.0,0.0,0.0,0.0,0.0,213,105.9157327368502,1.775,59.33246572491597
680841,4004,0.0,0.0,12.189645907433691,10.906525285598565,23.280217316417172,0.9836637963213224,0.1020089029033249,0.0,0.0,0.0,0.0,0.0,312,155.86999117351806,2.6,59.93950241521545
680841,4005,0.0,0.0,27.131489793896975,24.664990721724518,21.693448350016446,1.0219120839381668,0.14409380155674148,0.0,0.0,0.03614457831325301,0.0,0.0,83,40.543295202589164,0.6916666666666667,59.225806982359686
680841,4007,0.0,0.0,52.98878081718509,46.36518321503695,17.63403509827512,1.2837292182698037,0.11204100672455021,0.0,0.0,0.0,0.0,0.0,67,15.097535509640327,0.5583333333333333,26.14369284292146
680841,5000,0.0,0.0,13.853748407701866,11.722402498824655,24.738006483026663,1.0752479102082406,0.09698425191657394,0.0,0.0,0.0,0.0,0.0,392,187.674838858381,3.2666666666666666,57.56479591836734
680841,5001,0.0,0.0,13.42756716436145,13.42756716436145,26.267908011622616,1.0041090797953487,0.11902123272609758,0.0,0.0,0.0,0.0,0.0,277,134.05257839837432,2.308333333333333,58.11913357400722
680841,5002,0.0,0.0,29.683034856825792,27.20944861875697,25.58800321068865,1.146425675449909,0.16258352169349813,0.0,0.0,0.034482758620689655,0.0,0.0,87,40.42713306736063,0.725,56.322988505747134
680841,5003,0.0,0.0,72.60546107750191,79.20595753909299,18.988132980930718,1.245926598922198,0.11855079828760265,0.0,0.0,0.0,0.0,0.0,108,15.150375518252229,0.9,16.56851851851852
680841,7000,0.0,0.0,33.111372649056634,52.42634002767299,25.296328676467972,1.5551644685977792,0.12281792100425973,0.0,0.0,0.0,0.0,0.0,131,36.24132447538955,1.0916666666666666,34.181679389312976
680841,8000,0.0,0.0,8.671008375674095,13.00651256351114,15.907613267361812,0.5643792263163833,0.09295969994343632,0.0,0.0,0.0,0.0,0.0,42,23.065368101948323,0.35,66.17857142857143
680841,8001,0.0,0.0,7.41778581160577,7.41778581160577,23.300404432706703,0.7033225753822289,0.0698028951665216,0.0,0.0,0.0,0.0,0.0,233,121.33000640054499,1.9416666666666667,62.731330472103004
680841,9000,0.0,0.0,8.625268214987788,10.781585268734734,24.247743685340843,0.9091043199071274,0.09488571580782701,0.0,0.0,0.0,0.0,0.0,279,139.1261083237745,2.325,59.6910394265233
680841,9001,0.0,0.0,7.169772479017286,7.886749726919015,23.101160383215344,0.8688872408345741,0.0904170306107953,0.0,0.0,0.0,0.0,0.0,272,139.47443979938726,2.2666666666666666,61.766911764705874
680841,9002,0.0,0.0,14.603433933144602,16.355846005121954,28.806732509283645,1.0937777784441698,0.1104854691123669,0.0,0.4170984455958549,0.010362694300518135,0.0,0.0,386,171.19261205584593,3.216666666666667,53.4339378238342
680841,10000,0.0,0.0,56.751991675904904,65.71283246683726,23.718752655604025,1.556564576971334,0.1960342083654381,0.0,0.0,0.027777777777777776,0.0,0.0,108,33.47900124546078,0.9,37.73240740740741
680841,10001,0.0,0.0,59.236011329655824,65.15961246262141,24.833597882040966,1.4616621779434167,0.14469405262787763,0.0,0.0,0.025806451612903226,0.0,0.0,155,33.763245618779926,1.2916666666666667,26.190322580645162
680841,11000,0.0,0.0,20.355706270558308,18.213000347341644,24.148461080205117,1.2382994645336638,0.10744763983189991,0.0,0.0,0.0,0.0,0.0,206,93.33992025361877,1.7166666666666666,54.817961165048544
680841,11001,0.0,0.0,46.24799132512936,59.85034171487329,27.113770341816362,1.5455695419429851,0.16881792970741316,0.0,0.0,0.0,0.0,0.0,110,36.75835320173756,0.9166666666666666,40.69818181818182
680841,11002,0.0,0.0,20.398052789745417,27.197403719660556,25.803774508220833,1.306086074256085,0.13469082093299922,0.0,0.0,0.0,0.0,0.0,136,58.82914474087784,1.1333333333333333,52.17573529411765
680841,11003,0.0,0.0,15.042489370519032,15.726238887360807,29.8520692035207,1.1183653784353402,0.10873412182014755,0.0,0.0,0.0,0.0,0.0,335,146.25238853827358,2.7916666666666665,52.620298507462685
680841,11004,0.0,0.0,90.03331009910424,101.28747386149226,14.439807333606971,1.191116355425246,0.11267204455410389,0.0,0.0,0.0,0.0,0.0,78,8.885600219734222,0.65,13.23974358974359
680841,12000,0.0,0.0,52.00252074369502,52.00252074369502,21.973741014099055,1.5039586379182315,0.1539593867587709,0.0,0.0,0.0,0.0,0.0,126,40.38265780134536,1.05,38.986507936507934
680841,12001,0.0,0.0,60.05855924120485,55.76866215254736,23.339780299832395,1.5348885385921205,0.1648264318280669,0.0,0.0,0.0,0.0,0.0,90,23.310582499612995,0.75,31.05666666666666
680841,12002,0.0,0.0,104.82362225471931,104.82362225471931,18.509087978879926,1.2773175608983705,0.198051903606126,0.0,0.0,0.0,0.0,0.0,44,10.4938178660438,0.36666666666666664,29.26590909090909
680841,12003,0.0,0.0,75.08364002848373,56.3127300213628,21.858790672830896,1.2407683994540584,0.17440663149057867,0.0,0.0,0.0,0.0,0.0,23,5.32739222350243,0.19166666666666668,27.139130434782604
680841,12005,0.0,0.0,20.69483226659709,23.878652615304333,29.770942112186727,1.2055738300162067,0.15902760930499463,0.0,0.0,0.0,0.0,0.0,142,62.81761471912441,1.1833333333333333,50.212676056338026
680841,12006,0.0,0.0,31.06849060591706,34.17533966650876,31.18776306458878,1.4651113084372056,0.16567377150252235,0.0,0.0,0.0,0.0,0.0,98,32.18695148999443,0.8166666666666667,35.15408163265306
680841,12007,0.0,0.0,91.00283986769355,106.16997984564249,15.393439552923542,1.2819959190117263,0.1828213074845894,0.0,0.0,0.0,0.0,0.0,31,6.593200837164235,0.25833333333333336,25.74838709677419
680841,12008,0.0,0.0,89.95979455479535,84.96202819064005,20.839373450809557,1.4041099050454093,0.15599087925404195,0.0,0.0,0.0,0.0,0.0,115,20.0089385364659,0.9583333333333334,21.36521739130435
680841,12010,0.0,0.0,83.32921154376055,47.61669231072032,14.374197896601153,1.0749211683158992,0.11466831635380621,0.0,0.0,0.0,0.0,0.0,61,8.400415496940028,0.5083333333333333,16.45409836065574
680841,13000,0.0,0.0,9.408187343590871,10.080200725275933,22.42463937564321,0.9708947285225973,0.09217072626785419,0.0,0.0,0.0,0.0,0.0,296,148.80656059147466,2.466666666666667,60.33547297297298
680841,13001,0.0,0.0,7.001200334161371,5.091782061208271,24.819586661438322,0.6831772254591197,0.07683042394488357,0.0,0.0,0.0,0.0,0.0,302,157.11591548562106,2.5166666666666666,62.402317880794705
680841,14000,0.0,0.0,15.14374740034058,17.036715825383155,29.266713823266397,1.1170810539508136,0.10537687537632529,0.0,0.0,0.0,0.0,0.0,120,52.827082943948746,1.0,53.23995258282086
680841,14001,0.0,0.0,102.09843200476116,102.09843200476116,9.306669715303933,0.5859779606872644,0.07337485985825715,0.0,0.0,0.0,0.0,0.0,58,1.958893942569788,0.48333333333333334,3.547136065084341
680841,14002,0.0,0.0,5.198301077596122,6.497876346995153,24.165418435464026,0.6895752614200439,0.0550181647193752,0.0,0.0,0.0,0.0,0.0,294,153.89643425000466,2.45,62.99477091695493
680841,14003,0.0,0.0,13.973477670049189,13.973477670049189,24.984828631850878,0.9663206175873814,0.10752734282975843,0.0,0.0,0.017167381974248927,0.0,0.0,233,114.50263404574272,1.9416666666666667,59.19370572793796
680841,14004,0.0,0.0,79.18825789020747,52.792171926804976,19.084375351535524,1.273387674413215,0.106022943900439,0.0,0.29411764705882354,0.0,0.0,0.0,102,15.153761832515244,0.85,17.590236970989572
680841,15000,0.0,0.0,12.252912802382934,15.982060177021218,26.51697928424803,1.1226200158027475,0.10660241494447194,0.0,0.0,0.0,0.0,0.0,404,187.71046828576945,3.3666666666666667,55.74430693069307
680841,15001,0.0,0.0,12.690980403378498,18.663206475556613,24.586470492046832,0.991251640426982,0.1179461833854367,0.0,0.0,0.0,0.0,0.0,273,133.9534020198659,2.275,59.410989010989006
680841,15002,0.0,0.0,14.67559200853906,18.344490010673827,22.15438114581587,0.9590196424437163,0.12335508928344302,0.0,0.0,0.0,0.0,0.0,112,54.51228131270727,0.9333333333333333,58.551785714285714
680841,15003,0.0,0.0,84.54548506203162,84.54548506203162,11.875228366344556,0.8845198838184636,0.08284419448065274,0.0,0.0,0.0,0.0,0.0,42,2.3655905439924862,0.35,7.088095238095238
680841,16000,0.0,0.0,57.41139231474215,91.85822770358743,18.352572057824435,1.127528094720848,0.11916810053957247,0.0,0.0,0.0,0.0,0.0,79,8.709072883285737,0.6583333333333333,13.917721518987342
680841,16001,0.0,0.0,132.64182236803055,33.16045559200764,10.771150622522663,1.0100997593541636,0.09096588635328846,0.0,0.0,0.0,0.0,0.0,39,3.0156401115339952,0.325,8.964102564102562
680841,16002,0.0,0.0,68.04944005218087,56.707866710150725,14.754106595511027,1.1412944205379922,0.08742300424121474,0.0,0.0,0.0,0.0,0.0,74,8.817118840947334,0.6166666666666667,14.277027027027026
680841,17000,0.0,0.0,14.392297262078793,13.859249215335135,24.660828718310107,1.0665801736030693,0.0993495412199954,0.0,0.005115089514066497,0.0,0.0,0.0,391,187.60034974500087,3.2583333333333333,57.732736572890026
680841,17001,0.0,0.0,14.926312289857435,14.179996675364565,24.64381585601407,0.9720864480347982,0.1156196760522326,0.0,0.0,0.0,0.0,0.0,270,133.99156879218037,2.25,59.802592592592596
680841,17002,0.0,0.0,18.29310230965449,19.95611161053217,31.11913742836897,1.396344566250793,0.11020345486791516,0.0,0.0,0.0,0.0,0.0,168,60.13195473243796,1.4,43.5
680841,17003,0.0,0.0,100.88851356560735,56.04917420311521,14.35036622299487,1.1666525639568919,0.1034688015927482,0.0,0.0,0.0,0.0,0.0,76,8.920738032429568,0.6333333333333333,13.346052631578948
680841,18000,0.0,0.0,6.46731559021371,6.46731559021371,19.13236293851125,0.7573670506467761,0.08391552562051814,0.0,0.0,0.0,0.0,0.0,204,108.23656124949807,1.7,63.96372549019607
680841,18001,0.0,0.0,9.050722236987102,9.050722236987102,17.222325599015928,0.5883543680575214,0.07621277735444036,0.0,0.0,0.0,0.046511627906976744,0.0,258,143.63494602534143,2.15,66.71201550387596
680841,18002,0.0,0.0,15.751616051382786,18.1143584590902,28.569907296403116,1.296683702551408,0.1074279454215201,0.0,0.0,0.0,0.009554140127388535,0.0,314,126.97109893206331,2.6166666666666667,48.589490445859866
680841,19000,0.0,0.0,20.61662827780786,25.03447719448097,23.629353856546036,1.2172442822102245,0.13117101168523765,0.0,0.12162162162162163,0.0,0.11486486486486487,0.0,148,67.90635118095365,1.2333333333333334,55.70743243243244
680841,19001,0.0,0.0,10.674953171407262,8.211502439544047,25.701944528389987,0.9536879087527406,0.0825819088407807,0.0,0.0,0.00796812749003984,0.0,0.0,251,121.78039370533587,2.091666666666667,58.378884462151404
680841,19002,0.0,0.0,45.997670719658686,22.998835359829343,11.906921970405614,0.9084160841967897,0.08355670413846365,0.0,0.0,0.0,0.0,0.0,54,8.696092513855191,0.45,19.27592592592593
680841,20000,0.0,0.0,13.826557875198924,14.890139250214226,26.020963253204993,1.1097338484229116,0.09677780100372305,0.0,0.054455445544554455,0.0,0.0,0.0,404,188.0439096605303,3.3666666666666667,55.97970297029703
680841,20001,0.0,0.0,28.2711604423584,37.694880589811206,26.883439623651597,1.5622061370403866,0.15287446759053308,0.0,0.0,0.0,0.0,0.0,104,31.834561649317333,0.8666666666666667,37.70096153846154
680841,20003,0.0,0.0,6.240216632994527,8.023135670992964,23.591553113885052,0.6432628220515897,0.09067288824111981,0.0,0.0,0.0,0.0,0.0,425,224.35118559789072,3.5416666666666665,63.55929411764705
680841,20004,0.0,0.0,28.80461238949792,24.68966776242679,32.064170103404486,1.2929476062177363,0.108784755052362,0.0,0.0,0.0,0.0,0.0,81,24.301663585489454,0.675,36.13827160493827
680841,20005,0.0,0.0,76.70152038782075,38.350760193910375,11.999555318692641,1.0091366718296015,0.08911312166555342,0.0,0.0,0.0,0.0,0.0,27,2.607510242153655,0.225,12.425925925925924
680841,20006,0.0,0.0,70.69590742010213,58.91325618341845,14.769777892859828,1.0571073657711139,0.11157667714894867,0.0,0.0,0.0,0.0,0.0,69,8.48705422839501,0.575,14.421739130434782
680841,22000,0.0,0.0,7.168025319051126,7.680027127554778,21.08212351401887,0.8864252985317804,0.08412091089854962,0.0,0.023376623376623377,0.0,0.03116883116883117,0.0,385,195.31181011304326,3.2083333333333335,60.80649350649351
680841,22001,0.0,0.0,19.165427003347972,19.165427003347972,18.721750361087974,1.0919629854430246,0.12155680326322728,0.0,0.0,0.0,0.0,0.0,77,36.524101439415794,0.6416666666666667,57.97532467532468
680841,22002,0.0,0.0,28.70552718971389,26.497409713582055,24.319955736398384,1.2427272060880246,0.14987344711214798,0.0,0.0,0.0,0.0,0.0,102,45.28744556434524,0.85,54.259803921568626
680841,22004,0.0,0.0,43.038257677599546,46.112418940285224,30.48032261421566,1.4819919379977233,0.1550846690439571,0.0,0.0,0.0,0.0,0.0,120,32.52919787058826,1.0,32.54
680841,22005,0.0,0.0,111.74925313772303,74.49950209181536,19.098912927179914,1.2056282324887189,0.2153902533734647,0.0,0.0,0.0,0.0,0.0,20,2.6845817003382675,0.16666666666666666,16.755000000000003
680841,22006,0.0,0.0,16.434569298335784,21.13016052643172,29.046609008387232,1.227761178088636,0.11018492838983203,0.0,0.0,0.0,0.06930693069306931,0.0,303,127.77943625286565,2.525,50.54356435643564
680841,23000,0.0,0.0,13.757735485572928,12.657116646727093,29.78208822210744,1.2078543515619864,0.09168993836974589,0.0,0.006880733944954129,0.0,0.04357798165137615,0.0,436,181.71595191822297,3.6333333333333333,50.08277250185497
680841,23001,0.0,0.0,42.25428740989325,39.2361240234723,29.955957319351345,1.465481531580429,0.1671446016267215,0.0,0.0,0.0,0.0,0.0,98,33.132732459054786,0.8166666666666667,36.23177367471843
680841,23002,0.0,0.0,39.52282566993651,39.52282566993651,28.231692151378972,1.5408861402427687,0.12027861587257542,0.0,0.0,0.0,0.0,0.0,113,27.832018114957997,0.9416666666666667,29.351704754002792
680841,23003,0.0,0.0,68.63038677939936,68.63038677939936,11.559621320387015,1.0887027150679338,0.08802950960927441,0.0,0.0,0.0,0.0,0.0,65,8.742483150045437,0.5416666666666666,15.607587690892037
680841,24000,0.0,0.0,12.193986699690731,15.476983118838234,24.355968662396275,0.96884836000768,0.11603065965702011,0.0,0.0,0.0,0.0,0.0,436,213.21984876906112,3.6333333333333333,58.51077981651376
680841,24001,0.0,0.0,18.065784798404096,17.062130087381647,22.93216729506128,1.1134443631051665,0.11758267536503356,0.0,0.0,0.0,0.0,0.0,211,99.63585972523094,1.7583333333333333,57.1260663507109
680841,24002,0.0,0.0,57.38627143724675,74.60215286842077,25.099854327805396,1.5898073351672346,0.17688473847203048,0.0,0.0,0.0,0.0,0.0,58,17.425770571163937,0.48333333333333334,36.72758620689655
680841,24004,0.0,0.0,31.68517155803365,32.51899186219243,29.570244402229815,1.3618504765055826,0.14977701865643256,0.0,0.0,0.0,0.0,0.0,309,119.92991715509663,2.575,46.63980582524272
680841,24005,0.0,0.0,188.26971974318,0.0,5.321744423784004,0.5262898694941316,0.05126213238184467,0.0,0.0,0.0,0.0,0.0,41,1.0623057190121776,0.3416666666666667,2.758536585365854
680841,25000,0.0,0.0,60.7283053358223,72.11486258628898,25.48423914321713,1.502872209714646,0.2156146800529225,0.0,0.11494252873563218,0.0,0.0,0.0,87,26.34685738638906,0.725,36.48965517241379
680841,25001,0.0,0.0,45.21580481239662,45.21580481239662,23.165466889280413,1.5003632243280454,0.16833415748780553,0.0,0.0,0.0,0.0,0.0,55,19.90454452230055,0.4583333333333333,42.94727272727273
680841,25002,0.0,0.0,161.5891647653829,107.72610984358862,11.43470594287409,1.0281838593329258,0.1719812382101498,0.0,0.0,0.0,0.0,0.0,12,1.8565601253993778,0.1,18.349999999999998
680841,25003,0.0,0.0,71.07916392034652,60.924997646011306,18.13366656737353,1.442411532870278,0.1555671829654479,0.0,0.0,0.0,0.0,0.0,41,9.848174364915735,0.3416666666666667,27.919512195121953
680841,25004,0.0,0.0,43.806676521871935,51.77152679857593,24.819624473864803,1.3846838055194155,0.23302830053870574,0.0,0.0,0.0,0.0,0.0,260,100.44131053409528,2.1666666666666665,46.52423076923077
680841,25005,0.0,0.0,24.695105390947734,22.22559485185296,23.13160893238889,1.1438357116333444,0.15307080452067184,0.0,0.0,0.046511627906976744,0.0,0.0,86,40.493854315218314,0.7166666666666667,57.55232558139535
680841,25006,0.0,0.0,52.979239160599874,52.979239160599874,19.104786045046136,1.24478976416241,0.11998463415970727,0.0,0.0,0.0,0.0,0.0,85,15.100254603032349,0.7083333333333334,20.948235294117644
680841,26000,0.0,0.0,37.997746214093695,48.63711515403993,26.1170627962817,1.4698579488887968,0.15723549156788402,0.0,0.0,0.023255813953488372,0.0,0.0,172,65.79337589956133,1.4333333333333333,45.98081395348838
680841,26001,0.0,0.0,86.04490283516695,86.04490283516695,21.343565966465942,1.4313774725560366,0.15796965919278935,0.0,0.0,0.0,0.06896551724137931,0.0,87,15.108390586370492,0.725,20.924137931034483
680841,26002,0.0,0.0,57.92848684849837,65.65228509496482,28.436988738520455,1.5413935770219123,0.17239491706622262,0.0,0.0,0.0,0.05952380952380952,0.0,84,25.893995883631185,0.7,37.33690476190476
680841,26003,0.0,0.0,17.823372578873496,19.605709836760845,21.62101969292807,0.8790771249020802,0.1264254673823405,0.0,0.0,0.0,0.0,0.0,110,56.10610425017575,0.9166666666666666,61.69272727272727
680841,26004,0.0,0.0,99.00631244532674,74.25473433399506,12.524003822466375,0.9551311954514641,0.1119545432767519,0.0,0.0,0.0,0.0,0.0,38,4.040146432288224,0.31666666666666665,12.565789473684209
680841,26005,0.0,0.0,78.83721208513542,90.09967095444048,16.150726336586057,1.2134934834034028,0.11910175789027565,0.0,0.0,0.0,0.0,0.0,63,8.87905573378315,0.525,17.355555555555554
680841,27000,0.0,0.0,43.65698881571885,52.79449810272977,24.145982965048287,1.499922133192367,0.1745271876884921,0.0,0.2140221402214022,0.014760147601476014,0.0,0.0,271,98.49511193158082,2.2583333333333333,43.60553505535056
680841,27001,0.0,0.0,69.96564261919586,73.85262276470675,24.969064082874677,1.5637791471542504,0.1882893457114692,0.0,0.0,0.0,0.0,0.0,93,25.726912990664786,0.775,32.71182795698925
680841,27002,0.0,0.0,45.347936465462375,43.188510919487975,28.387934166440946,1.4737962437485777,0.15782797215278715,0.0,0.0,0.0,0.0,0.0,138,46.30861211511552,1.15,40.76739130434783
680841,27003,0.0,0.0,40.69796997804521,62.89686269334259,24.70625869393308,1.426270257969985,0.21943745161903924,0.0,0.0,0.0,0.0,0.0,69,27.02837513992473,0.575,47.1695652173913
680841,27004,0.0,0.0,19.568053886025723,18.843311149506253,29.394256897639373,1.1350524768182284,0.12111242997602958,0.0,0.0,0.0,0.0,0.0,317,137.97999615731692,2.6416666666666666,52.23501577287066
680841,27005,0.0,0.0,49.93728678649989,44.9435581078499,21.517915269592166,1.3786504928020922,0.12168675195359506,0.0,0.0,0.0,0.0,0.0,121,20.025116788490426,1.0083333333333333,20.44793388429752
680841,27006,0.0,0.0,89.88213752265278,44.94106876132639,13.503890958635859,1.1115342937508765,0.08606041011290613,0.0,0.0,0.0,0.0,0.0,88,8.900544891896656,0.7333333333333333,11.9375
680841,28000,0.0,0.0,22.48527977590381,25.130606808363083,27.815617978579503,1.270715698682646,0.1324058983930622,0.0,0.0,0.01694915254237288,0.0,0.0,354,151.21003758394795,2.95,51.26836158192091
680841,28001,0.0,0.0,41.88512098602165,41.88512098602165,26.74571916800242,1.5219306324362731,0.15946030197123767,0.0,0.0,0.0,0.07339449541284404,0.0,218,78.78692772789917,1.8166666666666667,43.49082568807339
680841,28002,0.0,0.0,162.1450406343566,140.52570188310904,19.939902600125194,1.3116680808808918,0.22587372444341416,0.0,0.0,0.0,0.0,0.0,55,9.25097674360919,0.4583333333333333,19.87454545454546
680841,28003,0.0,0.0,117.19057725800059,137.87126736235365,20.674304372398574,1.1892148760035883,0.17688890206490793,0.0,0.0,0.0,0.0,0.0,108,14.506285742217734,0.9,15.778703703703703
680841,28004,0.0,0.0,22.335716004494365,26.98899017209736,32.67579453414255,1.3066021109938906,0.11627294307279457,0.0,0.0,0.0,0.040625,0.0,320,107.45122294342724,2.6666666666666665,40.53375
680841,28005,0.0,0.0,14.39468587778012,10.281918484128656,26.803920533686924,1.172784366506212,0.1131339339593179,0.0,0.0,0.0,0.0,0.0,215,97.25811399337749,1.7916666666666667,54.41302325581395
680841,29000,0.0,0.0,73.56130190379531,55.170976427846476,15.302078647878712,1.2325282800586983,0.12467227606576578,0.0,0.0,0.0,0.0,0.0,82,10.875283325548715,0.6833333333333333,16.182926829268293
680841,29002,0.0,0.0,73.73363839772065,65.54101190908501,12.659021014728344,1.0787712579519535,0.09627036357425603,0.0,0.0,0.0,0.0,0.0,97,12.206097780573135,0.8083333333333333,15.261855670103094
680841,29003,0.0,0.0,25.928819853057284,25.928819853057284,8.691307610326291,0.9183987247993113,0.08275924998081201,0.0,0.0,0.0,0.0,0.0,23,3.8567123597107695,0.19166666666666668,19.382608695652173
680841,31000,0.0,0.0,18.243257360453217,20.27028595605913,28.908247317451544,1.3161032493921863,0.10695773355693304,0.0,0.0,0.0,0.0,0.0,244,98.66659031527703,2.033333333333333,48.65901639344262
680841,31001,0.0,0.0,41.25578730224026,32.087834568409086,27.058000422205488,1.3538840834536336,0.1626882103452952,0.0,0.0,0.0,0.0,0.0,105,43.630242390314464,0.875,50.32476190476191
680841,31002,0.0,0.0,22.686103811824264,20.623730738022058,21.128002720531043,1.0316459031392633,0.14912966738497563,0.0,0.0,0.04081632653061224,0.0,0.0,98,48.48783242482859,0.8166666666666667,60.451020408163274
680841,31003,0.0,0.0,88.48754173693385,93.85042305432377,19.90509563803667,1.424830750577673,0.1866925327563268,0.0,0.0,0.0,0.0,0.0,148,37.29338543284011,1.2333333333333334,30.07972972972973
680841,31004,0.0,0.0,46.99552509757716,44.05830477897859,27.383490625237588,1.4540389353535659,0.13193112246131153,0.0,0.0,0.0,0.0,0.0,167,34.0457947150906,1.3916666666666666,24.41377245508982
680841,31005,0.0,0.0,35.93192455842438,23.95461637228292,10.858072896254509,0.9138662361789922,0.08448052459599759,0.0,0.0,0.0,0.0,0.0,51,8.349121392376514,0.425,20.090196078431372
680841,32000,0.0,0.0,11.1839214015719,12.200641528987529,26.01566448806898,0.9911348579528518,0.09506398184198557,0.0,0.0,0.0,0.02912621359223301,0.0,412,196.71096755837266,3.433333333333333,57.33203883495145
680841,32001,0.0,0.0,49.27844857652123,46.3797163073141,28.88526835427398,1.3975201106676667,0.12880622233508127,0.0,0.0,0.0,0.0,0.0,159,34.49783930109291,1.325,25.59622641509434
680841,32003,0.0,0.0,20.125393462516257,21.673500651940586,29.854271071641303,1.2227068208253282,0.11086389817595552,0.0,0.0,0.0,0.04100946372239748,0.0,317,129.19002079847658,2.6416666666666666,48.92586750788644
680841,32004,0.0,0.0,17.3218691369072,17.3218691369072,29.756188326089116,1.3046429493567708,0.10181043199279853,0.0,0.0,0.0,0.0,0.0,249,98.14183368802041,2.075,47.44457831325302
680841,32005,0.0,0.0,78.9172368032259,78.9172368032259,14.442182074318842,1.1158219880617104,0.09460561878230417,0.0,0.0,0.0,0.0,0.0,87,8.870052074243254,0.725,12.53103448275862
680841,34000,0.0,0.0,65.77794111671545,70.83778274107819,18.38871629661336,1.3025007994398472,0.16925658684302913,0.0,0.0,0.0,0.0,0.0,79,19.763464437010857,0.6583333333333333,29.862025316455696
680841,34001,0.0,0.0,9.624308524426812,11.811651370887452,22.778472077223256,0.8812229163834605,0.09483900475888035,0.0,0.0,0.04,0.02666666666666667,0.0,450,228.58785069247597,3.75,61.12377777777777
680841,34002,0.0,0.0,40.751835606397286,53.486784233396435,28.350818040091674,1.5666879937989522,0.1705174064467181,0.0,0.0,0.0,0.0,0.0,136,39.26203510079015,1.1333333333333333,34.32132352941177
680841,34003,0.0,0.0,97.61992955671577,119.31324723598595,22.884296424346765,1.429283698914963,0.23873168731148278,0.0,0.0,0.0,0.0,0.0,85,18.4388578046886,0.7083333333333334,25.38352941176471
680841,34004,0.0,0.0,17.38933158604159,21.253627494050832,26.872805521488534,1.2447311112321082,0.12488975963621304,0.0,0.0,0.0,0.05106382978723404,0.0,235,103.51174173047913,1.9583333333333333,52.76
680841,34005,0.0,0.0,16.51611886486076,17.3419248081038,31.59576403033928,1.3219624571120696,0.10788711594462684,0.0,0.0,0.0,0.0,0.0,349,121.09382454585894,2.908333333333333,41.56045845272207
680841,34006,0.0,0.0,93.28650790177707,69.96488092633281,15.468944735814059,1.2600119832665642,0.11107603262211974,0.0,0.0,0.0,0.0,0.0,55,8.575731024708668,0.4583333333333333,18.978181818181817
680841,35000,0.0,0.0,8.317034729134141,7.392919759230349,18.144493978858932,0.760027516927563,0.08814747213257648,0.0,0.0,0.0,0.0,0.0,202,108.21164385034328,1.6833333333333333,64.37079207920792
680841,35001,0.0,0.0,18.887734021227352,20.715579249088066,30.880396994863602,1.2008044169465593,0.10741762792851499,0.0,0.0,0.0,0.02926829268292683,0.0,410,164.12768183393538,3.4166666666666665,48.069024390243904
680841,35002,0.0,0.0,20.76855258167514,18.821500777143097,24.94650732894463,1.2098250942930027,0.12581585080798696,0.0,0.0,0.0,0.09734513274336283,0.0,339,154.07910529227144,2.825,54.73480825958702
680841,35003,0.0,0.0,9.72325536074631,10.533526640808502,27.09082727010586,1.07965735407464,0.0859119447829367,0.0,0.0,0.007547169811320755,0.0,0.0,265,123.41545660155262,2.2083333333333335,56.127169811320755
680841,35004,0.0,0.0,78.83840840498742,67.57577863284638,16.229609767217422,1.2544084361173646,0.11830841824214064,0.0,0.0,0.0,0.0,0.0,54,8.878921000080933,0.45,19.77037037037037
680841,36000,0.0,0.0,8.322202338393083,10.171580635813767,22.41220086754696,0.9258939966490867,0.08349178258410946,0.0,0.0,0.0,0.0,0.0,220,108.14445063994674,1.8333333333333333,59.04499999999999
680841,36001,0.0,0.0,9.205802430649738,9.972952633203883,24.61913107248589,0.8282159022025003,0.08603571472185119,0.0,0.0,0.0,0.04633204633204633,0.0,259,130.352569375672,2.158333333333333,60.45598455598455
680841,36002,0.0,0.0,34.11189058299743,25.99001187275995,28.010317610184973,1.3947443093154555,0.13971305829461586,0.0,0.0,0.0,0.0,0.0,164,61.56211116151721,1.3666666666666667,45.45975609756098
680841,36003,0.0,0.0,15.466712969271908,12.210562870477823,27.319741689495395,1.126953425013403,0.09504140269915697,0.0,0.0,0.0,0.0,0.0,272,122.84445982638817,2.2666666666666666,53.992279411764706
680841,36004,0.0,0.0,22.23362604076345,21.063435196512746,31.536336427359654,1.339459963319609,0.11170278466219262,0.0,0.0,0.0,0.04980842911877394,0.0,261,85.4561463126398,2.175,39.50459770114942
7458165,0,0.0,0.0,87.46448323691423,0.0,7.422196821267591,0.868719682914265,0.061781442437250034,0.0,0.0,0.0,0.0,0.0,17,1.1433212236460704,0.14166666666666666,7.377152600170502
7458165,2,0.0,0.0,27.887119728257048,31.55647758723824,22.008424691119586,1.432187169935763,0.11753460603458708,0.0,0.0,0.0,0.0,0.0,416,136.2636241041986,3.466666666666667,38.792563011644084
7458165,3,0.0,0.0,39.95597560378673,46.948271334449416,21.92775674750303,1.4740527355891622,0.14358189300922747,0.0,0.0,0.0,0.0,0.0,302,100.11018225821795,2.5166666666666666,39.35980121142442
7458165,4,0.0,0.0,35.90760946975847,35.90760946975847,22.490541873259485,1.4635804412943765,0.11566364209707392,0.0,0.4061433447098976,0.0,0.0,0.0,293,80.76282556326652,2.441666666666667,32.593391702353486
7458165,5,0.0,0.0,25.648777415567814,32.06097176945977,24.289326325553116,1.4814529054739376,0.12100544586582528,0.0,0.0,0.0,0.0,0.0,247,77.97642622864657,2.058333333333333,37.67495526845314
7458165,1000,0.0,0.0,121.28102614802437,143.3321218113015,17.320249114967684,1.120030000041023,0.1352789746300951,0.0,0.0,0.0,0.0,0.0,89,9.069844104529938,0.7416666666666667,11.998655034397164
7458165,1001,0.0,0.0,54.687923641557646,53.85931873789769,26.398830196250003,1.5295134046397032,0.17873122175153894,0.0,0.0,0.0,0.0,0.0,361,120.68477939039222,3.0083333333333333,39.87022070395736
7458165,1002,0.0,0.0,43.29234383164527,37.10772328426737,16.507495664228472,1.2723176479943712,0.11007848959278718,0.0,0.0,0.0,0.0,0.0,68,16.169140731260736,0.5666666666666667,28.073896740750435
7458165,1006,0.0,0.0,43.950262642164034,46.43801335775822,22.917688582988337,1.4919807444900741,0.15314294854990604,0.0,0.0,0.0,0.0,0.0,392,120.59086069978119,3.2666666666666666,36.73857063104797
7458165,1007,0.0,0.0,41.061065699283695,45.62340633253744,22.716984433987406,1.4518608582922239,0.1667566972702163,0.0,0.0,0.0,0.0,0.0,400,153.43001679836826,3.3333333333333335,45.24822305803891
7458165,1008,0.0,0.0,38.16448433098258,38.16448433098258,21.398471470945395,1.4207337911706297,0.15549453442631686,0.0,0.3719676549865229,0.0,0.0,0.0,371,141.49280658866883,3.091666666666667,45.43609383089854
7458165,1011,0.0,0.0,0.0,0.0,5.234977184262837,0.666278442414676,0.05711672636014171,0.0,0.0,0.0,0.0,0.0,26,1.2660629852579774,0.21666666666666667,5.725964231846585
7458165,1016,0.0,0.0,55.62489425125421,66.74987310150505,23.03638181064922,1.514718334803733,0.13528606414642122,0.0,0.0,0.0,0.0,0.0,391,80.89903020172548,3.2583333333333333,24.413303250052888
7458165,1017,0.0,0.0,24.89033587426374,22.12474299934555,19.96490780700616,1.4275595462639643,0.10636441832302261,0.0,0.6298507462686567,0.0,0.0,0.0,335,108.47583631009826,2.7916666666666665,38.532556223156945
7458165,1018,0.0,0.0,33.84290311831878,36.919530674529575,17.896909254248474,1.3382798012478505,0.1505083938260073,0.0,1.0,0.0,0.0,0.0,159,65.00624347469662,1.325,48.504115072836086
7458165,1019,0.0,0.0,40.736568174709866,43.28260368562923,20.569730104997866,1.4425265069870892,0.1473651899577077,0.0,0.5458715596330275,0.0,0.0,0.0,218,78.55349980086513,1.8166666666666667,42.4011827162099
7458165,1020,0.0,0.0,43.477726783083185,48.72503863621391,22.66831023994221,1.4700323648135065,0.14597301858871622,0.0,0.0,0.0,0.0,0.0,393,133.401638704274,3.275,40.39055738579499
7458165,1021,0.0,0.0,34.27035161427045,35.41269666807947,18.42774423928566,1.358728921208451,0.13521110828979324,0.0,0.0,0.0,0.0,0.0,232,87.53922439333175,1.9333333333333333,44.95987431098746
7458165,1022,0.0,0.0,40.65112484441275,47.55414604440737,22.394208633157092,1.4702364907806516,0.15846596784095582,0.0,0.0,0.0,0.0,0.0,364,130.37769607323554,3.033333333333333,42.865339079477096
7458165,1023,0.0,0.0,32.256450301112565,27.955590260964225,22.893539281415695,1.311729623354744,0.1522930191713413,0.0,0.0,0.0,0.0,0.0,113,46.50232700739124,0.9416666666666667,48.97569736114992
7458165,1024,0.0,0.0,41.00846863338041,50.907064510403266,22.37855457042701,1.4154297425621085,0.1684938878908422,0.0,0.5353260869565217,0.0,0.0,0.0,368,141.43420111227633,3.066666666666667,46.30275979114031
7458165,1025,0.0,0.0,15.649794291802316,17.88547919063122,16.957772213416625,1.1765728151040589,0.12668696988336842,0.0,1.0,0.0,0.0,0.0,100,44.729022436203806,0.8333333333333334,53.29434000741565
7458165,1026,0.0,0.0,18.84046754753314,19.696852436057373,17.78153189316711,1.210382153623605,0.13070420400148655,0.0,0.4423791821561338,0.0,0.0,0.0,269,116.76992592936236,2.2416666666666667,51.809543865934636
7458165,1027,0.0,0.0,59.72673387774342,75.14008455587076,23.513069345875348,1.577138645173453,0.18270185010206266,0.0,0.0,0.0,0.0,0.0,174,51.90305577977008,1.45,35.46513836115775
7458165,1028,0.0,0.0,79.76847375529692,79.76847375529692,5.847371613451231,0.5939731993776527,0.06422376948274595,0.0,0.0,0.0,0.0,0.0,38,1.2536280975710612,0.31666666666666665,3.359195402298851
7458165,1029,0.0,0.0,45.91612352220348,47.15709983361438,22.189555190774048,1.5007262546486333,0.1374164019164383,0.0,0.0,0.0,0.0,0.0,304,80.58171544492004,2.533333333333333,30.7976227479257
7458165,1030,0.0,0.0,20.079544785360774,22.31060531706753,15.9875245496309,1.1693336113497963,0.11308469033565678,0.0,0.0,0.0,0.0,0.0,319,134.46519972745926,2.658333333333333,50.6320516079118
7458165,1031,0.0,0.0,36.38670292616925,32.92130264748646,17.575094854177014,1.2000290049945617,0.12919262963591785,0.0,0.4952681388012618,0.0,0.0,0.0,317,115.42678127562273,2.6416666666666666,43.1742726684048
7458165,1032,0.0,0.0,28.91115489734437,39.23656736068165,18.993458707391234,1.3673847119820355,0.12869677278281258,0.0,1.0,0.0,0.0,0.0,136,48.42421566938499,1.1333333333333333,42.77624279305233
7458165,1033,0.0,0.0,40.00730999572471,42.36068117194382,18.47005141058091,1.279690293784499,0.13724769298297193,0.0,0.8264462809917356,0.0,0.0,0.0,121,42.49223454867789,1.0083333333333333,41.65029808239787
7458165,1034,0.0,0.0,53.69910594197371,61.96050685612352,19.048695323808683,1.3693296687714491,0.16182928561625134,0.0,0.0,0.0,0.0,0.0,81,24.20896916616743,0.675,35.338650662633796
7458165,1035,0.0,0.0,36.44856774405786,36.44856774405786,19.123088301360845,1.4043636117884972,0.12507834001621762,0.0,0.0,0.0,0.0,0.0,246,87.79494498852262,2.05,42.25120211210556
7458165,1036,0.0,0.0,35.94872979980331,32.95300231648637,23.289367465785364,1.4936376685182042,0.13231229265812394,0.0,0.0,0.0,0.0,0.0,291,100.14262033869406,2.425,40.55216697162335
7458165,1037,0.0,0.0,41.577498705273875,47.90450937781555,21.299576683174877,1.4174437864578324,0.17817903782212005,0.0,0.10839160839160839,0.0,0.0,0.0,286,110.63676611735461,2.3833333333333333,45.73392594570756
7458165,1038,0.0,0.0,30.61644860845166,40.82193147793554,24.025672440999806,1.5557414730989192,0.13013783224093114,0.0,0.0,0.0,0.0,0.0,421,137.18116211690835,3.5083333333333333,38.74561008723104
7458165,1039,0.0,0.0,82.95015630972493,0.0,6.890540058601099,0.6917614988524178,0.05044386047140549,0.0,0.0,0.0,0.0,0.0,19,1.205543237635541,0.15833333333333333,7.714111365369947
7458165,1040,0.0,0.0,43.492193469562054,45.30436819746047,23.921038298245108,1.463346557254123,0.11134928222503876,0.0,0.7811320754716982,0.0,0.0,0.0,265,55.18231683760987,2.2083333333333335,24.4661359947697
7458165,1041,0.0,0.0,27.956592473259494,25.013793265547967,17.30965511603887,1.2976994257150758,0.12860248449169168,0.0,1.0,0.0,0.0,0.0,175,67.96250300594937,1.4583333333333333,46.57672692973142
7458165,1042,0.0,0.0,45.30010114689907,53.536483173607984,17.637405670190617,1.3061039156390852,0.14674122835097309,0.0,0.5563380281690141,0.0,0.0,0.0,142,48.56501297570716,1.1833333333333333,40.53167325836449
7458165,1043,0.0,0.0,46.638178268614716,55.11784704472649,25.09931536371033,1.49148671080419,0.14954468422695694,0.0,0.0,0.0,0.0,0.0,240,70.7574807273453,2.0,35.097876787339665
7458165,1044,0.0,0.0,73.45783570225284,97.94378093633712,21.28553581866614,1.314775737547273,0.16907712897396496,0.0,0.0,0.0,0.0,0.0,19,4.08397548242494,0.15833333333333333,26.03333333333333
7458165,1045,0.0,0.0,47.053601472588866,52.059303756906836,23.462127383364876,1.4547655489142346,0.19746840794782972,0.0,0.0,0.0,0.0,0.0,259,99.88608422966286,2.158333333333333,45.488170070145145
7458165,1046,0.0,0.0,32.89696753665335,35.821142428800314,22.788561792590208,1.519161213864504,0.13010225037541356,0.0,0.0,0.0,0.0,0.0,391,136.79072379501733,3.2583333333333333,42.0134282950844
7458165,1047,0.0,0.0,0.0,0.0,6.829261730821704,0.8259567010149779,0.042857492441855355,0.0,1.0,0.0,0.0,0.0,23,1.134397323422698,0.19166666666666668,5.549056955132202
7458165,1048,0.0,0.0,0.0,0.0,4.460667326940929,0.6893616831435102,0.027949270618617926,0.0,1.0,0.0,0.0,0.0,46,1.9992625540962077,0.38333333333333336,4.569323374027271
7458165,1049,0.0,0.0,41.82551374350656,33.46041099480525,19.153383477268832,1.1807314156175992,0.11272772549317786,0.0,1.0,0.0,0.0,0.0,43,11.954425785807002,0.35833333333333334,32.958826135105205
7458165,1050,0.0,0.0,48.763629660789285,62.69609527815765,21.21225080669388,1.4892285022131018,0.1351999847600089,0.0,0.23655913978494625,0.0,0.0,0.0,93,28.709921918009655,0.775,36.585844052457
7458165,1051,0.0,0.0,33.15506479758603,41.28743918189958,20.115628362932053,1.3970823393221166,0.13460333808359828,0.0,0.0,0.0,0.0,0.0,458,159.85491303838094,3.816666666666667,41.000057546408655
7458165,1052,0.0,0.0,42.0812972599689,44.88671707730016,21.428288923479666,1.4182591583755186,0.17208153860373462,0.0,0.0,0.0,0.0,0.0,91,35.64528894471417,0.7583333333333333,46.497509942528715
7458165,1053,0.0,0.0,33.1298477045208,30.3690270624774,19.15499238470558,1.4067264038203464,0.1282890430631848,0.0,0.0,0.0,0.0,0.0,210,72.44222857301283,1.75,38.921698054224656
7458165,1054,0.0,0.0,32.464512181322135,40.58064022665266,19.408626084786018,1.2606896823933686,0.10874978873401306,0.0,0.0,0.0,0.0,0.0,46,12.3211461723467,0.38333333333333336,30.356768774703557
7458165,1055,0.0,0.0,27.20401069230396,25.96746475174469,18.321742744702945,1.3022004194550596,0.1151221676799628,0.0,0.0,0.0,0.0,0.0,232,80.87042844099389,1.9333333333333333,41.65183672489529
7458165,1056,0.0,0.0,34.783544780845546,34.783544780845546,17.523430698436243,1.2395828573662349,0.12782008120101024,0.0,0.4316109422492401,0.0,0.0,0.0,329,114.99690515161936,2.7416666666666667,41.73207920370732
7458165,1057,0.0,0.0,50.53453228850919,43.86016009946081,21.179422015211664,1.4201083483366554,0.14227699349068906,0.0,0.0,0.0,0.0,0.0,392,104.87877813415801,3.2666666666666666,31.692117118877935
7458165,1058,0.0,0.0,91.71163749172601,0.0,8.137434729609794,0.8815322611881637,0.056762339797105356,0.0,0.0,0.0,0.0,0.0,16,1.0903741633554602,0.13333333333333333,8.38244987307835
7458165,1059,0.0,0.0,57.52786476724329,50.33688167133788,21.627762871466288,1.399490339500393,0.1294882232529191,0.0,0.0,0.0,0.0,0.0,64,13.9063044185072,0.5333333333333333,25.40065793880449
7458165,1060,0.0,0.0,25.351202239627295,23.71564080481263,19.12608175553678,1.3125130292387537,0.11656158033141575,0.0,0.0,0.0,0.0,0.0,329,122.28216913335528,2.7416666666666667,43.72253176691611
7458165,1061,0.0,0.0,51.63399249164786,60.745873519585714,22.81335346950054,1.490747661422063,0.14294753449570277,0.0,0.0,0.0,0.0,0.0,370,98.77214125607193,3.0833333333333335,31.58341109803505
7458165,1062,0.0,0.0,78.13022655202954,97.66278319003693,19.963647326538826,1.3945099846319458,0.12937513105309498,0.0,0.0,0.0,0.0,0.0,33,5.11965749559969,0.275,18.75741626794258
7458165,2000,0.0,0.0,37.05582116689024,37.05582116689024,24.8766727659,1.4199778495313755,0.15993743620131928,0.0,0.0,0.0,0.0,0.0,187,70.164414608173,1.5583333333333333,44.85673170906828
7458165,2001,0.0,0.0,45.16628128629655,50.58623504065214,23.405265111560485,1.4717722120671017,0.17666718090410935,0.0,0.0,0.0,0.0,0.0,445,166.05307734899793,3.7083333333333335,44.32981840393291
7458165,2002,0.0,0.0,27.204255713868758,27.95992948369845,21.412493246511655,1.383709470032694,0.13735696270637363,0.0,0.0,0.0,0.0,0.0,339,132.33223646566137,2.825,46.5999455918934
7458165,2003,0.0,0.0,51.01339117064594,51.01339117064594,24.375850921570528,1.5102141887677065,0.18490176613330772,0.0,0.0,0.0,0.0,0.0,163,56.84781845416139,1.3583333333333334,41.07553375067071
7458165,2004,0.0,0.0,164.36532342667894,164.36532342667894,8.365700542545937,0.5744197275120936,0.06590922143021304,0.0,0.0,0.0,0.0,0.0,40,1.216801669782965,0.3333333333333333,3.4304060581716316
7458165,2005,0.0,0.0,40.17492082026276,45.4151278837753,23.89996526431251,1.5066817903763998,0.1258909985266635,0.0,1.0,0.0,0.0,0.0,201,57.24964612350808,1.675,33.420871742618694
7458165,2006,0.0,0.0,85.25210798406822,85.25210798406822,17.174011548880674,1.3185342271480267,0.12651545559628746,0.0,1.0,0.0,0.0,0.0,41,8.210940662380043,0.3416666666666667,24.122388467582155
7458165,2007,0.0,0.0,9.638906341859583,3.2129687806198612,11.418874118870479,0.9244409022565424,0.07062853151711158,0.0,1.0,0.0,0.0,0.0,86,31.12386295291283,0.7166666666666667,42.5939393939394
7458165,2008,0.0,0.0,19.98774026314385,17.766880233905642,12.384506530872708,0.8476131983954599,0.0937306296587176,0.0,0.0,0.0,0.0,0.0,128,45.02760132717674,1.0666666666666667,42.330365915319994
7458165,2009,0.0,0.0,33.25624747244855,34.96169606077924,20.930027612507143,1.40936488579925,0.13497981057247707,0.0,0.0,0.0,0.0,0.0,323,117.27119853889084,2.691666666666667,42.97606556368321
7458165,2010,0.0,0.0,35.973420142807015,35.25395173995087,18.172892453603193,1.308126890249433,0.13205439171100272,0.0,0.0,0.0,0.0,0.0,380,138.99151040270948,3.1666666666666665,43.62081592135963
7458165,2011,0.0,0.0,30.544993999899173,28.254119449906735,18.9626944751359,1.3846219432631388,0.11351840456767043,0.0,0.0,0.0,0.0,0.0,429,130.95435540151698,3.575,35.96348688294064
7458165,2012,0.0,0.0,41.28839876581356,48.93439853726052,24.135218291055516,1.4921002519828512,0.17456160043883234,0.0,0.0,0.0,0.0,0.0,370,130.78734369498372,3.0833333333333335,42.38435249013821
7458165,2013,0.0,0.0,28.12599710231178,28.12599710231178,16.208160215937664,1.13036263451778,0.13889397414700858,0.0,0.0,0.0,0.0,0.0,100,46.220583585751285,0.8333333333333334,55.59879725195221
7458165,2014,0.0,0.0,63.00289461552712,63.00289461552712,20.919693749781118,1.4980897317928046,0.18253807271761704,0.0,0.0,0.0,0.0,0.0,77,25.39565856083188,0.6416666666666667,38.59462849317845
7458165,2015,0.0,0.0,35.543025072745245,37.912560077594925,21.01805462835484,1.4159341087167552,0.1510712107775175,0.0,0.0,0.0,0.0,0.0,431,168.8094918122448,3.591666666666667,46.49110038217666
7458165,2016,0.0,0.0,23.003603589353865,23.003603589353865,21.79190944321099,1.4147184432468485,0.11939606643405558,0.0,0.0,0.0,0.0,0.0,318,104.33147966046185,2.65,39.220660455384554
7458165,2017,0.0,0.0,41.43051922494071,48.33560576243083,27.67514407027622,1.5098424767492926,0.15309853752160643,0.0,0.0,0.0,0.0,0.0,217,57.92831093835838,1.8083333333333333,31.399813731786036
7458165,2018,0.0,0.0,47.570082464429106,52.327090710872014,23.092433986642675,1.4366231324335297,0.11386442411691858,0.0,1.0,0.0,0.0,0.0,111,21.021615860089327,0.925,22.32021178016868
7458165,2019,0.0,0.0,34.48014396761473,30.50166581750534,18.72851694124455,1.2434716209718206,0.12740878200722844,0.0,0.44017094017094016,0.0,0.0,0.0,234,75.40571763395288,1.95,38.151812601842025
7458165,2020,0.0,0.0,31.44019788403723,34.522570225609506,21.31542004368541,1.4171833378503824,0.14460599245285183,0.0,0.0,0.0,0.0,0.0,430,162.21271948766469,3.5833333333333335,44.75701757393426
7458165,2021,0.0,0.0,37.156916970034445,43.34973646504018,18.27395663560884,1.2855589901797155,0.14395479318785015,0.0,0.0,0.0,0.0,0.0,370,129.18186952569306,3.0833333333333335,41.23831601244684
7458165,2022,0.0,0.0,36.89001632576691,42.56540345280797,20.890510194408037,1.4207990242235145,0.1408593014932571,0.0,0.0,0.0,0.0,0.0,417,140.95954726829189,3.475,40.06989302756662
7458165,2024,0.0,0.0,40.637314394660756,39.87057261362942,24.328686376337984,1.4983018198022615,0.15512597894416305,0.0,0.0,0.0,0.0,0.0,374,130.42200447912361,3.1166666666666667,41.814752700543586
7458165,2025,0.0,0.0,41.24036294301725,52.09309003328495,20.352235524942085,1.3350257255955968,0.19676845188294412,0.0,0.0,0.0,0.0,0.0,113,46.07136951304898,0.9416666666666667,49.407136943524776
7458165,2026,0.0,0.0,41.62983360538915,48.56813920628735,27.952211256831106,1.5074562635552526,0.1551473523753472,0.0,0.0,0.0,0.0,0.0,102,28.82548153746776,0.85,34.23184254986993
7458165,2027,0.0,0.0,29.729462357506577,35.675354829007894,20.760851704041485,1.3452928470036236,0.15032748447472621,0.0,0.0,0.0,0.0,0.0,447,185.00166379938824,3.725,49.43931005211304
7458165,2028,0.0,0.0,41.03148155362359,44.5686782392808,24.17673759664429,1.5199065904969906,0.14651182090973527,0.0,0.0,0.0,0.0,0.0,448,141.35487631417948,3.7333333333333334,37.3529812334204
7458165,2029,0.0,0.0,149.54789175035205,74.77394587517603,7.533370404545869,0.7387600996480229,0.059445093201224236,0.0,0.0,0.0,0.0,0.0,41,1.3373642226523008,0.3416666666666667,3.6336702752054255
7458165,2030,0.0,0.0,28.68784908319017,38.250465444253564,22.720044270849293,1.384024508123553,0.082201754538528,0.0,1.0,0.0,0.0,0.0,94,20.91477817873679,0.7833333333333333,26.322885229636782
7458165,2031,0.0,0.0,39.67321600630081,39.67321600630081,20.11426643322027,1.423833033050776,0.12151531963015645,0.0,0.42338709677419356,0.0,0.0,0.0,248,75.61776689652652,2.066666666666667,36.3957769583974
7458165,2032,0.0,0.0,33.89465777378981,35.127190783745796,19.538781728460975,1.366606719284134,0.13938939095741346,0.0,0.0,0.0,0.0,0.0,425,162.26745927651942,3.5416666666666665,45.002253523154735
7458165,2033,0.0,0.0,44.012287312109024,45.925865021331155,22.841936220662316,1.512268599612658,0.1459495089414327,0.22580645161290328,0.0,0.0,0.0,0.0,620,209.03253527268555,5.166666666666667,39.84111559559939
7458165,2034,0.0,0.0,27.953748096247367,25.15837328662263,20.201375149088655,1.3824139233050954,0.1172929844973045,0.0,0.0,0.0,0.0,0.0,209,71.54675620291823,1.7416666666666667,41.62198285684369
7458165,2035,0.0,0.0,34.08427023462088,34.08427023462088,22.414422684164798,1.4924433569497475,0.12753859483863833,0.0,0.0,0.0,0.0,0.0,322,105.62056852674884,2.683333333333333,39.31109785074693
7458165,2037,0.0,0.0,42.18998851055775,54.16282308787819,23.479779253534534,1.473352399076517,0.18179750180459975,0.0,0.0,0.0,0.0,0.0,475,175.39706127552518,3.9583333333333335,43.686088929259554
7458165,2038,0.0,0.0,30.97502903659154,29.628288643696255,21.550106802234758,1.4021653762382527,0.13664415152504714,0.0,0.0,0.0,0.0,0.0,211,74.25336057903142,1.7583333333333333,42.034091885625706
7458165,2040,0.0,0.0,31.26258070838158,32.78758464537581,18.79059401679347,1.3055797193153558,0.14151934124152082,0.0,0.0,0.0,0.0,0.0,319,131.1472024093257,2.658333333333333,49.318759862577146
7458165,2041,0.0,0.0,70.4975370343403,83.83490890570198,24.811693984755262,1.5821109936927518,0.19842322055684491,0.0,0.0,0.0,0.0,0.0,178,52.48410307153965,1.4833333333333334,35.332183856049035
7458165,2042,0.0,0.0,75.12944658323556,75.12944658323556,7.811286599985143,0.7759391232267892,0.06974084524422694,0.0,0.0,0.0,0.0,0.0,35,1.3310360257906395,0.2916666666666667,5.00909090909091
7458165,2043,0.0,0.0,54.43528189711717,49.48661990647015,22.146988300447678,1.458216409957566,0.12789607290559582,0.0,0.0,0.0,0.0,0.0,354,80.82992953570098,2.95,26.66742103289883
7458165,2044,0.0,0.0,20.81445025740059,24.18976651535744,15.163521954871243,1.1355829658645524,0.11301604084891032,0.0,0.1159090909090909,0.0,0.0,0.0,440,177.76112048332686,3.6666666666666665,48.35318944383478
7458165,2045,0.0,0.0,28.04753593761528,15.581964409786266,19.642496809133288,1.4415881832648527,0.0944859480514975,0.0,1.0,0.0,0.0,0.0,87,32.08838031268859,0.725,44.12898295253791
7458165,2046,0.0,0.0,43.99176576923406,47.657746250003555,18.72376103561208,1.2838130858994505,0.14930032253832826,0.0,1.0,0.0,0.0,0.0,78,27.277832090096013,0.65,41.660437918295756
7458165,2047,0.0,0.0,50.12560763829538,50.12560763829538,17.88262022550164,1.3097859591127046,0.14378322084377895,0.0,0.0,0.0,0.0,0.0,139,47.87971883190555,1.1583333333333334,40.75851373697801
7458165,2048,0.0,0.0,40.6421457981589,43.03286025687413,22.3711623782572,1.513586437920432,0.13138701898921157,0.0,0.0,0.0,0.0,0.0,429,125.48550033081746,3.575,34.52299727590115
7458165,2049,0.0,0.0,30.845159232577597,41.12687897677013,20.46565983945779,1.405765297502676,0.12800294451305652,0.0,0.0,0.0,0.0,0.0,259,87.53399454486696,2.158333333333333,40.350724425561225
7458165,2050,0.0,0.0,40.881684348038846,45.837040026589015,24.764859294030906,1.5012675533137037,0.14594612397501508,0.0,0.0,0.0,0.0,0.0,236,80.72074457368353,1.9666666666666666,40.99173114347319
7458165,2051,0.0,0.0,39.75991043783725,33.13325869819771,17.22355953253087,1.2389806469507545,0.1232224559997629,0.0,0.0,0.0,0.0,0.0,46,15.090577252131185,0.38333333333333336,38.67947982530473
7458165,2052,0.0,0.0,26.638631780959045,32.30642577690778,19.453061576379934,1.2530971948893344,0.15018470280246213,0.0,0.37844611528822053,0.0,0.0,0.0,399,176.43548807786368,3.325,52.51362988778444
7458165,2053,0.0,0.0,18.381372950352628,19.6943281610921,15.185817062552614,1.054984985767824,0.11851825971547139,0.0,1.0,0.0,0.0,0.0,164,76.16406042036934,1.3666666666666667,55.569428371018766
7458165,2054,0.0,0.0,53.926362774248204,64.71163532909785,21.97866078219876,1.483011406633055,0.16685496802191527,0.0,0.3525423728813559,0.0,0.0,0.0,295,92.71902911256016,2.4583333333333335,37.65544108662123
7458165,2055,0.0,0.0,0.0,0.0,6.286900987580237,0.8752589385161158,0.047927122062745006,0.0,0.0,0.0,0.0,0.0,32,1.200658108090224,0.26666666666666666,5.2552532719473515
7458165,2057,0.0,0.0,41.350542912571356,43.41807005819992,23.745110531945773,1.428997667634889,0.12507657096599023,0.0,0.0,0.0,0.0,0.0,194,48.366958669168085,1.6166666666666667,29.546403931749392
7458165,2058,0.0,0.0,29.482627206574584,28.078692577690084,20.184670244673804,1.3048086563133465,0.11375585034723247,0.0,0.0,0.0,0.0,0.0,455,142.45677532643379,3.7916666666666665,37.12033247075007
7458165,2059,0.0,0.0,37.50602966550959,32.332784194404816,20.112255483313938,1.4004996870211026,0.14268050123344708,0.0,0.0,0.0,0.0,0.0,401,154.6418016443276,3.341666666666667,46.04828125368085
7458165,2060,0.0,0.0,39.9096430744965,39.9096430744965,16.65787837436606,1.059545103080659,0.13915161176492,0.0,0.3257328990228013,0.0,0.0,0.0,307,100.22640374241091,2.558333333333333,38.78172304336375
7458165,2061,0.0,0.0,24.714879520208104,16.476586346805405,20.148027702120785,1.420295172488079,0.08721477186980679,0.0,0.4524714828897338,0.0,0.0,0.0,263,72.83062005332582,2.191666666666667,32.90677643478336
7458165,2062,0.0,0.0,33.839897216486605,33.839897216486605,20.407533074417064,1.397619856290409,0.11242680290986577,0.0,0.0,0.0,0.0,0.0,166,47.28146748686012,1.3833333333333333,34.126644199069055
7458165,2063,0.0,0.0,28.081321448879017,33.03684876338708,18.62648765238328,1.2996308749969723,0.13496320857937902,0.0,0.0,0.0,0.0,0.0,299,121.07692318502787,2.4916666666666667,48.80059511199391
7458165,2064,0.0049261083743842365,0.6666666666666714,45.64362299183291,45.64362299183291,22.33538971027436,1.5052508228686958,0.16904124931148812,0.0,0.0,0.0,0.0,0.0,203,74.4901429189433,1.6916666666666667,43.962480536750355
7458165,2065,0.0,0.0,27.335288486006093,31.16222887404695,18.52138315068767,1.2860894857907867,0.14127460145460824,0.0,0.013636363636363636,0.0,0.0,0.0,440,182.913745452501,3.6666666666666665,49.88738675524721
7458165,2066,0.0,0.0,55.4123382948581,46.176948579048414,27.29050277599013,1.5179584468492546,0.13115264494320658,0.0,1.0,0.0,0.0,0.0,35,10.827913393715711,0.2916666666666667,37.042442102041655
7458165,2067,0.0,0.0,68.09064274389327,60.52501577234957,18.66193851256258,1.335153796350992,0.15073820813009323,0.0,0.0,0.0,0.0,0.0,53,13.217675200763424,0.44166666666666665,29.36869018321028
7458165,2068,0.0,0.0,51.85934310232972,56.91879120987407,20.32452362473787,1.4667771799086808,0.14524333590569274,0.0,0.0,0.0,0.0,0.0,264,79.06000644685784,2.2,35.36231420531284
7734024,0,0.0,0.0,64.94423732919823,38.966542397518936,17.142406658628538,1.4069434923900503,0.11736407638622708,0.0,0.0,0.0,0.0,0.1527777777777778,72,15.397824982239198,0.6,25.46601314101039
7734024,2,0.0,0.0,7.621975857942806,8.710829551934635,33.306887555127574,1.2436490314880915,0.07465147931135607,0.0,0.0,0.0,0.0,0.014652014652014652,273,91.83970312245677,2.275,40.76493871681815
7734024,3,0.0,0.0,40.40818540194615,51.0419184024583,29.58913229753924,1.5262401527195781,0.16684168074635933,0.0,0.0,0.0,0.0,0.0,139,47.02017626132976,1.1583333333333334,41.061445134401204
7734024,4,0.0,0.0,11.388177880730652,10.048392247703516,31.231223958785446,1.202420631839037,0.07156973250701858,0.0,0.0,0.0,0.0,0.011594202898550725,345,149.27761208195406,2.875,52.16795575813149
7734024,5,0.0,0.0,25.981989777738836,23.816823962927266,29.150094131177582,1.3385942222464253,0.11404328183988623,0.0,0.0,0.0,0.0,0.05454545454545454,110,46.185839124151705,0.9166666666666666,51.33045231904772
7734024,6,0.0,0.0,64.26165208938883,76.41926194413807,23.796244517384938,1.5733517721767711,0.18264374381958756,0.0,0.0,0.0,0.0,0.02403846153846154,208,57.57710671448735,1.7333333333333334,32.61117225775319
7734024,8,0.0,0.0,10.533256749317008,9.216599655652383,27.21398752437456,1.286667917052769,0.07394389036258261,0.0,0.0,0.0,0.0,0.0,177,75.94991929270813,1.475,52.024347214636244
7734024,9,0.0,0.0,17.228938953753282,25.84340843062992,26.86465901234457,1.271500106416851,0.11334137682622232,0.0,0.0,0.0,0.0,0.057692307692307696,104,46.433503661914244,0.8666666666666667,54.25779049303425
7734024,10,0.0,0.0,10.70183308988185,11.674727007143836,33.43869318111647,1.0993421748963124,0.09456880058622853,0.0,0.0,0.0,0.0,0.00847457627118644,236,102.78612932582601,1.9666666666666666,52.66277694366524
7734024,11,0.0,0.0,25.479933645321594,14.155518691845332,29.90961735727664,1.4752189363778956,0.0937345922124873,0.0,0.0,0.0,0.0,0.0,112,35.321913020964644,0.9333333333333333,38.70351427231059
7734024,12,0.0,0.0,21.933770187036174,24.675491460415696,25.377756189876443,1.3632420191384658,0.1301586207295794,0.0,0.0,0.0,0.0,0.0,85,36.47343767980369,0.7083333333333334,52.56244163412422
7734024,13,0.0,0.0,93.73822097655196,0.0,4.337508682023618,0.47413931305783735,0.04250786862252959,0.0,0.0,0.0,0.0,0.0,55,1.0668007026185657,0.4583333333333333,1.955761485826002
7734024,15,0.0,0.0,30.44454144677814,22.141484688565917,29.55974785490832,1.459494953288383,0.0905510530451986,0.0,0.0,0.0,0.0,0.0,135,36.13127173956532,1.125,32.35193274057667
7734024,16,0.0,0.0,8.443303773691438,9.64949002707593,25.40380494622349,1.1112762287963858,0.08669607074544386,0.0,0.0,0.0,0.0,0.01744186046511628,172,82.905935728753,1.4333333333333333,58.03235455313057
7734024,17,0.0,0.0,55.334505992353755,42.565004609502886,16.837621175297258,1.3010192291131193,0.15003378238781426,0.0,0.0,0.0,0.0,0.0379746835443038,79,23.49347801495936,0.6583333333333333,35.1099482861328
7734024,18,0.0,0.0,32.78922349219757,32.78922349219757,12.48152732994984,1.1184402194735314,0.12686639836461183,0.0,0.0,0.0,0.0,0.0,25,6.099565000299303,0.20833333333333334,32.63489508863702
7734024,19,0.0,0.0,30.597124133350984,20.39808275556732,25.32281994253769,1.4985681598341396,0.12117516082420612,0.0,0.0,0.0,0.0,0.0,107,39.21937221191306,0.8916666666666667,44.090612160431675
7734024,20,0.0,0.0,15.458557436683348,22.32902740854261,22.734520942132235,1.1138197214441687,0.1123957371198317,0.0,0.0,0.0,0.0,0.0,119,58.22018022615027,0.9916666666666667,59.331815452368815
7734024,21,0.0,0.0,15.702861024446339,6.979049344198372,25.34689982949272,1.2388092398542416,0.07066325110312116,0.0,0.0,0.0,0.0,0.0,135,57.31439631280394,1.125,51.45293751378623
7734024,22,0.0,0.0,17.313833220167243,10.821145762604528,25.18890050166485,1.2400658418354906,0.09549820389628108,0.0,0.0,0.0,0.0,0.057692307692307696,104,46.20582801202889,0.8666666666666667,53.8955170985128
7734024,23,0.0,0.0,11.655132042045764,9.712610035038136,27.98541411731797,1.0807240664545512,0.08549852127141276,0.0,0.0,0.0,0.0,0.00904977375565611,221,102.95893651577802,1.8416666666666666,56.033736461417256
7734024,25,0.0,0.0,24.948737539767865,24.948737539767865,29.589969474461192,1.4990787730561739,0.09948828050193734,0.0,0.0,0.0,0.0,0.0,125,36.07396961731692,1.0416666666666667,34.93920693393956
7734024,26,0.0,0.0,32.139549519734,34.9342929562326,32.29811211933764,1.323129793152364,0.16781601036880373,0.0,0.0,0.0,0.0,0.0,188,71.56291965410958,1.5666666666666667,45.89765559058153
7734024,27,0.002352941176470588,0.8125,16.250277719610516,15.726075212526307,27.93915085569618,1.2168143006673868,0.10590874348089031,0.0,0.0,0.0,0.0,0.009411764705882352,425,190.76597049532148,3.5416666666666665,53.97487974976254
7734024,28,0.0,0.0,23.812507290184254,21.647733900167506,27.868700897188145,1.3134976205979816,0.14951924399669939,0.0,0.0,0.0,0.0,0.058823529411764705,102,46.194211579451384,0.85,54.20523259830767
7734024,29,0.0,0.0,13.262686004154245,13.262686004154245,22.929939050193845,0.9321070673304824,0.09681991679668774,0.0,0.0,0.0,0.06321839080459771,0.011494252873563218,174,90.47940964779882,1.45,62.68543748701263
7734024,30,0.0,0.0,9.869074687786087,13.352277518769412,30.20694968614566,1.1556734518448024,0.08581451103417177,0.0,0.0,0.0,0.030456852791878174,0.01015228426395939,394,172.2552573347034,3.283333333333333,52.57718032134851
7734024,31,0.0,0.0,35.153592848816736,32.44947032198468,29.37182811837539,1.417283767072505,0.18144910232325565,0.0,0.0,0.0,0.0,0.0,91,36.980572813448795,0.7583333333333333,48.445177979542414
7734024,32,0.0,0.0,36.03992488847127,24.95071723048011,30.112408258506868,1.4958872925287707,0.11636571756064922,0.0,0.0,0.0,0.0,0.0,107,36.07110736281956,0.8916666666666667,41.38868037083279
7734024,33,0.0,0.0,9.6567951603576,14.485192740536402,23.785965098115973,1.0131249135760731,0.10220389650814637,0.0,0.0,0.0,0.0,0.012195121951219513,164,82.84321938235824,1.3666666666666667,61.48905656599167
7734024,34,0.002364066193853428,0.2666666666666657,3.1818526310293103,4.375047367665302,17.546021768906975,0.5214704055673417,0.06362129906736602,0.0,0.02127659574468085,0.0,0.0,0.016548463356973995,423,251.42584926731968,3.525,71.43438782107386
7734024,35,0.0,0.0,14.243128065336691,17.29522693648027,34.927879289078255,1.235644504496519,0.09080213888394532,0.0,0.0,0.0,0.0,0.0,264,98.29301495976584,2.2,44.71806360894218
7734024,38,0.0,0.0,2.2820140882326494,2.6623497696047576,15.773921231703756,0.4062519884941142,0.053717371652377104,0.0,0.0,0.0,0.0,0.0,439,262.9256335856725,3.658333333333333,71.95350236548927
7734024,39,0.0,0.0,12.589513489644213,11.84895387260632,27.727351819525698,1.173219575676094,0.08577729826602298,0.0,0.0,0.0,0.0,0.006920415224913495,289,135.0330178682737,2.408333333333333,56.31961715486259
7734024,40,0.0,0.0,72.16349146101606,77.71452926570961,17.781950757962967,1.2640919637361732,0.18342143893965981,0.0,0.0,0.0,0.0,0.014084507042253521,71,18.01464942563487,0.5916666666666667,30.0374464579927
7734024,41,0.0,0.0,82.54959887500327,92.86829873437867,18.189021059758804,1.319511231778426,0.14530746929591656,0.0,0.0,0.0,0.0,0.0,58,9.691143396243042,0.48333333333333334,20.4489394748601
7734024,42,0.0,0.0,165.3099038946253,82.65495194731265,11.957684766582856,1.060944240790747,0.11652753466339666,0.0,0.0,0.0,0.0,0.0,14,1.2098488674186603,0.11666666666666667,12.807635759018249
7734024,43,0.0,0.0,17.271144839848905,15.544030355864013,24.92598456249444,1.2560729737395804,0.11073864979716282,0.0,0.0,0.0,0.0,0.0,128,57.900041327471634,1.0666666666666667,54.70166880310619
7734024,44,0.0,0.0,25.830663414386056,21.525552845321716,29.805905395359805,1.3906003067970854,0.1245131996587187,0.0,0.0,0.0,0.0,0.05172413793103448,116,46.45641425266977,0.9666666666666667,49.11037361933508
7734024,45,0.0,0.0,10.620155169793675,7.723749214395399,24.466327197959668,0.944754734669581,0.09037311229136395,0.0,0.0,0.0,0.0,0.009900990099009901,202,103.57664105781333,1.6833333333333333,62.32493545491768
7734024,46,0.0,0.0,0.0,67.95483395201863,3.2654664830914055,0.3662432646929176,0.03281317894620882,0.0,0.0,0.0,0.0,0.0,117,1.4715656588993762,0.975,1.1698018243638315
7734024,47,0.0,0.0,27.735118602003222,30.508630462203545,29.709139631829082,1.390092079689011,0.10163775729197916,0.0,0.0,0.0,0.0,0.0,154,36.05537132723035,1.2833333333333334,28.436902839455477
7734024,48,0.006097560975609756,0.6666666666666714,13.264869142022123,13.264869142022123,23.521478557842656,1.0501328340766183,0.1117045883936772,0.0,0.0,0.0,0.0,0.018292682926829267,164,82.92580863201141,1.3666666666666667,60.5881493928768
7734024,49,0.0,0.0,41.67429109987344,46.304767888748266,25.023040305428875,1.5772868505682034,0.11986868963033194,0.0,0.0,0.0,0.0,0.024096385542168676,83,21.59604821694815,0.6916666666666667,31.805154509312423
7734024,50,0.0,0.0,11.009588844952008,5.504794422476004,29.426035416971786,1.390985434010504,0.0723302477946203,0.0,0.0,0.0,0.0,0.0,149,54.49794796606825,1.2416666666666667,44.18325412991858
7734024,51,0.0,0.0,17.23544992932344,17.23544992932344,25.736010017957334,1.2195568123185865,0.10824354927398433,0.0,0.0,0.0,0.0,0.0594059405940594,101,46.41596263982203,0.8416666666666667,56.07963027944403
7734024,52,0.0,0.0,57.31199912245077,57.31199912245077,26.58639246953557,1.6023860314366707,0.16867892058689257,0.0,0.0,0.0,0.0,0.04411764705882353,68,20.938023771184856,0.5666666666666667,35.868039220044764
7734024,53,0.0,0.0,56.28769337262756,56.28769337262756,10.503204501913276,1.0262864017672835,0.06866920577718032,0.0,0.0,0.0,0.0,0.0,26,1.776587278821227,0.21666666666666667,9.00057836899942
7734024,54,0.0,0.0,17.467436415756872,6.986974566302749,27.378488239315875,1.5402038728782488,0.07292795115745075,0.0,0.0,0.0,0.0,0.0,240,57.249385439178056,2.0,27.84039858034871
7734024,55,0.0,0.0,17.29260764088346,19.454183595993896,27.12150976913691,1.2310836788206476,0.11048088548931816,0.0,0.0,0.0,0.0,0.050505050505050504,99,46.262542735811984,0.825,57.066949440618664
7734024,56,0.0,0.0,10.75992904745193,14.346572063269239,33.05819401686532,1.2403921338875952,0.09650860995606063,0.0,0.0,0.0,0.0,0.05517241379310345,145,55.762449487720986,1.2083333333333333,46.391131472889555
7734024,57,0.0,0.0,7.901630739388119,13.169384565646864,30.969597728456066,1.1634057369963202,0.09109264083025373,0.0,0.0,0.0,0.0,0.0,178,75.93369265019115,1.4833333333333334,51.453313645777875
7734024,58,0.0,0.0,32.64496308433354,32.64496308433354,27.2035307702603,1.471356567786829,0.14841427589437176,0.0,0.0,0.0,0.0,0.0,111,42.885635875381524,0.925,47.261869484781684
7734024,59,0.006993006993006993,1.0,42.71455536608038,33.222431951395855,27.95493372075991,1.6040117591832945,0.11879396415059773,0.0,0.0,0.0,0.0,0.0,143,42.14020219977239,1.1916666666666667,35.24039517191708
7734024,60,0.0,0.0,10.82453237614111,15.154345326597554,23.316740636354627,1.1276348469382136,0.09216212649350745,0.0,0.0,0.0,0.0,0.06315789473684211,95,46.191371841805825,0.7916666666666666,59.87155377932975
7734024,61,0.0,0.0,7.683790777878177,9.604738472347723,25.208926811282716,1.0110806149362428,0.06930391071126965,0.0,0.0,0.0,0.0,0.014354066985645933,209,104.11527631689552,1.7416666666666667,60.16097941059117
7734024,63,0.0,0.0,67.24969056656464,0.0,9.591401691906237,0.8158498651845185,0.0640538226285248,0.0,0.0,0.0,0.0,0.0,22,1.486995689608693,0.18333333333333332,6.639781144781145
7734024,64,0.0,0.0,19.926639267306605,14.233313762361863,29.879553292275542,1.4937559464836767,0.0884443393057198,0.0,0.0,0.0,0.0,0.0,113,35.12885392312398,0.9416666666666667,37.92210191083179
7734024,67,0.0,0.0,13.224017019231743,15.628383750001152,27.758528758326833,1.1079880598640712,0.1083200254117332,0.0,0.0,0.0,0.0,0.011695906432748537,171,83.18198610908209,1.425,58.67321294008577
7734024,68,0.0,0.0,46.448728791653764,42.57800139234928,31.259569731834947,1.4679510883252735,0.17665987467167324,0.0,0.0,0.0,0.0,0.06986899563318777,229,77.50481215853799,1.9083333333333334,40.321417704680435
7734024,70,0.0,0.0,64.61612691320295,68.92386870741647,21.401943652767144,1.471543214946967,0.1832232036216445,0.0,0.0,0.0,0.0,0.0,276,92.8560761318863,2.3,39.559016312708955
7734024,72,0.0,0.0,10.86456996834005,15.693267732046737,22.49291303896572,0.9729812695940088,0.10038173813506303,0.0,0.0,0.0,0.0,0.01282051282051282,156,82.83806930441327,1.3,64.45195773306216
7734024,73,0.0,0.0,27.25853631477554,21.80682905182043,31.8731144422928,1.4141758281702956,0.10217025009105944,0.0,0.0,0.0,0.0,0.0625,112,36.68575555386472,0.9333333333333333,40.3475862272557
7734024,74,0.0,0.0,100.87398876377787,100.87398876377787,21.406291968647768,1.492565916548246,0.14127779895054424,0.0,0.0,0.0,0.0,0.0,52,8.922022525624314,0.43333333333333335,20.59545027800033
7734024,75,0.0,0.0,15.198878110606737,14.475122010101654,29.07560236298208,1.38735203372204,0.09188306606584534,0.0,0.0,0.0,0.0,0.0,347,138.16809271827026,2.8916666666666666,48.227217698447355
7734024,76,0.0,0.0,60.35114095683751,80.46818794245002,19.00435757206351,1.2265958411950273,0.1207889991123677,0.0,0.0,0.0,0.0,0.0,63,9.941817014347974,0.525,18.507432174870747
7734024,77,0.004672897196261682,1.90625,14.689798698283878,17.627758437940656,26.275040211518863,1.2708883659056374,0.11610372733900337,0.0,0.0,0.0,0.0,0.0,214,102.11167837005391,1.7833333333333334,57.70153603297354
7734024,78,0.0,0.0,19.48026942069757,19.48026942069757,24.247089992227274,1.1874474203204732,0.10956538461465244,0.0,0.0,0.0,0.0,0.0625,96,46.200593049486265,0.8,59.28854399729891
7734024,79,0.0,0.0,25.820658040059495,18.44332717147107,25.285152156549405,1.5652986978852748,0.0913193046635475,0.0,0.0,0.0,0.0,0.19101123595505617,89,27.110075928893213,0.7416666666666667,36.781785887510296
7734024,80,0.0,0.0,12.689441194127149,14.275621343393045,30.87005932406252,1.2516463213425817,0.083951028953512,0.0,0.0,0.0,0.0,0.0,161,63.044541344362045,1.3416666666666666,47.149970269434924
7734024,81,0.0,0.0,9.981566588981847,11.22926241260458,31.991253951608584,1.0320819853569898,0.10127560634988839,0.0,0.0,0.0,0.0,0.01098901098901099,364,160.29547924532807,3.033333333333333,53.27607383469999
7734024,83,0.0,0.0,17.74837349918566,17.226362513915493,26.37891268295418,1.3333588536235206,0.10539156688227579,0.0,0.0,0.0,0.0,0.006493506493506494,462,191.56684978237587,3.85,49.6145013076556
7734024,84,0.0,0.0,15.182614531616407,26.027339197056698,27.560583167100265,1.1992832133646365,0.1180115559905211,0.0,0.27722772277227725,0.0,0.0,0.0594059405940594,101,46.105366012047135,0.8416666666666667,57.00445755831485
7734024,85,0.0,0.0,8.659330235470557,7.697182431529384,27.103261907977597,0.9536829393703022,0.09547568624446177,0.0,0.0,0.0,0.0,0.014634146341463415,205,103.93413526526547,1.7083333333333333,60.98459021854754
7734024,86,0.0,0.0,62.67715528813874,62.67715528813874,6.8921534353552465,0.6128694524619495,0.04989635703561242,0.0,0.0,0.0,0.0,0.0,60,1.5954776431744722,0.5,2.9583872584687523
7734024,87,0.0,0.0,36.09580313694188,38.8724033782451,28.544508791780085,1.4991916874657192,0.13590821031660147,0.0,0.0,0.0,0.0,0.0,100,36.015267344738156,0.8333333333333334,43.485455071018556
7734024,89,0.0,0.0,20.502606322554144,18.638733020503768,21.13963577899669,0.9451496781619534,0.16208424783615982,0.0,0.0,0.0,0.0,0.0,104,53.651715430439275,0.8666666666666667,64.83127875668106
7734024,91,0.0,0.0,26.062355717185152,24.057559123555528,30.049776533339013,1.4145569987171855,0.11925271754088071,0.0,0.0,0.0,0.0,0.0,131,49.88037206256064,1.0916666666666666,45.976580844561035
7734024,92,0.0,0.0,12.047270186649792,14.45672422397975,22.53886237005619,1.0191836150283207,0.09707524841902074,0.0,0.0,0.0,0.0,0.012269938650306749,163,83.00635617089024,1.3583333333333334,61.86121293227022
7734024,93,0.0,0.0,13.429083025489557,12.309992773365428,23.45693980264741,1.0421515984267342,0.0951431373505265,0.0,0.0,0.0,0.0670391061452514,0.01675977653631285,179,89.35829778714574,1.4916666666666667,60.51889073970946
7734024,94,0.0,0.0,61.6333164089771,66.76942610972519,21.4201670700245,1.5106587438666486,0.1468917820900141,0.0,0.0,0.0,0.0,0.0,150,38.93997824284581,1.25,30.133351954001082
7734024,95,0.0,0.0,19.077180250456326,21.938757288024778,27.952461804131833,1.3149317501813713,0.13606773757536206,0.0,0.0,0.0,0.0,0.008583690987124463,233,104.83729637938289,1.9416666666666667,53.94836830492501
8615403,0,0.0,0.0,64.35453663865248,34.65244280542825,13.512519512511307,1.188417571060228,0.08361749544630433,0.0,0.0,0.0,0.0,0.0,146,20.200596071407297,1.2166666666666666,15.796490135675432
8615403,1000,0.0,0.0,53.840657300817576,46.41435974208411,19.140888885343067,1.3215428238032327,0.1113183530610105,0.0,0.0,0.02358490566037736,0.0,0.0,212,53.862641085475076,1.7666666666666666,29.84091924992492
8615403,2000,0.0,0.0,46.89992091026088,41.688818586898556,19.476454304828064,1.2837789460635078,0.11519432857436676,0.0,0.0,0.0,0.0,0.0,178,38.37959563821336,1.4833333333333334,25.344209409504355
8615403,3000,0.0,0.0,71.91901753275516,77.9122689938181,18.982853430991412,1.2709619360136903,0.1610984772096982,0.0,0.0,0.0,0.0,0.0,280,66.74173486607854,2.3333333333333335,28.227007689665907
8615403,3001,0.0,0.0,37.14873847585077,37.14873847585077,17.78064634245139,1.207052742907429,0.12837468602304913,0.0,0.0,0.0,0.0,0.0,213,56.529510453366925,1.775,30.042917676179353
8615403,6000,0.0,0.0,68.00016039035337,68.00016039035337,11.858687784069918,0.9862110937342352,0.08449605099622752,0.0,0.0,0.0,0.0,0.0,158,16.176432433180672,1.3166666666666667,11.66548523206751
8615403,8000,0.0,0.0,3.532546552974574,2.826037242379659,28.27624570377462,0.9304111488070164,0.0505732068627952,0.0,0.0,0.0,0.03934426229508197,0.0,305,141.54095140769653,2.5416666666666665,55.69608483282769
8615403,8001,0.0,0.0,6.726323576999696,13.452647153999392,24.066021238713763,1.104433613537109,0.06891887892688635,0.0,0.7391304347826086,0.0,0.0,0.0,161,74.33481221595156,1.3416666666666666,55.577305569073935
8615403,11000,0.0,0.0,63.576606550929895,48.90508196225376,18.265964287095812,1.310369960202622,0.11258226482739482,0.0,0.0,0.0,0.0,0.0,110,20.447772703291378,0.9166666666666666,21.481417972831768
8615403,12000,0.0,0.0,20.839864211795582,11.908493835311761,28.279261597796342,1.4715220812712209,0.11279331029967155,0.0,0.0,0.03389830508474576,0.0,0.0,177,67.17894060017845,1.475,44.49618558025168
8615403,14000,0.0,0.0,17.26156696722026,15.823103053285237,30.958785196300422,1.379493597704669,0.09666422974155524,0.0,0.0,0.0,0.0,0.0,180,69.51860177461303,1.5,46.392393484859554
8615403,15000,0.0,0.0,51.17146733345208,37.21561260614697,14.51940608005363,1.2872057256342821,0.10107110028112755,0.0,0.0,0.0,0.0,0.0,117,21.49635445925355,0.975,21.260943204059913
8615403,15001,0.0,0.0,19.257805127198537,20.739174752367656,27.677308912083962,1.4629636053940613,0.11592857555041944,0.0,0.0,0.03409090909090909,0.0,0.0,176,67.50509683805866,1.4666666666666666,44.34759197254504
8615403,17000,0.0,0.0,22.561116869234706,26.321303014107155,27.848896157092906,1.4560941260201499,0.11711765284314245,0.0,0.7663551401869159,0.03271028037383177,0.0,0.0,214,79.7832842422157,1.7833333333333334,44.423281362510146
8615403,19000,0.0,0.0,65.51991119224635,55.43992485497768,16.98626626265742,1.2909287861569243,0.1275932121018371,0.0,0.0,0.0,0.0,0.0,92,19.841296734752632,0.7666666666666667,26.006666666666664
8615403,20000,0.0,0.0,55.70027334731326,43.82972328968912,16.336755993933078,1.267229930671976,0.11444206626848935,0.0,0.0,0.011990407673860911,0.0,0.0,417,109.51472288051595,3.475,31.18258418314145
8615403,21000,0.0,0.0,52.73287364263963,56.63901243098331,17.426464574936865,1.1326680853813442,0.1474752415120604,0.0,0.0,0.0058309037900874635,0.0,0.0,343,102.40291542984636,2.8583333333333334,35.83134283497408
8615403,21001,0.0,0.0,14.727326267523932,16.36369585280437,27.774290551396874,1.2954571452311021,0.08403976956590582,0.0,0.24203821656050956,0.0,0.0,0.0,157,61.11088894558148,1.3083333333333333,46.498315659327666
8615403,22000,0.0,0.0,33.71677533573184,33.71677533573184,8.065736574814848,0.9426749615639384,0.09019961573094205,0.0,1.0,0.0,0.0,0.0,19,2.9658826801869025,0.15833333333333333,18.602280701754385
8615403,23000,0.0,0.0,0.0,0.0,5.703723588830175,0.6730116670092565,0.0574861061191163,0.0,0.0,0.0,0.0,0.0,20,1.017209521594522,0.16666666666666666,4.715
8615403,24000,0.0,0.0,78.79252178645153,78.79252178645153,12.430956858934856,1.1851613437414064,0.10748456994940414,0.0,0.0,0.0,0.0,0.0,68,7.614935864423249,0.5666666666666667,13.273079322638146
8615403,24001,0.0,0.0,132.4618399144056,117.74385770169387,15.94330317235972,1.3381309530080738,0.18089909026708864,0.0,0.0,0.0,0.0,0.0,37,6.794409624549708,0.30833333333333335,20.788828828828827
8615403,24002,0.0,0.0,28.505317163897303,25.832943679781934,25.455629865543465,1.3858181918197898,0.1288008900880471,0.0,0.0,0.0,0.0,0.0,314,112.25975777083723,2.6166666666666667,42.69528825839908
8615403,25000,0.0,0.0,77.66242014072331,81.74991593760348,19.088024069663128,1.325904274604284,0.1666138923387031,0.0,0.0,0.009615384615384616,0.0,0.0,312,73.39457088346813,2.6,27.661238298124424
8615403,25001,0.0,0.0,52.50094992213411,55.852074385249054,18.721827662108947,1.1373366674373304,0.1658002686890049,0.0,0.0,0.013245033112582781,0.0,0.0,302,89.52218973124725,2.5166666666666666,34.96895946684777
8615403,27000,0.0,0.0,49.968828658853184,39.97506292708255,15.468876638208588,1.3534503588609215,0.10528997613422014,0.0,0.0,0.0,0.0,0.0,101,20.012476314527856,0.8416666666666667,23.55452205220522
8615403,28000,0.0,0.0,22.136563786520178,20.660792867418834,29.715926035004657,1.4509091720924001,0.1167060699970393,0.0,0.0,0.03076923076923077,0.0,0.0,195,67.76119430574897,1.625,40.03046512956051
8615403,29000,0.0,0.0,22.508810976458545,27.510768971227108,28.238794394834873,1.5451169957246995,0.09673740357644882,0.0,0.0,0.08148148148148149,0.0,0.0,270,79.96868434687995,2.25,35.39417364279867
8615403,30000,0.0,0.0,58.670757944416906,48.89229828701409,19.599528172412764,1.3151588068190638,0.10852676851912739,0.0,0.0,0.0,0.0,0.0,123,20.45311910128803,1.025,19.672164050088774
8615403,31000,0.0,0.0,6.224699256930194,4.149799504620129,20.794713883841016,0.8779009406072528,0.0817797648741584,0.0,0.0,0.022388059701492536,0.04477611940298507,0.0,268,144.58529847815473,2.2333333333333334,64.21668562855929
8615403,32000,0.0,0.0,55.596812702497346,18.532270900832447,18.557060346813493,1.3421257227487469,0.07583777181609858,0.0,0.0,0.0,0.0,0.0,32,5.395992781192731,0.26666666666666666,20.015416666666667
8615403,33000,0.0,0.0,7.658098463373508,6.126478770698806,25.350889463889384,1.287804101366385,0.06807480500834542,0.0,0.0,0.0,0.0,0.0,165,65.2903592701709,1.375,47.25322484586121
8615403,34000,0.0,0.0,61.51680716011695,46.13760537008771,11.889984677637356,0.8672294713377187,0.07455664306303056,0.0,0.0,0.0,0.0,0.0,78,6.5022880488396195,0.65,9.362820512820512
8615403,37000,0.0,0.0,8.966328461858936,11.955104615811916,19.072227454521865,0.9794459141600378,0.08539967800807904,0.0,0.0,0.0,0.0,0.0,138,66.9170221180594,1.15,58.234700551556394
8615403,38000,0.0,0.0,10.003227443835673,9.378025728595944,28.190064218732214,1.2227610412104,0.07175019531689995,0.0,0.0,0.01876675603217158,0.032171581769437,0.0,373,159.94837755948197,3.1083333333333334,51.213325793855596
8615403,39001,0.0,0.0,69.65914932381598,79.61045637007541,18.15277565004495,1.3600154020535176,0.1420627489765745,0.0,0.0,0.0,0.0,0.0,105,20.09786242855179,0.875,22.405083900226753
8615403,40000,0.0,0.0,16.33265727416885,11.878296199395527,29.17097794022786,1.4875673897670476,0.1113120411454429,0.0,0.0,0.03932584269662921,0.0,0.0,178,67.34972647345762,1.4833333333333334,44.273415588147664
8615403,41000,0.0,0.0,23.741739554315743,23.741739554315743,28.276678133580006,1.48389868104613,0.09970899593649817,0.0,0.0,0.07987220447284345,0.0,0.0,313,80.02783434015981,2.6083333333333334,29.621320253144372
8615403,43000,0.0,0.0,92.88711623301768,66.3479401664412,12.124333548659896,1.219468339583212,0.10221988983695603,0.0,0.0,0.0,0.0,0.0,92,15.072057964292313,0.7666666666666667,18.92536231884058
8615403,44001,0.0,0.0,200.47053964667037,133.6470264311136,9.06670377835542,0.7038433284777279,0.09119399563965547,0.0,0.0,0.0,0.0,0.0,25,1.4964792359453434,0.20833333333333334,4.958133333333333
8615403,45000,0.0,0.0,55.05163726914203,65.16316248184158,18.543493150891287,1.1695297936314586,0.16491779396919573,0.0,0.0,0.013605442176870748,0.0,0.0,294,89.00734370613507,2.45,36.179702594767164
8615403,45001,0.0,0.0,53.62136016827116,61.420830738201516,19.55650410760169,1.280084826228024,0.14582965271638865,0.0,0.0,0.009615384615384616,0.0,0.0,416,102.5710646417817,3.466666666666667,29.269288949370942
8615403,46000,0.0,0.0,62.21807037115483,62.21807037115483,15.64438062620875,1.305982055554666,0.1076117114532423,0.0,0.0,0.0,0.0,0.0,136,22.501501439187344,1.1333333333333333,19.076147734956052
8615403,47000,0.0,0.0,60.77159001539339,0.0,10.087628209590477,0.8599672810355049,0.06647772411262959,0.0,0.0,0.0,0.0,0.0,22,1.6455057367212225,0.18333333333333332,7.426025641025641
8615403,48000,0.0,0.0,57.36503379423852,63.738926438042796,18.64408863025275,1.2698319703455665,0.11101003890332768,0.0,0.0,0.0,0.0,0.0,109,15.688999735068435,0.9083333333333333,16.961084236864057
8615403,49000,0.0,0.0,26.37281749123253,26.37281749123253,6.444317967684978,0.903444881789497,0.06662571134243142,0.0,0.0,0.0,0.0,0.0,51,7.583565922241288,0.425,17.8525
8615403,50000,0.0,0.0,33.44159152179316,26.753273217434526,11.065646698720833,1.0564721954548126,0.07465125975300853,0.0,0.0,0.0,0.0,0.0,78,14.951441520782911,0.65,22.822970395144313
8615403,50001,0.0,0.0,91.15995020640433,79.76495643060379,12.417631769637003,0.8679775245148171,0.08697115499567927,0.0,0.0,0.0,0.0,0.0,112,8.775783643898887,0.9333333333333333,8.586607142857144
8615403,51000,0.0,0.0,4.655211216433972,1.8620844865735886,19.757801781718197,0.8555897336846274,0.05300190479424505,0.0,0.0,0.014634146341463415,0.03170731707317073,0.0,410,214.81302426617484,3.4166666666666665,63.167262816335324
8615403,51001,0.0,0.0,15.682941463847841,15.682941463847841,11.301039559287,0.958611408362744,0.047819552203217305,0.0,0.0,0.0,0.0,0.0,76,6.376354858590718,0.6333333333333333,9.717926761347814
8615403,53000,0.0,0.0,3.7000382835269083,0.0,16.279538753783687,0.7703882212103655,0.050654680310001886,0.0,0.0,0.0,0.06511627906976744,0.0,215,108.10698953598842,1.7916666666666667,60.315910163168766
8615403,53001,0.0,0.0,11.008848672809817,11.85568318610288,26.947838114919236,1.2109960717212116,0.07383760814766016,0.0,0.0,0.0,0.0,0.0,294,118.08682621015606,2.45,47.81340328995338
8615403,55000,0.0,0.0,38.0934708396968,31.744559033080673,12.896475929996678,1.2973008166203326,0.08059407124769195,0.0,0.0,0.0,0.0,0.0,83,15.7507306836096,0.6916666666666667,22.5785563305855
8615403,55001,0.0,0.0,121.33170175197552,84.93219122638286,14.252896342869876,1.0182596710739635,0.09903617473393089,0.0,0.0,0.0,0.0,0.0,89,8.241869070988432,0.7416666666666667,10.788488253319715
8615403,56000,0.0,0.0,6.773880831366506,7.225472886790942,24.190999553246744,0.9966751343689676,0.0683632179910948,0.0,0.0,0.013605442176870748,0.027210884353741496,0.0,441,221.43879370511488,3.675,60.280269021152
8615403,58000,0.0,0.0,3.1963548213155626,2.1309032142103757,16.26958684412871,0.474910044904771,0.0525562053967133,0.0,0.0,0.0,0.03669724770642202,0.0,327,187.7138282642384,2.725,68.98151312408868
8615403,58001,0.0,0.0,18.305642133016654,20.92073386630475,23.943291941409985,1.3621211890153484,0.08666738424996528,0.0,0.7633587786259542,0.0,0.0,0.0,131,38.23957635102333,1.0916666666666666,34.86306088468235
8615403,59000,0.0,0.0,78.27337686244888,48.920860539030556,17.687524829801244,1.2623128481585162,0.10494236719776752,0.0,0.0,0.0,0.0,0.0,145,20.441177628144327,1.2083333333333333,15.76464367816092
8615403,60000,0.0,0.0,16.404113546755692,13.421547447345567,23.6931650658146,1.2635841458167487,0.09705395382138783,0.0,0.0,0.03870967741935484,0.0,0.0,155,67.05635125389335,1.2916666666666667,52.120354647869846
8615403,62000,0.0,0.0,11.31686245644334,13.831720780097417,28.5972825719276,1.4774588016881143,0.0786377010322684,0.0,0.0,0.0,0.0,0.0,256,79.52734280052844,2.1333333333333333,37.30117081121672
8615403,63000,0.0,0.0,106.02742800891069,21.205485601782136,9.513392082929636,1.077199587358753,0.07821564419418414,0.0,0.0,0.0,0.0,0.0,44,4.71576090630039,0.36666666666666664,10.686812354312355
8615403,65000,0.0,0.0,80.71129392293692,40.35564696146846,7.863011565574334,0.9277602365142849,0.07636888870673415,0.0,0.0,0.0,0.0,0.0,43,4.955935911297862,0.35833333333333334,12.756821705426358
8615403,66000,0.0,0.0,25.869667461017524,27.437526095018587,24.56685034285469,1.5381529488153016,0.0990654262893216,0.0,0.0,0.0,0.0,0.0,421,127.56252104796874,3.5083333333333333,36.14484556063841
8615403,66001,0.0,0.0,26.751930070749285,26.751930070749285,22.28668302748197,1.4245078895377288,0.11855140640336262,0.0,0.0,0.0,0.0,0.0,353,130.83168170460044,2.941666666666667,44.33663078016166
8615403,66002,0.0,0.0,2.5996282163262623,1.2998141081631311,14.1511639247592,0.6052464814818517,0.052030552424466615,0.0,0.0,0.0,0.0,0.0,143,76.93407801313822,1.1916666666666667,64.29905555129301
8615403,67000,0.0,0.0,2.1001809877882374,1.2601085926729423,17.95479446833773,0.6284624759507997,0.08002314183198392,0.0,0.0,0.0,0.0,0.0,420,238.07471970621197,3.5,64.10338679419336
8615403,68000,0.0,0.0,14.284506690987733,10.38873213890017,24.419276019741726,1.3945730340958635,0.09484010335299772,0.0,0.0,0.0,0.0,0.0,191,77.00650948583358,1.5916666666666666,48.359352623053866
8615403,69000,0.0,0.0,7.413969235468796,8.473107697678625,23.87629831960712,1.1393961149169587,0.09104927162866895,0.0,0.0,0.0,0.0,0.0,398,188.832723138684,3.316666666666667,53.680875738119354
8615403,69001,0.0,0.0,1.5454961108280068,0.5151653702760023,10.687783961970403,0.35506151207503067,0.039269274359015956,0.0,0.0,0.0,0.0,0.0,343,194.11242635820906,2.8583333333333334,67.90357897005143
8615403,70000,0.0,0.0,1.6684549699502653,1.112303313300177,12.77789469593014,0.4631902342274333,0.04406670467678447,0.0,0.0,0.0,0.0,0.0,328,179.80707025550868,2.7333333333333334,65.61086969267619
8615403,70001,0.0,0.0,18.503885977607027,18.503885977607027,29.418340689897057,1.3821740481657825,0.08708471662732226,0.0,0.0,0.0,0.0,0.0,212,70.25551290000543,1.7666666666666666,39.67902571736748
8615403,71000,0.0,0.0,40.183609986464894,40.183609986464894,14.602261289854903,1.2800057213141032,0.10749481394353301,0.0,0.0,0.0,0.0,0.0,96,19.90861448907814,0.8,24.917346850198413
8615403,72000,0.0,0.0,30.060623381921932,18.03637402915316,16.70716798672761,1.3266238185130552,0.08225831525831477,0.0,0.0,0.0,0.0,0.0,75,16.63305493194441,0.625,26.02237218045113
8615403,73000,0.0,0.0,55.9714856775545,0.0,7.770459793141291,1.0128508708120405,0.06230536418976715,0.0,0.0,0.0,0.0,0.0,70,8.933120033304894,0.5833333333333334,14.81333333333333
8615403,74000,0.0,0.0,76.99267537256374,15.398535074512749,9.773743897074441,1.082890942373833,0.06902188619593591,0.0,0.5522388059701493,0.0,0.0,0.0,67,6.494124247280989,0.5583333333333333,11.044179104477612
8615403,76000,0.0,0.0,49.358779161394764,32.905852774263174,8.122196000445589,0.8434829412491558,0.0805126665254782,0.0,0.0,0.0,0.0,0.0,41,6.077946114085426,0.3416666666666667,18.10731707317073
8615403,77000,0.0,0.0,0.0,0.0,7.83118581641162,1.018219404966987,0.05595122619152551,0.0,0.0,0.0,0.0,0.0,38,5.0330510580259125,0.31666666666666665,16.039035087719302
8615403,79000,0.0,0.0,43.20700132290957,49.379430083325225,13.149626822217996,1.2661613788320136,0.09795085910058807,0.0,0.0,0.0,0.0,0.0,79,16.201078032898344,0.6583333333333333,24.243571251285324
8615403,79001,0.0,0.0,53.95450039611478,17.98483346537159,9.594444252806436,0.8035219042187065,0.06118439317804933,0.0,0.0,0.0,0.0,0.0,101,5.56024053225415,0.8416666666666667,5.661782178217821
8615403,80000,0.0,0.0,9.465221803042349,7.211597564222741,27.327088744533572,1.0903024466999223,0.0853955509940625,0.0,0.0,0.015086206896551725,0.02586206896551724,0.0,464,221.86484835727885,3.8666666666666667,56.850691519199515
8615403,83001,0.0,0.0,91.65966486160896,68.74474864620672,10.972918481533222,0.9510709314938509,0.07613093465211,0.0,0.0,0.0,0.0,0.0,53,4.363969698164774,0.44166666666666665,9.270817610062894
8615403,85000,0.0,0.0,6.2649238282564275,4.385446679779499,26.91815538857264,1.1888883355571145,0.06071018313005871,0.0,0.0,0.0,0.0,0.0,374,159.6188600872913,3.1166666666666667,51.03469523163904
8615403,85001,0.0,0.0,40.79398356151175,38.34634454782105,18.045019442363017,1.3312239783540611,0.12564722493434283,0.0,0.0,0.0,0.0,0.0,385,122.56709356321339,3.2083333333333335,38.12155756580023
8615403,85002,0.0,0.0,32.51840563945524,20.69353086147152,22.33086455743435,1.171974834873287,0.08807841950184177,0.0,0.0,0.0,0.0,0.0,141,33.826996692154786,1.175,28.13228801694759
8615403,87000,0.0,0.0,24.09862408653725,22.893692882210388,15.757401848956489,0.7688854093460942,0.11573724338434319,0.0,0.0,0.0,0.0,0.0,221,82.99229005017364,1.8416666666666666,44.618916836250996
8615403,87001,0.0,0.0,22.216436954910638,27.343307021428476,20.149887153017147,1.454852395814606,0.09747945442722339,0.0,0.0,0.0,0.0,0.0,187,58.51523368208928,1.5583333333333333,37.40728836351127
8615403,88000,0.0,0.0,73.1881701550424,63.429747467703415,17.508404862450465,1.3345857528641014,0.11193786537209215,0.0,0.0,0.0,0.0,0.0,122,20.495115492331454,1.0166666666666666,19.39703850788478
8615403,89000,0.0,0.0,44.01966724798332,14.673222415994442,14.075709215849562,1.3271589826573635,0.08343270819244275,0.0,0.0,0.0,0.0,0.0,114,20.44540670718568,0.95,20.89970760233918
8615403,90000,0.0,0.0,47.77177658345149,31.84785105563433,10.150715201359365,1.0874652669821203,0.06683866203893155,0.0,1.0,0.0,0.0,0.0,60,6.279858557823078,0.5,12.288257142857143
8615403,91000,0.0,0.0,69.8464078511793,59.86834958672511,17.12529432805182,1.2821892868128342,0.14844228611216717,0.0,0.0,0.0,0.0,0.0,88,20.04397997078045,0.7333333333333333,27.161660618792972
8615403,92000,0.0,0.0,16.38083798443323,13.40250380544537,27.63647819784851,1.4345416078332742,0.1044466807763118,0.0,0.0,0.03954802259887006,0.0,0.0,177,67.1516317446845,1.475,44.60541588115526
8615403,94000,0.0,0.0,19.99090574904649,18.74147413973109,25.993974942625616,1.5075330422923487,0.10484431490547617,0.0,0.0,0.02654867256637168,0.0,0.0,226,80.03639355241897,1.8833333333333333,41.46155448593747
8615403,95000,0.0,0.0,60.065429767872516,55.05997728721647,19.059340287802666,1.2584438512188436,0.12611247021806435,0.0,0.0,0.0,0.0,0.0,96,19.978213835104363,0.8,24.608832125603865
8615403,95001,0.0,0.0,16.25054831102388,14.773225737294437,29.73350576319191,1.4773252774217718,0.10487102040287863,0.0,0.0,0.030612244897959183,0.0,0.0,196,67.69002368084979,1.6333333333333333,40.06054797243573
8615403,96000,0.0,0.0,30.677566172987998,27.137846999181686,23.42399832792405,1.571352303182749,0.10713615242112648,0.0,0.0,0.02631578947368421,0.0,0.0,304,84.75248607855126,2.533333333333333,32.68026955202449
8615403,97000,0.0,0.0,54.93295294530364,59.926857758513066,16.984500582006863,1.3056264218068194,0.13580740069812539,0.0,0.0,0.0,0.0,0.0,89,20.024410504479203,0.7416666666666667,26.557136122949764
8615403,97001,0.0,0.0,14.824158631802522,16.306574494982772,28.390377110245883,1.4167371910382511,0.09110110382601312,0.0,0.0,0.03296703296703297,0.0,0.0,182,67.45745406789447,1.5166666666666666,44.48258058583097
8615403,99000,0.0,0.0,23.783381403459416,21.279867571516316,23.66136117224086,1.4798624375973128,0.11561240011671468,0.0,0.0,0.03587443946188341,0.0,0.0,223,79.88771519779081,1.8583333333333334,42.13558784590069
8615403,101000,0.0,0.0,43.35256995984168,48.16952217760186,19.13312687592043,1.2005656684693928,0.0978021676896192,0.0,0.0,0.0,0.0,0.0,144,20.760014938761124,1.2,16.799074074074074
8615403,102000,0.0,0.0,20.749342436777855,19.26724654843658,29.433043870555657,1.43678558353748,0.11815658247788069,0.0,0.0,0.0335195530726257,0.0,0.0,179,67.47201769240282,1.4916666666666667,44.05765545864545
8615403,104000,0.0,0.0,27.476561128564658,32.47229951557642,27.076576922937033,1.5528329835562307,0.12918593281111324,0.0,0.04149377593360996,0.024896265560165973,0.0,0.0,241,80.06824397369283,2.0083333333333333,38.592449643822086
8735778,1,0.0,0.0,65.73070218584506,68.96335967039482,25.61734565415735,1.4951397113157832,0.24539808193899246,0.0,0.0,0.0,0.0,0.0,254,92.80290331834641,2.1166666666666667,43.453969816272966
8735778,2,0.002857142857142857,0.5,75.61049781347637,76.55562903614484,22.763592810289264,1.5515985275927495,0.2026929831648354,0.0,0.0,0.0,0.0,0.0,350,105.80541368389359,2.9166666666666665,36.00371428571428
8735778,4,0.0,0.0,38.56813275013348,42.07432663650925,14.099122803310493,1.130353799124577,0.1244690072323688,0.0,0.0,0.0,0.0,0.0,116,28.520955554847106,0.9666666666666667,29.93706896551724
8735778,5,0.026455026455026454,0.6299999999999983,8.081554077961574,7.606168543963834,23.752488872520367,0.8371341486046207,0.1096823515653083,0.0,0.0,0.0,0.0,0.0,378,210.35558057278934,3.15,65.8984126984127
8735778,6,0.0,0.0,38.342020265089566,38.342020265089566,28.439015599874946,1.4731386035659249,0.16022648637078682,0.0,0.0,0.0,0.0,0.0,96,31.297255379435516,0.8,39.43645833333333
8735778,7,0.0,0.0,28.136002624821405,28.136002624821405,8.707267211996982,0.8880341216552644,0.05459541478490532,0.0,0.0,0.0,0.0,0.0,39,3.5541651503750087,0.325,11.312820512820513
8735778,8,0.0,0.0,72.32402471332992,53.03761812310862,20.43613687460592,1.4758372504982837,0.14570048172148467,0.0,0.0,0.0,0.0,0.0,94,20.73999623148098,0.7833333333333333,25.748936170212765
8735778,9,0.0031847133757961785,0.09999999999999432,43.528726204157905,45.86062225080923,25.097286340851934,1.4237367913895573,0.20026924022890608,0.0,0.0,0.0,0.0,0.0,314,128.65067481494742,2.6166666666666667,48.320700636942675
8735778,10,0.0,0.0,143.07998637322495,143.07998637322495,21.973555535168696,1.5021360860953803,0.24873594470335691,0.0,0.0,0.0,0.0,0.0,21,4.193458604580075,0.175,27.9
8735778,1000,0.002398081534772182,1.0,65.60002036143482,72.41560689249297,25.545991588214395,1.547924225558067,0.21727877792613992,0.0,0.0,0.0,0.02158273381294964,0.0,417,117.37801234779349,3.475,33.85419664268586
8735778,1001,0.013157894736842105,1.2999999999999972,51.555668570368496,51.555668570368496,25.185269872676702,1.4833626378788154,0.24888164954836392,0.0,0.0,0.0,0.0,0.0,76,31.034414728152637,0.6333333333333333,48.91842105263157
8735778,1003,0.0,0.0,0.0,0.0,5.712971277393798,0.4581441790615257,0.04819543872132564,0.0,0.0,0.0,0.0,0.0,35,3.654141444418925,0.2916666666666667,11.871428571428574
8735778,1004,0.06775067750677506,0.8119999999999998,14.684810754263003,18.073613236016005,28.182280040992314,1.3625072221845074,0.11648627944152479,0.0,0.0,0.0,0.0,0.0,369,177.05369469914478,3.075,57.80311653116531
8735778,1005,0.031746031746031744,0.649999999999995,8.58716466641393,12.880746999620893,17.803029791035254,0.9293149147541574,0.10773967975820146,0.0,0.0,0.0,0.0,0.0,126,69.87172405656976,1.05,67.25753968253969
8735778,1006,0.03202846975088968,0.6555555555555546,14.089921092870172,16.773715586750203,20.055685616014863,1.0655742782430488,0.1258645789297138,0.0,0.697508896797153,0.0,0.0,0.0,281,149.04270834154272,2.341666666666667,63.99804270462632
8735778,1007,0.0,0.0,0.0,0.0,4.445507237883674,0.362210557135449,0.04158185510252578,0.0,0.0,0.0,0.0,0.0,34,3.3562466341963395,0.2833333333333333,11.673529411764704
8735778,1008,0.0,0.0,26.432452426305147,26.432452426305147,26.998138390326282,1.5220453517628805,0.11001456513566987,0.0,0.0,0.0,0.0,0.0,135,34.049053999406226,1.125,30.424444444444447
8735778,1009,0.03225806451612903,0.5,9.344518030141336,15.574196716902225,17.131280151389454,1.1118968826567546,0.09750946076063137,0.0,0.0,0.0,0.0,0.0,62,32.10438452067094,0.5166666666666667,63.23870967741936
8735778,2000,0.056818181818181816,0.6399999999999977,0.892610122740046,0.0,5.282088299647081,0.2981263362049348,0.04638837644293124,0.0,0.0,0.0,0.0,0.0,176,112.03099477858252,1.4666666666666666,76.58011363636363
8735778,2001,0.012096774193548387,0.4333333333333371,17.49092496864249,18.74027675211695,33.042187698327716,1.3808323887606049,0.11065116308385273,0.0,0.0,0.0,0.0,0.0,248,80.04150738225123,2.066666666666667,38.62379032258064
8735778,2002,0.0,0.0,39.53302286588536,57.9817668699652,25.64510741903273,1.5616963041465737,0.17937715812337096,0.0,0.9672131147540983,0.0,0.0,0.0,122,37.94296239598744,1.0166666666666666,37.11639344262295
8735778,2003,0.0,0.0,36.31395204852503,43.23089529586313,16.912998240139355,1.172815457889248,0.16955009645862723,0.0,1.0,0.0,0.0,0.0,169,57.829012859681185,1.4083333333333334,40.695857988165685
8735778,2004,0.029885057471264367,0.5923076923076903,25.325906184251313,28.9438927820015,22.60900335454785,1.4268236286890303,0.14208246922958107,0.0,0.0,0.0,0.0367816091954023,0.0,435,193.47777585336792,3.625,53.437471264367815
8735778,2005,0.009433962264150943,1.2999999999999972,57.45563179570045,68.22856275739427,28.361232747571254,1.480094815293293,0.17188354302932551,0.0,0.0,0.0,0.0,0.0,106,27.847574728431272,0.8833333333333333,32.01698113207547
8735778,2006,0.11658031088082901,0.6044444444444439,18.693578143218087,18.693578143218087,25.029240469229904,1.4542381418363717,0.1339125613138208,0.0,0.0,0.0,0.04145077720207254,0.0,386,192.5795036359081,3.216666666666667,59.87564766839378
8735778,2007,0.0,0.0,0.0,0.0,7.397610583435302,0.6918538909574949,0.04874264779315076,0.0,0.0,0.0,0.0,0.0,59,3.8095718080323793,0.49166666666666664,7.610169491525425
8735778,2008,0.0,0.0,46.98984631574689,55.380890300701694,24.164941749360786,1.5590306103659666,0.1619866059087206,0.0,0.0,0.0,0.0,0.0,200,59.587341086103635,1.6666666666666667,35.540499999999994
8735778,2009,0.0,0.0,35.83201268975928,42.99841522771114,26.43959191744921,1.40980736661855,0.1608857951671966,0.0,0.0,0.0,0.0,0.0,170,55.81601059690392,1.4166666666666667,39.252941176470586
8735778,2010,0.0,0.0,0.0,0.0,5.636209164101045,0.6365141682948128,0.05398330032844449,0.0,0.0,0.0,0.0,0.0,42,3.2294887858793597,0.35,7.907142857142857
8735778,2011,0.07739938080495357,1.0439999999999998,14.452031548205719,11.824389448531953,25.166517282917976,1.5073109304614258,0.09834799973429718,0.0,0.0,0.0,0.0,0.0,323,152.22773301191273,2.691666666666667,56.64555008066977
8735778,2012,0.04,1.085714285714285,19.718466781370907,22.183275129042272,26.296569497691877,1.3625521479166354,0.12846632213917505,0.0,1.0,0.0,0.09142857142857143,0.0,175,81.1422113970649,1.4583333333333333,55.825714285714284
8735778,2013,0.024390243902439025,0.8500000000000014,25.520609662370113,28.710685870166376,30.566836224894523,1.6065873838061937,0.1336173640909637,0.0,0.0,0.0,0.0,0.0,82,31.34721351032582,0.6833333333333333,46.5329268292683
8735778,2014,0.021739130434782608,1.0749999999999993,13.670866955604657,15.949344781538768,27.462509877516812,1.255760996425183,0.13330362919152733,0.0,0.0,0.0,0.043478260869565216,0.0,368,175.55580109102516,3.066666666666667,57.55430287675711
8735778,2015,0.0,0.0,73.03621651031766,48.69081100687844,11.494335816365165,1.103432909638192,0.09214547718715978,0.0,0.0,0.0,0.0,0.0,32,4.107551216835276,0.26666666666666666,14.665625
8735778,2016,0.003355704697986577,0.5,12.09163346338293,10.74811863411816,20.28307464008267,1.087302702431456,0.10450566262116749,0.0,0.0,0.0,0.0,0.0,298,148.86326197787392,2.4833333333333334,60.04795739714035
8735778,4000,0.022792022792022793,0.8499999999999979,14.41013294621108,18.99517524727824,29.139990882144353,1.366879315321227,0.12463795912943794,0.0,0.0,0.0,0.0,0.0,351,152.67034719332383,2.925,52.23732193732194
8735778,4002,0.0,0.0,24.34218172953615,48.6843634590723,10.53310063141971,1.0201882737941292,0.08818014913609881,0.0,0.0,0.0,0.0,0.0,37,4.108095203260383,0.30833333333333335,12.402702702702703
8735778,4003,0.018648018648018648,0.375,14.683434087123617,15.573339183312928,23.294417684047776,1.0750083089388145,0.13791749517537819,0.0,0.0,0.0,0.0,0.0,429,224.74306626226337,3.575,61.854963663787196
8735778,4004,0.03636363636363636,0.65,5.8367403672316795,9.7279006120528,19.46075737698691,0.8921732090059764,0.08933819525439907,0.0,0.0,0.0,0.05818181818181818,0.0,275,154.19565431635996,2.2916666666666665,67.60363636363637
8735778,4005,0.0,0.0,55.94456517604601,74.59275356806134,21.384223156336542,1.5268781472745927,0.16972076361742147,0.0,0.0,0.0,0.0,0.0,16,5.362451188171038,0.13333333333333333,40.3
8735778,5000,0.03287671232876712,0.875,20.259343767855107,20.259343767855107,29.86873336704744,1.5008380460263215,0.13172966800411587,0.0,0.0,0.0,0.0,0.0,365,153.01581509854614,3.0416666666666665,50.172602739726024
8735778,5001,0.0,0.0,43.67416791397441,58.23222388529922,25.608966240851622,1.5672377079434754,0.17423599211492455,0.0,0.0,0.0,0.0,0.0,124,34.34524506464714,1.0333333333333334,32.79354838709678
8735778,5002,0.011029411764705883,0.8000000000000019,14.67587367443729,19.310360097943803,24.748896204109776,1.2029626671168228,0.10968248570330486,0.0,0.0,0.0,0.0,0.0,272,129.4641833357734,2.2666666666666666,57.44117647058823
8735778,5003,0.0,0.0,118.86633224298325,118.86633224298325,15.646817548891022,1.2395624573241897,0.21103784278630458,0.0,0.0,0.0,0.0,0.0,26,5.88896777406305,0.21666666666666667,26.26923076923077
8735778,5004,0.0,0.0,66.51200089077165,77.59733437256692,23.06485157880007,1.5084082262383893,0.23564876343384367,0.0,0.0,0.0,0.0,0.0,136,45.104642167158765,1.1333333333333333,40.2139705882353
8735778,5005,0.017543859649122806,0.5666666666666677,29.423844682967225,48.54934372689593,27.50533220080721,1.4968793634251805,0.17469395537368862,0.0,0.0,0.0,0.09941520467836257,0.0,171,67.9720825592093,1.425,48.21228070175438
8735778,5006,0.023178807947019868,0.5428571428571445,18.06788920768846,20.744613534753416,21.62913390217431,1.1794555792980024,0.14024985231996806,0.0,0.0,0.0,0.0,0.0,302,149.4363823556691,2.5166666666666666,59.36688741721853
8735778,5007,0.0,0.0,0.0,0.0,4.541731629233114,0.5043945074610344,0.04485269422942813,0.0,0.0,0.0,0.0,0.0,69,3.3347491780229226,0.575,2.2811594202898546
8735778,5008,0.009950248756218905,1.0,52.09588035541181,62.17895397258828,26.991444189853457,1.5991067254680364,0.17709073911056747,0.0,0.0,0.0,0.0,0.0,201,59.505664917282985,1.675,35.833830845771146
8735778,5009,0.004032258064516129,0.7999999999999972,42.67338546256356,52.52108980007822,27.613755989879873,1.5219132553140375,0.1703856895026961,0.0,0.0,0.0,0.0,0.0,248,60.92790557432861,2.066666666666667,28.818951612903227
8735778,5010,0.005763688760806916,0.6000000000000014,14.503598996849847,17.799871496133903,27.26926549070025,1.3498868103887536,0.11305911475260946,0.0,0.0,0.0,0.0,0.0,347,151.68648833147108,2.8916666666666666,52.58184438040345
8735778,5011,0.008264462809917356,0.5,22.002773641837,25.669902582143166,24.303134703087604,1.3517429824051328,0.11862823013564223,0.0,0.0,0.0,0.1322314049586777,0.0,121,54.53857861439203,1.0083333333333333,54.161983471074386
8735778,5012,0.0,0.0,19.7890535594319,32.9817559323865,20.562763081048036,1.462026481792642,0.144566552111065,0.0,0.0,0.0,0.0,0.0,43,15.159896308280665,0.35833333333333334,42.46976744186046
8735778,5013,0.05194805194805195,0.8687499999999986,9.905674916159427,9.905674916159427,24.006808034202734,1.1235827228175477,0.102485932920833,0.0,0.0,0.0,0.05194805194805195,0.0,308,161.52357245137046,2.566666666666667,62.778246753246755
8735778,5014,0.0,0.0,54.852031614539435,60.625929679227795,27.482692955551144,1.5079985717394158,0.1796513516390217,0.0,0.0,0.0,0.0,0.0,136,34.63864407706594,1.1333333333333333,30.281617647058823
8735778,5015,0.02608695652173913,0.7416666666666659,15.021782589578253,17.444650749187648,28.225014233781433,1.4037767910915828,0.11112643144513507,0.0,0.0,0.0,0.03260869565217391,0.0,460,206.36698617584204,3.8333333333333335,53.74326086956522
8735778,5016,0.029940119760479042,0.9599999999999966,13.391907493375497,18.261692036421127,21.98529686426924,1.2756218751538615,0.11161345469308204,0.0,0.6586826347305389,0.0,0.10179640718562874,0.0,167,82.13915758782916,1.3916666666666666,59.70179640718563
8735778,6000,0.04666666666666667,0.6714285714285698,20.753773611842117,23.431679884337875,24.038252792857747,1.3102381516107748,0.14617570823219347,0.0,0.14,0.0,0.0,0.0,300,149.37042573458245,2.5,59.66399999999999
8735778,6001,0.0,0.0,33.203234251593706,0.0,6.734176634756241,0.605797499372304,0.049495151595579316,0.0,0.0,0.0,0.0,0.0,34,3.011754796001542,0.2833333333333333,10.029411764705882
8735778,6003,0.04011461318051576,0.7142857142857143,14.144659520046106,14.144659520046106,24.279075857701695,1.2324349129224434,0.11532171252069773,0.0,0.0,0.0,0.0,0.0,349,176.74515222207702,2.908333333333333,61.20988057921963
8735778,6004,0.012578616352201259,0.7000000000000028,14.263391269834717,17.11606952380166,29.588739403124325,1.2373945381464404,0.11542822938714699,0.0,0.0,0.0,0.0,0.0,159,70.1095539680577,1.325,52.967924528301886
8735778,6005,0.006711409395973154,0.5,14.715566751829778,18.728903138692445,21.1856955037532,1.052707589289075,0.13128650648719525,0.0,0.0,0.0,0.0,0.0,298,149.50154738188695,2.4833333333333334,60.414093959731545
8735778,6006,0.0,0.0,0.0,0.0,6.651264031400395,0.6931471805599453,0.031244274664696235,0.0,0.0,0.0,0.0,0.0,62,3.6990092855278216,0.5166666666666667,6.606451612903227
8735778,6007,0.05463182897862233,0.8173913043478254,10.758882508584112,15.436657512316332,24.434372646994344,1.2475058634315885,0.11896742835189725,0.0,0.0,0.0,0.03800475059382423,0.0,421,213.77684886556906,3.5083333333333333,60.72209026128266
8735778,6008,0.0,0.0,90.54906781767778,90.54906781767778,9.108510959582057,0.6472884027442257,0.06532447526167351,0.0,0.0,0.0,0.0,0.0,55,2.2087471999458206,0.4583333333333333,4.289090909090909
8735778,6009,0.019704433497536946,0.3999999999999986,16.449188482871378,19.739026179445656,29.139289877496665,1.3401142691997816,0.12787268183668982,0.0,0.0,0.0,0.08374384236453201,0.0,203,91.18990894669105,1.6916666666666667,53.201477832512325
8735778,6010,0.0061162079510703364,0.19999999999999574,17.772988148965364,19.089505789629463,23.485183263435893,1.2153157535873191,0.13483584852949743,0.0,0.0,0.0,0.0,0.0,327,151.91592867613417,2.725,55.6434250764526
8735778,6011,0.0,0.0,0.0,0.0,5.367683772901732,0.6708198443868175,0.04136505521498959,0.0,0.0,0.0,0.0,0.0,38,2.7301015866270837,0.31666666666666665,4.318421052631579
8735778,6012,0.005917159763313609,0.6000000000000014,15.76485221144992,20.362934106456148,24.337608727183397,1.3187752772621189,0.11235456423446862,0.0,0.0,0.0,0.0,0.0,338,152.23739289207506,2.816666666666667,53.9224852071006
8735778,6013,0.0,0.0,38.62288195463422,45.060028947073256,18.45612017209223,1.346984571960196,0.1325104562263424,0.0,0.0,0.0,0.0,0.0,57,15.534832452553639,0.475,33.29298245614035
8735778,6014,0.0,0.0,136.1932016213858,102.14490121603936,15.242129049420349,1.2795606658544119,0.1965396066201659,0.0,0.0,0.0,0.0,0.0,35,5.874008324027677,0.2916666666666667,18.30857142857143
8735778,6015,0.0,0.0,177.12030808398254,159.40827727558428,17.370146118067467,1.350238724051185,0.21329203208088143,0.0,0.0,0.0,0.0,0.0,34,5.645879971741268,0.2833333333333333,21.61764705882353
8735778,6016,0.013123359580052493,0.7399999999999949,4.981786073900047,3.170227501572757,17.084368021665476,0.6300858417314088,0.06909705079156092,0.0,0.0,0.0,0.0,0.0,381,220.80434279644868,3.175,69.53910761154856
8735778,6017,0.0,0.0,33.157540256440384,33.157540256440384,20.334783618061646,1.4219608554336514,0.15202723509129024,0.0,0.0,0.0,0.0,0.0,55,21.11133680563156,0.4583333333333333,45.905454545454546
8735778,6018,0.0,0.0,0.0,0.0,5.455352174419061,0.6365141682948128,0.056545233919396615,0.0,0.0,0.0,0.0,0.0,42,2.0863856697831644,0.35,3.8357142857142854
8735778,6019,0.0,0.0,50.41595866080938,50.41595866080938,23.444989106475443,1.5441097263878074,0.14861658022535854,0.0,0.0,0.0,0.0,0.0,89,23.8019871460426,0.7416666666666667,32.38876404494382
8735778,6020,0.020876826722338204,0.55,4.744193798482069,5.10913178298069,17.939413277782943,0.6277777821763519,0.07940326814260601,0.0,0.47390396659707723,0.0,0.031315240083507306,0.0,479,274.01916009753694,3.9916666666666667,68.86638830897704
8735778,6021,0.0,0.0,29.36983150729402,29.36983150729402,12.41009893415663,1.0397207708399179,0.09812230325920157,0.0,1.0,0.0,0.0,0.0,12,3.4048543988127724,0.1,34.46666666666667
8735778,6022,0.0,0.0,37.915826169962614,25.277217446641743,19.195865911695662,1.1446842806426019,0.09265562393026269,0.0,0.0,0.0,0.0,0.0,134,15.824526605603214,1.1166666666666667,13.799253731343285
8735778,6023,0.0,0.0,26.631105902597916,39.94665885389688,17.02703732303421,1.3101191329219632,0.14128473691855536,0.0,0.0,0.0,0.0,0.0,40,15.020029639887362,0.3333333333333333,46.15
8735778,6024,0.03626943005181347,0.8285714285714282,14.995148930391256,17.137313063304294,25.938999121369005,1.2813929901780536,0.11315768715742475,0.0,0.0,0.0,0.08290155440414508,0.0,193,93.36352753139818,1.6083333333333334,57.87777307814317
8735778,6025,0.03435114503816794,0.533333333333333,1.8289194031380307,1.8289194031380307,8.14706231958092,0.3495724704898221,0.046173324099375294,0.0,0.0,0.0,0.0,0.0,262,164.0312850775517,2.183333333333333,75.17786259541984
8735778,6026,0.0,0.0,12.994468438429863,12.994468438429863,26.697247621347703,1.4095954789894927,0.06711871984570748,0.0,0.0,0.0,0.0,0.0,120,23.086746596942703,1.0,23.038333333333334
8735778,6027,0.00881057268722467,0.75,8.362192003691952,10.870849604799536,21.49317082988849,0.9355013100841654,0.08892361707387528,0.0,0.0,0.0,0.0,0.0,454,239.17173859640985,3.783333333333333,63.139207048458154
8735778,6028,0.0,0.0,39.72470084258233,42.20749464524373,25.43603781123578,1.4395056970264983,0.13975686098046813,0.0,0.0,0.0,0.1440677966101695,0.0,118,40.27720702895521,0.9833333333333333,41.3135593220339
8735778,6030,0.05185185185185185,0.6809523809523801,4.370112035258561,5.244134442310274,22.387688679719886,0.8637895010788459,0.06513117644518408,0.0,0.0,0.0,0.03950617283950617,0.0,405,228.82708542295626,3.375,67.91827160493827
8735778,6031,0.0,0.0,47.990855360450155,43.62805032768196,27.491001562735878,1.3748916648031457,0.13361790246595812,0.0,0.0,0.0,0.0,0.0,117,22.921033428933697,0.975,22.80683760683761
8735778,6032,0.015384615384615385,0.9428571428571421,7.131634494771613,7.551142406228767,22.500479798450694,1.0006875452571267,0.08384218089977036,0.0,0.0,0.0,0.0,0.0,455,238.37452708019657,3.7916666666666665,62.840219780219776
8735778,7000,0.02925531914893617,0.4909090909090914,23.323997583656926,20.084553474815685,29.10320486646309,1.4987568315974253,0.13167534390570615,0.0,0.0,0.0,0.0,0.0,376,154.34746925726455,3.1333333333333333,49.38510638297872
8735778,7001,0.0,0.0,55.53805646975544,37.02537097983695,9.16922938757579,0.932512592377256,0.08143328177239312,0.0,0.0,0.0,0.0,0.0,44,5.4017014470676,0.36666666666666664,13.95227272727273
8735778,7002,0.0,0.0,41.55997653435483,46.98084303883589,22.281084326172277,1.4391497842528416,0.16865711193943272,0.0,0.0,0.0,0.0,0.0,160,55.341705934283794,1.3333333333333333,41.6875
8735778,7004,0.028662420382165606,0.48888888888888793,6.541693162865325,6.541693162865325,28.303731391424662,1.086727409084555,0.07169608318720003,0.0,0.0,0.0,0.0,0.0,314,152.86562287522366,2.6166666666666667,58.44267515923567
8735778,7005,0.0,0.0,52.35758165727654,74.17324068114176,24.164953747607782,1.370144747946069,0.14225306894605588,0.0,0.0,0.0,0.0,0.0,128,22.919316783097194,1.0666666666666667,21.93203125
8735778,7006,0.0,0.0,34.49195758075928,39.85737320443295,20.980202364864386,1.422090173730712,0.136397448992027,0.0,0.5409090909090909,0.0,0.0,0.0,440,130.465195820322,3.6666666666666665,35.64204545454546
8735778,7007,0.0,0.0,49.703986838735176,35.08516718028365,16.876695405182936,1.2471102331080757,0.14443116723104032,0.0,1.0,0.0,0.0,0.0,114,34.20248773032349,0.95,36.11491228070175
8735778,7008,0.0,0.0,29.328165936081607,23.995772129521317,21.60796735063126,1.2089967895414264,0.11941593864302384,0.0,0.16597510373443983,0.0,0.0,0.0,241,75.01321442311544,2.0083333333333333,37.20456431535269
8735778,7009,0.01932367149758454,1.0749999999999993,20.93729322544417,22.168898709293824,31.580785639543116,1.3664537174304379,0.11712187221706788,0.0,0.0,0.0,0.0,0.0,207,81.19483171463946,1.725,47.56570048309179
8735778,7010,0.0,0.0,44.696524593352386,50.656061205799375,30.011346604393758,1.4031816422342476,0.18879065454561858,0.0,0.0,0.0,0.0,0.0,91,33.559656229359085,0.7583333333333333,44.34395604395604
8735778,7011,0.02511415525114155,0.8454545454545465,5.546992874670187,6.009242280892703,29.902602394959445,0.9627913325697798,0.08220111869472252,0.0,0.0,0.0,0.0,0.0,438,216.33343094412203,3.65,59.07077625570776
8735778,7012,0.0,0.0,33.07981826961409,33.07981826961409,22.563992975535157,1.4318688011795477,0.12698583759319595,0.0,0.0,0.0,0.0,0.0,100,24.18392971447642,0.8333333333333334,28.961000000000002
8735778,7013,0.010752688172043012,0.6749999999999972,4.648929185708443,5.578715022850132,15.72618366425637,0.5863602925978789,0.07635871264749533,0.0,0.271505376344086,0.0,0.0,0.0,372,215.10329799691527,3.1,69.52311827956989
8735778,7014,0.009569377990430622,0.5499999999999972,12.154954191527107,13.259950027120478,29.394254907394096,1.2878003829320623,0.0919331693244025,0.0,0.24401913875598086,0.0,0.07655502392344497,0.0,209,90.49807861610705,1.7416666666666667,51.877511961722476
8735778,7016,0.025252525252525252,0.4899999999999977,5.4348634428618325,5.4348634428618325,23.827259233348823,0.7534431341331855,0.0812420890488348,0.0,0.0,0.0,0.04040404040404041,0.0,396,220.79671598300854,3.3,66.6550505050505
8735778,7017,0.0,0.0,16.157246844747778,14.914381702844103,34.080837179379465,1.2732544514950228,0.10374770307646893,0.0,0.0,0.0,0.0,0.0,249,80.45925227803212,2.075,38.58232931726908
8735778,7018,0.008602150537634409,0.375,10.365912814259657,10.780549326830043,22.666710099731908,0.9759785694000662,0.09300682134770707,0.0,0.0,0.0,0.0,0.0,465,241.1750942532457,3.875,62.17591397849463
8735778,7020,0.005780346820809248,1.7000000000000028,31.022590017644625,33.97712240027745,25.891009733971472,1.4509032862049422,0.1462654841823977,0.0,0.24855491329479767,0.0,0.09248554913294797,0.0,173,67.69260718739439,1.4416666666666667,47.15895953757225
8735778,7021,0.0,0.0,39.71360155146868,15.88544062058747,16.07746207212261,1.1368771720133242,0.12008916237804393,0.0,0.0,0.0,0.0,0.0,31,12.590144949508089,0.25833333333333336,51.119354838709675
8735778,7022,0.0,0.0,46.39343441946195,72.90396837344021,22.199058554182912,1.4454379880214052,0.1824113702204192,0.0,0.0,0.0,0.0,0.0,51,15.088341890600612,0.425,35.49411764705882
8735778,7023,0.0,0.0,44.350062047333324,38.014338897714275,20.907454735478154,1.4421617715697386,0.13794735886423465,0.0,0.0,0.0,0.0,0.0,46,15.783517940807243,0.38333333333333336,42.291304347826085
8735778,7024,0.01728395061728395,0.528571428571429,4.5473134329010705,5.374097693428538,14.604182491950462,0.5057244557573088,0.07800502163468023,0.0,0.0,0.0,0.04197530864197531,0.0,405,241.9010732889437,3.375,71.54716049382716
8735778,7025,0.0,0.0,34.094086459699234,25.570564844774424,26.534774860595615,1.4310527063564091,0.13198454500308995,0.0,0.0,0.0,0.0,0.0,116,23.46447971103835,0.9666666666666667,24.221551724137928
8735778,7026,0.0,0.0,30.988373370863737,33.20182861163972,27.017064481548413,1.5592194789627463,0.12306628164604382,0.0,0.0,0.0,0.0,0.0,139,45.178234534773125,1.1583333333333334,38.905035971223015
8735778,7027,0.015105740181268883,0.6599999999999995,4.113771335975743,3.0853285019818077,12.824787363124443,0.5003290999517963,0.06500852222202684,0.0,0.0,0.0,0.0,0.0,331,194.468757415815,2.7583333333333333,70.62900302114802
8735778,8000,0.013114754098360656,0.9499999999999993,16.06658210018085,21.4221094669078,23.315604125860208,1.1883271738198686,0.1343507738270925,0.0,0.16721311475409836,0.0,0.0,0.0,305,149.3783796102461,2.5416666666666665,58.93901639344263
8735778,8001,0.0,0.0,0.0,0.0,4.42609339422193,0.37677016125643675,0.035633489650960026,0.0,0.0,0.0,0.0,0.0,32,2.9447959054116657,0.26666666666666666,11.203125
8735778,8002,0.0,0.0,47.893215712910454,71.83982356936568,10.039355038272506,1.0662340824237366,0.09927745061838114,0.0,0.0,0.0,0.0,0.0,38,4.175956803545486,0.31666666666666665,12.523684210526314
8735778,8003,0.0,0.0,36.13991348618731,45.17489185773414,24.093393885483184,1.4994349287038666,0.14652645533636538,0.0,0.0,0.0,0.0,0.0,172,55.3404755870376,1.4333333333333333,38.54244186046511
8735778,8005,0.007462686567164179,0.1999999999999981,13.098486773805742,11.389988498961516,30.859484081731644,1.1697058640435394,0.10193769729344353,0.0,0.0,0.0,0.0,0.0,402,175.59280241436156,3.35,52.353980099502486
8735778,8006,0.0,0.0,46.1079336547583,46.1079336547583,22.661387865706725,1.356985141910957,0.11721225066319942,0.0,0.0,0.0,0.0,0.0,90,23.85706564593534,0.75,32.016666666666666
8735778,8007,0.010723860589812333,0.5,3.2540849718832874,4.1838235352785125,14.226624635081233,0.5236950401750066,0.06907872454418897,0.0,0.39946380697050937,0.0,0.0,0.0,373,215.1142351992358,3.1083333333333334,69.25013404825737
8735778,8008,0.0,0.0,31.82007241218214,25.45605792974571,15.435400818689686,1.1871550707531962,0.09719767751135287,0.0,0.0,0.0,0.0,0.0,53,15.71335204782808,0.44166666666666665,36.58301886792452
8735778,8009,0.0,0.0,200.62677416189592,218.8655718129774,15.062598547395465,1.236684869140504,0.21493916685980866,0.0,0.0,0.0,0.0,0.0,36,5.482817558100964,0.3,17.741666666666664
8735778,8010,0.0,0.0,57.12056534481147,83.48390319626292,20.94415928510195,1.4831271514411328,0.1724658987733863,0.0,0.0,0.0,0.0,0.0,96,22.75887838561257,0.8,28.93958333333333
8735778,8011,0.01639344262295082,0.8400000000000005,18.070061009370267,23.424153160294793,23.48700498054604,1.1902023177144023,0.14537452764775516,0.0,0.0,0.0,0.0,0.0,305,149.41842191899127,2.5416666666666665,59.017377049180325
8735778,8012,0.0,0.0,0.0,0.0,5.486907993954887,0.45969301996850176,0.03731734603155034,0.0,0.0,0.0,0.0,0.0,29,2.8835549615718667,0.24166666666666667,11.593103448275864
8735778,8013,0.0029069767441860465,0.7000000000000028,18.386063363330624,23.639224324282228,26.21963242385877,1.3319061427275347,0.12917675752988564,0.0,0.0,0.0,0.0,0.0,344,152.289260874862,2.8666666666666667,52.767151162790704
8735778,8014,0.007751937984496124,2.0999999999999943,23.716462020022252,20.067775555403443,25.639044766712473,1.3814469105382916,0.12684113721092694,0.0,0.0,0.0,0.12403100775193798,0.0,129,54.81424669929669,1.075,51.372093023255815
8735778,8016,0.0,0.0,47.0272534379854,70.5408801569781,26.07457183929177,1.5513301499725736,0.17816542274455227,0.0,0.0,0.0,0.0,0.0,66,17.011412351668717,0.55,31.360606060606056
8735778,8017,0.034574468085106384,0.6999999999999985,13.802357612135296,13.802357612135296,21.394674167329715,1.088628922156742,0.12725344399843785,0.0,0.0,0.0,0.0425531914893617,0.0,376,202.86389316113548,3.1333333333333333,64.56715425531915
8735778,8018,0.0,0.0,155.7774853981072,155.7774853981072,18.11554305009927,1.2798542258336676,0.23934513566048235,0.0,0.0,0.0,0.0,0.0,10,1.2838825809062018,0.08333333333333333,16.81
8735778,8019,0.0,0.0,0.0,0.0,5.200100611850221,0.45969301996850176,0.052239247969588655,0.0,0.0,0.0,0.0,0.0,29,2.850757086630259,0.24166666666666667,10.958620689655174
8735778,8020,0.0,0.0,70.46721528027675,80.53396032031627,14.660154054648324,1.3309996039770278,0.14362026318975182,0.0,0.0,0.0,0.0,0.0,63,9.933697496286971,0.525,18.503174603174603
8735778,8021,0.01929260450160772,0.8333333333333334,8.428568552532255,7.224487330741932,20.300068365229862,1.030061133250841,0.08768946405782671,0.0,0.0,0.0,0.0,0.0,311,166.1017515933222,2.591666666666667,64.2572347266881
8735778,8023,0.0,0.0,167.1795326586512,111.45302177243413,10.409918291286619,0.8133974703172686,0.0935756126572146,0.0,0.0,0.0,0.0,0.0,37,1.7944780394412452,0.30833333333333335,6.318918918918919
8735778,8024,0.031007751937984496,1.259999999999998,7.188606515732683,12.939491728318828,19.727143611796002,0.954957208488382,0.10473207918915753,0.0,0.0,0.0,0.0,0.0,129,69.55450947352884,1.075,65.30968992248063
8735778,8025,0.014893617021276596,0.6285714285714293,9.237614465743485,10.497289165617598,27.38354991634255,1.022795850294744,0.09425192448560862,0.0,0.0,0.0,0.0,0.0,470,238.15672413678004,3.9166666666666665,60.352978723404256
8735778,8026,0.011037527593818985,0.4599999999999966,7.939195389364555,7.939195389364555,22.6039913211392,0.9605610127014693,0.09318263271790939,0.0,0.0,0.0,0.0,0.0,453,239.31896203805033,3.775,63.499558498896256
8735778,8027,0.012269938650306749,0.5500000000000043,25.220224998620704,25.220224998620704,25.787464589816093,1.4412182629464518,0.14567264006695405,0.0,0.17177914110429449,0.0,0.09202453987730061,0.0,163,67.40621862386134,1.3583333333333334,50.018404907975466
8735778,8028,0.0,0.0,31.72164467847203,31.72164467847203,18.622280632014437,1.2684174397594246,0.14977415339448355,0.0,0.0,0.0,0.0,0.0,32,12.609686668341663,0.26666666666666666,47.65625
8735778,8029,0.0,0.0,28.171998683722478,35.2149983546531,21.021770836626153,1.478281045079912,0.14550925463473366,0.0,0.0,0.0,0.0,0.0,43,14.198495622929173,0.35833333333333334,42.77209302325582
8735778,8030,0.06995884773662552,0.6705882352941179,13.201082019070926,13.201082019070926,30.14268709196675,1.317759892941684,0.11577941740609196,0.0,0.0,0.0,0.06584362139917696,0.0,243,113.62704949738415,2.025,56.08641975308642
8735778,8031,0.01834862385321101,0.17499999999999716,30.971234981504033,30.971234981504033,29.54293872387226,1.5297233713585803,0.1441728347640438,0.0,0.0,0.0,0.0,0.0,218,77.4912592743969,1.8166666666666667,42.55848623853211
8735778,8033,0.0,0.0,0.0,32.686372277399336,6.487360526698059,0.6482791673644765,0.042785338783799226,0.0,0.0,0.0,0.0,0.0,37,3.05937897149706,0.30833333333333335,8.835135135135136
8735778,8034,0.0,0.0,33.79206528479457,37.171271813274025,24.07357566673636,1.5642719485076533,0.13209190898039277,0.0,0.0,0.0,0.0,0.0,194,59.18549171659954,1.6166666666666667,36.591752577319596
8735778,8035,0.0,0.0,92.26812492729968,0.0,6.225422751087035,0.625491359725573,0.0686940376367103,0.0,0.0,0.0,0.0,0.0,22,1.0837978996407747,0.18333333333333332,4.195454545454546
8735778,8036,0.0,0.0,45.150992088839054,46.82325105509235,25.601211137701625,1.5201840339515624,0.157578905741902,0.0,0.0,0.0,0.0,0.0,259,59.79935047025063,2.158333333333333,26.330501930501928
8735778,8037,0.0,0.0,25.535579612776242,0.0,10.445018827855506,0.9357467452948549,0.06851710580092918,0.0,0.0,0.0,0.0,0.0,31,3.916104569248426,0.25833333333333336,15.135483870967741
8735778,8038,0.006535947712418301,0.45000000000000284,15.509231259322698,18.20648886963969,21.820399468621677,1.178056846953464,0.1278739345743723,0.0,0.0,0.0,0.0,0.0,306,148.29877519670455,2.55,58.22222222222222
8735778,8039,0.002364066193853428,0.4000000000000057,7.6299392136668835,6.782168189926119,18.24433857242223,0.6889963825787672,0.08313289332490181,0.0,0.3640661938534279,0.0,0.0,0.0,423,235.912757571621,3.525,67.01631205673759
8764848,0,0.0,0.0,72.36112116778838,66.79488107795851,19.499455230379994,1.2334818320732563,0.16978197102413314,0.0,0.0,0.0,0.0,0.0,129,35.93089711768303,1.075,32.79767441860465
8764848,1,0.0,0.0,122.27158505605829,101.89298754671525,10.842552801278567,0.9415453654851687,0.10079923094021209,0.0,0.0,0.0,0.0,0.0,58,4.907109037025371,0.48333333333333334,10.379310344827589
8764848,2,0.0,0.0,0.0,0.0,6.560059069856003,0.6615632381579821,0.06795982496035415,0.0,0.0,0.0,0.0,0.0,16,1.2292244764605726,0.13333333333333333,8.175
8764848,3,0.0,0.0,32.22493846281112,40.2811730785139,15.929253661807957,1.1873640001355112,0.12875202633718827,0.0,0.0,0.0,0.0,0.0,90,24.82549348925002,0.75,33.623333333333335
8764848,4,0.0,0.0,76.8420072144962,85.38000801610688,18.765574003391627,1.3608333079895054,0.1372696481822989,0.0,0.0,0.0,0.0,0.0,66,11.712343711789657,0.55,20.633333333333333
8764848,1000,0.0,0.0,25.48499312578974,21.23749427149145,21.83308828558058,1.1932904782974676,0.0985504195848123,0.0,0.0,0.0,0.0,0.0,181,47.08653418413719,1.5083333333333333,30.832596685082866
8764848,1001,0.0,0.0,22.111838733058427,39.80130971950516,24.313994980798235,1.1704061094974827,0.09997499823271867,0.0,0.0,0.0,0.0,0.0,101,22.61232121110183,0.8416666666666667,27.366336633663366
8764848,1002,0.0,0.0,44.89420811476353,52.37657613389079,21.868877258459584,1.2375364288047663,0.1761548675519989,0.0,0.0,0.0,0.0,0.0,213,66.82376471216664,1.775,37.700938967136146
8764848,1004,0.0,0.0,43.457891055891835,32.59341829191888,24.854157125743523,1.535923966573945,0.09887415029526382,0.0,0.0,0.0,0.0,0.0,169,36.81724909159113,1.4083333333333334,25.9491124260355
8764848,2000,0.0,0.0,25.580996287143282,19.18574721535746,21.525478136363937,1.117987306116103,0.0969247493331601,0.0,0.0,0.0,0.0,0.0,165,46.90982268752005,1.375,34.30969696969697
8764848,2001,0.0,0.0,42.9187486217443,41.72656116002918,22.394960531130494,1.2663276896626754,0.14958408347166754,0.0,0.0,0.0,0.0,0.0,277,83.87942602259612,2.308333333333333,36.25342960288809
8764848,2002,0.0,0.0,57.819450226360026,57.819450226360026,20.127714577607836,1.353652411448672,0.11521225749989268,0.0,0.0,0.0,0.0,0.0,85,15.565696257514531,0.7083333333333334,21.819999999999997
8764848,2003,0.0,0.0,1.047048565418769,1.047048565418769,14.384488385150467,0.40077936934971564,0.03706333534511548,0.0,0.0,0.0,0.0,0.0,359,191.0131073242144,2.9916666666666667,63.96740947075209
8764848,2004,0.0,0.0,5.485379262264827,0.0,11.719560606247413,0.7774061499526802,0.05941243731811083,0.0,0.0,0.0,0.0,0.0,74,36.460560052036065,0.6166666666666667,59.597297297297295
8764848,2005,0.0,0.0,25.86937925257114,16.46233225163618,27.6560242682276,1.3861204022153228,0.08700262777954605,0.0,0.0,0.0,0.0,0.0,134,42.52131407021186,1.1166666666666667,37.78805970149254
8764848,2007,0.0,0.0,4.988301510688889,4.988301510688889,12.549957372585412,0.49103884364158085,0.060842734340047486,0.0,0.0,0.0,0.0,0.0,256,140.3283258840802,2.1333333333333333,65.87109375
8764848,2008,0.0,0.0,6.253864849224428,5.5589909770883805,25.75432392208333,0.9586510744638608,0.06481770826874875,0.0,0.0,0.0,0.0,0.0,320,143.91100890381622,2.6666666666666665,54.2265625
8764848,2009,0.0,0.0,27.119275741257866,29.831203315383654,24.760616877375007,1.550570043522483,0.09629519713768948,0.0,0.0,0.0,0.0,0.0,162,36.87414109214767,1.35,26.666666666666668
8764848,3000,0.0,0.0,27.645934574124148,14.886272462989925,20.824178397703687,1.0894847921467123,0.086873695438973,0.0,0.0,0.0,0.0,0.0,157,47.023188762689365,1.3083333333333333,36.03694267515923
8764848,3001,0.0,0.0,47.724264217876765,52.8836441333229,20.780678620476042,1.201667608562339,0.1633605125458298,0.0,0.0,0.0,0.0,0.0,262,77.52869657892049,2.183333333333333,35.29389312977099
8764848,3002,0.0,0.0,62.375162677504406,62.375162677504406,17.350152913517764,1.3013055504369102,0.1760972780106249,0.0,0.0,0.0,0.0,0.0,14,3.206404463168318,0.11666666666666667,27.007142857142856
8764848,3003,0.0,0.0,108.37729855060722,135.47162318825903,11.580743016552393,0.8070560675328702,0.08588725836682236,0.0,0.0,0.0,0.0,0.0,66,3.690809840708646,0.55,6.418181818181818
8764848,3004,0.0,0.0,38.71096461867306,19.35548230933653,16.416296283677063,1.345111601757151,0.09662534085931454,0.0,0.0,0.0,0.0,0.0,70,15.499484601078041,0.5833333333333334,27.00857142857143
8764848,3005,0.0,0.0,35.81946510169942,32.8345096765578,16.362631539109362,1.099249256975037,0.11092897954075881,0.0,0.5424528301886793,0.0,0.0,0.0,212,67.00267558953956,1.7666666666666666,37.780660377358494
8764848,3006,0.0,0.0,0.0,0.0,3.8882310948085137,0.3531693834437995,0.036282049857454854,0.0,0.0,0.0,0.0,0.0,53,1.0985423638805882,0.44166666666666665,1.3528301886792453
8764848,3007,0.0,0.0,10.825075563904985,16.237613345857476,28.97950700061201,1.3503136364606787,0.09133620539729298,0.0,0.0,0.0,0.0,0.0,208,73.90248643321358,1.7333333333333334,42.92596153846154
8764848,3008,0.0,0.0,26.62841354398578,18.639889480790046,27.22293514900535,1.5181141821278432,0.08928692988116388,0.0,0.0,0.0,0.0,0.0,155,37.55387073090793,1.2916666666666667,28.97225806451613
8764848,4000,0.0,0.0,27.633504632579726,17.00523362004906,21.38878954646426,1.166924196100993,0.10494191092667292,0.0,0.0,0.0,0.0,0.0,164,47.0443404586224,1.3666666666666667,34.51707317073171
8764848,4001,0.0,0.0,12.289345400033818,12.289345400033818,31.021743915591514,1.3082717798177281,0.08233666394156992,0.0,0.0,0.0,0.0,0.0,229,73.23416916880889,1.9083333333333334,38.53973799126638
8764848,4002,0.0,0.0,60.27491880841212,57.65427016456811,20.576014049304074,1.3206183792246562,0.12518183679558564,0.0,0.0,0.0,0.0,0.0,193,38.158491881352916,1.6083333333333334,23.567357512953368
8764848,5000,0.0,0.0,17.02303156339484,14.895152617970487,21.408231930511725,1.042640202363113,0.09996632121845361,0.0,0.0,0.0,0.0,0.0,152,46.99515459515831,1.2666666666666666,37.17236842105263
8764848,5001,0.0,0.0,5.981651835682568,7.477064794603209,26.141508933750046,1.063132243572702,0.06210651167846203,0.0,0.0,0.0,0.0,0.0,150,66.87116050684617,1.25,53.438
8764848,5002,0.0,0.0,119.46532837541366,59.73266418770683,15.486761957180311,1.277034259466139,0.17920878809793472,0.0,0.0,0.0,0.0,0.0,14,3.3482517935498453,0.11666666666666667,27.61428571428571
8764848,5003,0.0,0.0,89.50134323193257,29.83378107731085,12.098765351456487,0.8529302865851123,0.06846476723437414,0.0,0.0,0.0,0.0,0.0,51,3.3519050012756133,0.425,7.854901960784313
8764848,6000,0.0,0.0,90.31809759849224,120.42413013132298,16.39834022485744,1.2047933096947843,0.1858249277331082,0.0,0.0,0.0,0.0,0.0,13,3.3215934345035203,0.10833333333333334,31.55384615384616
8764848,6001,0.0,0.0,38.39844525521009,115.19533576563028,15.006706255500868,1.1177327443974296,0.09593038712873254,0.0,0.0,0.0,0.0,0.0,24,2.6042721088149134,0.2,13.304166666666667
8764848,6002,0.0,0.0,21.672609935831634,18.96353369385268,23.95392125071514,1.5940024719028119,0.10002190737018782,0.0,0.0,0.0,0.0,0.0,126,36.91295152584962,1.05,35.37698412698413
8764848,7000,0.0,0.0,29.738877612817525,19.117849893954126,21.761026649939453,1.1432581042195804,0.10751730488846951,0.0,0.0,0.0,0.0,0.0,160,47.076423603713835,1.3333333333333333,35.205625
8764848,7001,0.0,0.0,7.500256722300344,6.000205377840275,24.44579374836696,1.1097931329549109,0.07043277183308043,0.0,0.0,0.0,0.0,0.0,153,66.66438476877215,1.275,52.6764705882353
8764848,7002,0.0,0.0,59.68231762501174,29.84115881250587,20.265360891704,1.2711814802605796,0.2115894640521571,0.0,0.0,0.0,0.0,0.0,13,3.3510762979516695,0.10833333333333334,29.623076923076926
8764848,7003,0.0,0.0,54.48771348580097,54.48771348580097,12.731077539485304,0.9901577217110853,0.09398808439867404,0.0,0.0,0.0,0.0,0.0,43,3.6705522622474933,0.35833333333333334,10.232558139534886
8764848,7005,0.0,0.0,7.006393301153145,8.407671961383773,23.164326486339117,1.098234638727064,0.07080164681319778,0.0,0.0,0.0,0.0,0.0,327,142.72678638172016,2.725,52.425993883792046
8764848,7006,0.0,0.0,5.940002409355425,7.9200032124739,12.898922351256433,0.7811539655961602,0.07261798843696973,0.0,0.0,0.0,0.0,0.0,101,50.505030019432986,0.8416666666666667,60.191089108910894
8764848,7007,0.0,0.0,17.49310918741364,17.49310918741364,13.038062716123694,0.8046689578789685,0.09348561978203163,0.0,0.0,0.0,0.0,0.0,108,40.015756633112005,0.9,44.48240740740742
8764848,7008,0.0,0.0,6.905727578471612,8.200551499435038,23.230380399836445,0.9149516087601152,0.08560739236752862,0.0,0.0,0.0,0.0,0.0,459,231.6917344072404,3.825,60.61525054466231
8764848,7009,0.0,0.0,114.29787626163193,171.4468143924479,12.341419708935385,1.035016633484322,0.10963004671258667,0.0,0.0,0.0,0.0,0.0,36,3.499627579119543,0.3,12.113888888888887
8764848,7010,0.0,0.0,32.893662155900635,35.63480066889236,26.831024876842243,1.5036469694503756,0.09632949064859671,0.0,0.0,0.0,0.0,0.0,155,36.48119185734197,1.2916666666666667,28.25483870967742
8764848,8000,0.0,0.0,9.775451799415379,12.219314749269223,31.06492662832443,1.373079942182804,0.08352164242663412,0.0,0.0,0.0,0.0,0.0,111,40.91882484898775,0.925,44.564864864864866
8764848,8002,0.0,0.0,44.65347535895266,42.420801591005024,21.66560407912428,1.1497014529793133,0.1537111790138119,0.0,0.0,0.0,0.0,0.0,291,89.57869388318579,2.425,37.05670103092783
8764848,8003,0.0,0.0,15.411382730579037,15.411382730579037,13.805823397342063,1.2499222174177196,0.07270506700023216,0.0,0.0,0.0,0.0,0.0,37,6.488710438783762,0.30833333333333335,21.27567567567568
8764848,8004,0.0,0.0,32.83795102275791,32.83795102275791,12.297253984347705,0.9433483923290393,0.12225740701937844,0.0,1.0,0.0,0.0,0.0,30,9.13577098011045,0.25,37.14333333333333
8764848,8005,0.0,0.0,21.393214242623838,18.1019505129894,12.245284653485928,0.8599209503205005,0.08977550549798739,0.0,0.3657142857142857,0.0,0.0,0.0,175,60.76693222703675,1.4583333333333333,41.87542857142858
8764848,8006,0.0,0.0,29.110151786751764,25.22879821518486,14.999069277790184,0.8282716378880682,0.129496564556667,0.0,0.0,0.0,0.0,0.0,417,154.5852468570082,3.475,44.522062350119896
8764848,8007,0.0,0.0,12.959321175392658,16.66198436836199,12.320037367270396,0.5833254370347362,0.09481724308526657,0.0,0.0,0.0,0.0,0.0,138,54.0151749097144,1.15,47.18260869565217
8764848,8008,0.0,0.0,28.679944228647695,22.06149556049823,13.485166166455967,0.9711300913415666,0.11426420279329727,0.0,0.0,0.0,0.0,0.0,139,45.327842677652825,1.1583333333333334,39.187769784172666
8764848,9000,0.0,0.0,7.126192393842519,8.551430872611023,15.867922751886601,0.578847907531586,0.09178139396541184,0.0,0.0,0.0,0.0,0.0,257,140.32739290958006,2.1416666666666666,65.27665369649804
8764848,9001,0.0,0.0,2.1311340817372977,2.8415121089830637,10.089693472536888,0.3301497378679409,0.06053787402995087,0.0,0.0,0.0,0.0,0.0,246,140.77011980186643,2.05,68.94593495934961
8764848,9002,0.0,0.0,80.78589877325393,107.71453169767193,10.00049675754353,0.8951910765320397,0.07808376135561985,0.0,0.0,0.0,0.0,0.0,67,3.713519371023226,0.5583333333333333,6.744776119402985
8764848,9004,0.0,0.0,6.048140093703629,3.848816423265946,25.10684158506089,0.9991339880734927,0.06232069896936518,0.0,0.11479591836734694,0.0,0.0,0.0,392,181.87409401199994,3.2666666666666666,55.79489795918367
8764848,9005,0.0,0.0,4.098593520698534,4.098593520698534,16.704119630199834,0.5915632249394268,0.06161862668214843,0.0,1.0,0.0,0.0,0.0,135,73.1958410818134,1.125,65.22148148148148
8764848,9006,0.0,0.0,13.425200719112532,10.068900539334399,19.229407086766503,0.974339907287901,0.09223419649195938,0.0,0.01098901098901099,0.0,0.0,0.0,182,89.38413846518085,1.5166666666666666,59.322527472527476
8764848,9008,0.0,0.0,6.826096159362398,6.826096159362398,15.76705698050766,0.6994740875475929,0.08522878156319542,0.0,0.0,0.0,0.0,0.0,341,190.44560311635405,2.841666666666667,67.04692082111437
8764848,9009,0.0,0.0,0.0,21.6224469285134,12.273878733862157,0.8599672810355049,0.11458752075469354,0.0,0.0,0.0,0.0,0.0,11,4.624823468435968,0.09166666666666666,52.209090909090904
8764848,9010,0.0,0.0,83.78188629954776,83.78188629954776,6.426998043789594,0.6829081047004717,0.07005930039534951,0.0,0.0,0.0,0.0,0.0,21,1.1935754184677478,0.175,5.347619047619048
8764848,9011,0.0,0.0,6.904667147976887,6.373538905824819,26.523475037718935,1.0557715249787631,0.06756317029685717,0.0,0.4066193853427896,0.0,0.0,0.0,423,188.2784458887216,3.525,53.38912529550827
8764848,9012,0.0,0.0,99.5795441264144,0.0,6.064841630248889,0.6534181947937018,0.06332060734175678,0.0,0.0,0.0,0.0,0.0,25,1.0042223116933717,0.20833333333333334,4.336
8764848,9013,0.0,0.0,6.942294827157941,8.010340185182239,24.657073387509065,0.915635220390145,0.08398299864917788,0.0,0.0,0.0,0.0,0.0,376,187.2579647459597,3.1333333333333333,59.947074468085106
8764848,9016,0.0,0.0,96.43632833052462,144.6544924957869,16.873093203032667,1.1184066545611027,0.13722656931606952,0.0,0.0,0.0,0.0,0.0,19,2.073907244939092,0.15833333333333333,13.236842105263158
8764848,9017,0.0,0.0,0.0,0.0,3.1396906882252797,0.2889343794280412,0.03173942600446513,0.0,0.0,0.0,0.0,0.0,95,1.3483622107764948,0.7916666666666666,0.9494736842105262
8764848,9018,0.0,0.0,37.37653415799877,39.03771345390983,18.388761785815117,1.1865907699795526,0.13950762322980345,0.0,0.0,0.0,0.0,0.0,407,120.39639579682583,3.3916666666666666,35.44176904176904
8764848,9019,0.0,0.0,33.107228115256234,28.968824600849207,15.78963989118497,0.8487176275075132,0.12977618766366664,0.0,0.30434782608695654,0.0,0.0,0.0,276,96.65563027082291,2.3,41.93840579710145
8764848,9022,0.0,0.0,4.382439591304688,5.47804948913086,17.720858651909246,0.6646773519014118,0.06371149307147426,0.0,0.0,0.0,0.0,0.0,338,182.54672616304873,2.816666666666667,65.0576923076923
8764848,9023,0.0,0.0,93.03131515150123,93.03131515150123,20.642017967851974,0.9872220895142244,0.128684868907426,0.0,0.0,0.0,0.0,0.0,55,5.37453436174423,0.4583333333333333,11.538181818181817
8764848,9024,0.0,0.0,0.0,0.0,4.6240295528419315,0.6036372515003262,0.04217073357746839,0.0,0.0,0.0,0.0,0.0,24,1.0141311771624393,0.2,2.920833333333333
8764848,9025,0.0,0.0,40.659465141617744,28.70079892349488,19.4366258047508,1.2629161646316278,0.10046834443666074,0.0,0.0,0.0,0.0,0.0,178,41.810682803594815,1.4833333333333334,27.624719101123596
8764848,9026,0.0,0.0,27.03601482046536,0.0,9.237812389000709,0.8990917191125304,0.045985064969774135,0.0,0.0,0.0,0.0,0.0,64,3.698769980119383,0.5333333333333333,6.053125
8764848,9027,0.0,0.0,44.185874562336814,50.81375574668734,21.872135808252324,1.257320206606703,0.14923371373009015,0.0,0.0,0.0,0.0,0.0,163,45.263334036275054,1.3583333333333334,32.88711656441718
8764848,9028,0.0,0.0,0.0,0.0,4.509209326478424,0.48257756517701206,0.05079396834770389,0.0,0.0,0.0,0.0,0.0,32,1.1184065937584335,0.26666666666666666,2.1375
8764848,9030,0.0,0.0,20.750983755606786,15.563237816705088,17.19987306460914,1.025810810395856,0.09417164236666577,0.0,0.0,0.0,0.0,0.0,59,19.276194551110017,0.49166666666666664,38.8593220338983
8764848,9031,0.0,0.0,25.80826473442719,27.166594457291776,16.178524988397534,0.8947208270989899,0.11913798882964707,0.0,0.0,0.0,0.0,0.0,416,147.23965516871627,3.466666666666667,42.372836538461534
8764848,9032,0.0,0.0,14.258832220608042,19.011776294144056,10.721122970570248,0.5455370211575826,0.09863708758491663,0.0,0.0,0.0,0.0,0.0,53,21.039591136111078,0.44166666666666665,47.54528301886792
8764848,9034,0.0,0.0,7.791888811431201,9.523419658415913,27.47103902903078,1.2611519962032707,0.0856282994894052,0.0,0.0,0.0,0.0,0.0,281,115.50472828611751,2.341666666666667,49.61281138790036
8764848,9035,0.0,0.0,4.843210305479096,4.843210305479096,17.310028186892847,0.5421562913277339,0.07318935135100202,0.0,0.0,0.0,0.0,0.0,152,82.58984738851466,1.2666666666666666,65.6328947368421
8764848,10000,0.0,0.0,13.439602353736804,13.439602353736804,24.270061237647695,1.3367459387055425,0.10186729819604158,0.0,0.0,0.0,0.0,0.0,91,37.203481683442654,0.7583333333333333,49.76593406593406
8764848,10001,0.0,0.0,80.23011001298322,133.7168500216387,10.129111223281283,0.9169400358572647,0.07211725269533488,0.0,0.0,0.0,0.0,0.0,58,3.739244529908442,0.48333333333333334,6.372413793103448
8764848,10002,0.0,0.0,50.813038068893725,38.109778551670296,16.58129132329666,1.3518865019456816,0.10753408492456198,0.0,0.0,0.0,0.0,0.0,83,15.743990723706341,0.6916666666666667,22.58674698795181
8764848,10003,0.0,0.0,8.285609490476702,8.803460083631496,21.840409365141973,0.8907520517503972,0.07239778749841143,0.0,0.0,0.0,0.0,0.0,395,193.10589062144493,3.2916666666666665,58.73848101265822
8764848,10004,0.0,0.0,78.22104039588305,78.22104039588305,10.704672568224561,1.0798753311904068,0.09220610220789452,0.0,0.0,0.0,0.0,0.0,26,2.5568568122820117,0.21666666666666667,11.080769230769231
8764848,10005,0.0,0.0,0.0,0.0,3.97837033916597,0.2868359830561607,0.05370170813661446,0.0,0.0,0.0,0.0,0.0,12,1.256266980933148,0.1,12.158333333333337
8764848,10006,0.0,0.0,82.3512579636067,74.86477996691518,19.213962487046423,1.3705217273832866,0.15063003329142585,0.0,0.0,0.0,0.0,0.0,66,13.3574158695441,0.55,24.369696969696967
8764848,10007,0.0,0.0,4.144382551447351,5.180478189309189,14.613180506113693,0.5020841618701432,0.077034069703736,0.0,0.0,0.0,0.0,0.0,341,193.03237335574016,2.841666666666667,68.20762463343108
8764848,10008,0.0,0.0,54.653913825678835,109.30782765135767,12.168347894278437,1.0026175524884318,0.09291489320512268,0.0,0.0,0.0,0.0,0.0,42,3.659390261380167,0.35,11.05
8764848,10009,0.0,0.0,44.94687021915241,57.788833138910235,18.524364469342952,1.3514082922300794,0.11480310791321839,0.0,0.34375,0.0,0.0,0.0,96,15.573943115214316,0.8,19.752083333333335
8764848,10010,0.0,0.0,4.853899505773575,6.067374382216969,20.616139219352377,0.7946910481274158,0.05935890483145436,0.0,0.04878048780487805,0.0,0.0,0.0,164,82.40796899981373,1.3666666666666667,60.41707317073172
8764848,10011,0.0,0.0,5.448771943732441,5.448771943732441,31.593558254799028,1.0391027484898867,0.061453029581426344,0.0,0.0,0.0,0.0,0.0,309,128.4693151463586,2.575,50.11229773462784
8764848,10012,0.0,0.0,4.0815321708374865,4.535035745374985,19.653363733997757,0.693348234432162,0.06328538268225405,0.0,0.0,0.0,0.0,0.0,414,220.50542843456986,3.45,64.19468599033816
8764848,10013,0.0,0.0,56.432230852359886,28.216115426179943,10.73035746415508,0.8603480975203562,0.07284106983592328,0.0,0.0,0.0,0.0,0.0,69,3.5440739623292137,0.575,6.297101449275363
8764848,10014,0.0,0.0,52.879454991921115,52.879454991921115,7.282249347252232,0.891867395317251,0.06751517636635872,0.0,1.0,0.0,0.0,0.0,30,1.891093620675136,0.25,7.646666666666666
8764848,10016,0.0,0.0,58.287868555101866,116.57573711020373,17.892738750677605,1.366158847569202,0.15833089666741035,0.0,0.0,0.0,0.0,0.0,10,1.7156228642237277,0.08333333333333333,20.77
8764848,10017,0.0,0.0,151.64826622617952,75.82413311308976,7.718838967098615,0.6881388137135884,0.07817990183387581,0.0,0.0,0.0,0.0,0.0,20,1.3188413226017706,0.16666666666666666,8.254999999999999
8764848,10018,0.0,0.0,5.848263140243196,4.498663954033228,18.12336528086008,0.708713505211273,0.06221035325107161,0.0,0.0,0.0,0.0,0.0,409,222.2882193953298,3.408333333333333,65.3921760391198
8764848,10021,0.0,0.0,3.681767886615627,4.141988872442581,22.103426350763296,0.6637156991150864,0.04939732513090005,0.0,0.0,0.0,0.0,0.0,423,217.28691884902608,3.525,61.88770685579196
8764848,11000,0.0,0.0,21.56337590799094,21.56337590799094,23.676100311947593,1.3340797147419028,0.12431282465312482,0.0,0.0,0.0,0.0,0.0,88,37.09994220819276,0.7333333333333333,51.64886363636364
8764848,11001,0.0,0.0,128.57040593992483,42.85680197997494,13.123622497451736,1.1569876443452742,0.1332717390968993,0.0,0.0,0.0,0.0,0.0,13,2.333351892348979,0.10833333333333334,21.52307692307692
8764848,11002,0.0,0.0,104.96773569683664,139.95698092911553,14.025061274375952,1.3050963719483404,0.18915762473631553,0.0,0.0,0.0,0.0,0.0,16,2.858021067220572,0.13333333333333333,21.6625
8764848,11003,0.0,0.0,53.68281577619418,107.36563155238836,11.84704541802478,0.8913746976362348,0.08114080353669759,0.0,0.0,0.0,0.0,0.0,58,3.7255869892109987,0.48333333333333334,7.13103448275862
8764848,11004,0.0,0.0,10.138008833835462,11.103533484676936,27.48528583045566,1.1281078002793516,0.09093087517178586,0.0,0.0,0.0,0.0,0.0,452,207.14126752299518,3.7666666666666666,55.103761061946905
8764848,11005,0.0,0.0,58.44651999211538,58.44651999211538,7.578141079593478,0.815612193957263,0.08028566253445411,0.0,0.0,0.0,0.0,0.0,30,1.710965854143075,0.25,7.166666666666667
8764848,11006,0.0,0.0,63.26945331410525,70.29939257122805,17.977951734825997,1.3429151356185514,0.15526818719679497,0.0,0.0,0.0,0.0,0.0,87,14.224873977208123,0.725,19.394252873563218
8764848,11007,0.0,0.0,3.6596979561565637,3.136883962419912,12.958466430764593,0.4858027266866019,0.050621789975872244,0.0,0.0,0.0,0.0,0.0,341,191.27261549615534,2.841666666666667,67.54838709677419
8764848,11008,0.0,0.0,59.72263290856148,29.86131645428074,15.549622717823949,1.1197652558378344,0.09746237241876624,0.0,0.7333333333333333,0.0,0.0,0.0,30,3.348814180818361,0.25,13.270000000000001
8764848,11009,0.0,0.0,114.39692324784068,171.595384871761,17.019259923196817,1.2366848691405041,0.1797173086892968,0.0,0.0,0.0,0.0,0.0,12,1.74829876819939,0.1,18.175
8764848,11012,0.0,0.0,51.15479641700151,31.971747760625945,18.56023156963208,1.3693724690212223,0.12781381287754737,0.0,0.0,0.0,0.0,0.0,70,15.638807228917376,0.5833333333333334,27.025714285714287
8764848,11013,0.0,0.0,2.637092885308881,2.197577404424068,18.2789798226192,0.47416638114624277,0.04023224260509721,0.0,0.0,0.0,0.0,0.0,422,227.52327130476573,3.5166666666666666,64.77227488151658
8764848,11014,0.0,0.0,14.25958612655928,14.25958612655928,23.275526155696003,1.249187727139156,0.08896830811722535,0.0,0.0,0.0,0.0,0.0,103,42.076957541037345,0.8583333333333333,48.69126213592233
8764848,11016,0.0,0.0,13.181873642792837,10.545498914234269,21.906964548197276,0.9084759088303402,0.09323798044017115,0.0,0.0,0.0,0.0,0.0,154,75.86174978598342,1.2833333333333334,59.251298701298694
8764848,11017,0.0,0.0,0.9902553558455198,0.4951276779227599,19.738095503125933,0.39367895372491435,0.0405694352116679,0.0,0.0,0.0,0.0,0.0,373,201.9681073365485,3.1083333333333334,65.20723860589813
9171117,1,0.0,0.0,35.78167855724951,20.446673461285435,24.850341458451645,1.4521385497402266,0.09507680823813357,0.0,0.0,0.0,0.0,0.0,86,19.56308446737687,0.7166666666666667,26.734565438641322
9171117,2,0.0,0.0,60.83122068154001,58.18638499973392,26.82673737454326,1.318002832400707,0.26643762770745927,0.0,0.0,0.0,0.0,0.0,102,37.80953224727847,0.85,44.577030812324935
9171117,3,0.0,0.0,34.28118959205303,35.839425482600895,19.166455616209586,1.2727193179848586,0.1843826734506714,0.0,0.0,0.0,0.0,0.0,443,192.52540762266878,3.691666666666667,51.468164872519004
9171117,4,0.0,0.0,35.4142390719849,34.59065211682247,22.780206067556417,1.3379935639274074,0.1648379408838672,0.0,0.0,0.0,0.0,0.0,284,121.42008730611397,2.3666666666666667,50.99764190868082
9171117,2000,0.0,0.0,36.51965577834567,29.215724622676536,30.62140882354209,1.414964103655894,0.13321112957643588,0.0,0.0,0.0,0.0,0.0,298,95.83880037761267,2.4833333333333334,38.25989935051186
9171117,2001,0.0,0.0,36.258283849448304,32.96207622677119,25.62158439417614,1.4526321680307221,0.14724580010009872,0.0,0.0,0.0,0.0,0.0,215,60.675789541911115,1.7916666666666667,33.04455163069158
9171117,2002,0.0,0.0,42.52245635657606,0.0,22.406172365108745,1.2694653742653765,0.05767787753114438,0.0,0.0,0.0,0.0,0.0,46,4.703397149094144,0.38333333333333336,15.300559974319647
9171117,2003,0.0,0.0,13.568471102280776,14.053059355933662,22.068266764499317,1.093985092800125,0.10526809711543655,0.0,0.0,0.0,0.0,0.0,415,206.36075935846134,3.4583333333333335,59.47560841948932
9171117,2004,0.0,0.0,27.428727608346044,23.040131191010676,15.56942722383986,1.1678926910276333,0.1383079130438293,0.0,0.0,0.0,0.0,0.0,237,91.14531434696582,1.975,45.63009845288327
9171117,2005,0.0,0.0,71.98936318626058,48.849925019248246,22.39288707319726,1.4294322401362023,0.14065028786777678,0.0,0.0,0.0,0.0,0.0,186,38.89463493037802,1.55,24.150769046410645
9171117,2006,0.0,0.0,52.12080047774097,67.75704062106325,25.88598863680945,1.546080263704541,0.17379612082099113,0.0,0.0,0.0,0.0,0.0,73,19.18619804058969,0.6083333333333333,30.852684953411234
9171117,2007,0.0,0.0,10.954798568301909,7.303199045534606,15.915398997250668,0.5620701970498909,0.10036354858263034,0.0,0.0,0.0,0.0,0.0,97,54.770518714613424,0.8083333333333333,68.41200207793021
9171117,2008,0.0,0.0,70.46246194801442,56.36996955841154,14.807972267825237,1.1221557352767495,0.0955433456861928,0.0,0.0,0.0,0.0,0.0,73,7.09597686735511,0.6083333333333333,11.52552511415525
9171117,3000,0.0,0.0,57.6740613949823,54.46994687303884,22.09390780097246,1.56300174814795,0.14868988689018045,0.0,0.0,0.0,0.0,0.0,420,124.83948287759056,3.5,34.901113997114
9171117,3001,0.0,0.0,44.023185389007146,25.156105936575514,18.16150531753757,1.1372980024090191,0.06990831768213383,0.0,0.0,0.0,0.0,0.0,110,15.900712177333588,0.9166666666666666,13.524532279314888
9171117,3002,0.0,0.0,4.834203146884569,4.834203146884569,22.898999542925417,0.9859873329179834,0.07350463483136185,0.0,0.0,0.0,0.0,0.0,436,206.85932502535726,3.6333333333333333,56.76068842096699
9171117,3003,0.0,0.0,44.78901397236134,41.343705205256626,18.339655405945546,1.377183903176863,0.11399456225452614,0.0,0.0,0.0,0.0,0.0,93,29.024974758368455,0.775,36.605742007892545
9171117,3004,0.0,0.0,49.31378908800369,45.20430666400338,20.385276130894436,1.4213691521898757,0.10096835269653959,0.0,0.0,0.0,0.0,0.0,135,24.33396464138096,1.125,22.471742484703377
9171117,3005,0.0,0.0,18.269886905099447,17.74789013638232,25.739419756004274,1.2258147937163633,0.10892649810855544,0.0,0.0,0.0,0.0,0.0,413,191.57206709490293,3.441666666666667,54.719078819525265
9171117,3006,0.0,0.0,54.33367296832047,52.94050186656867,22.79752863750681,1.4887273527209328,0.1923904339915849,0.0,0.0,0.0,0.0,0.0,186,71.77869241922804,1.55,43.93604804819535
9171117,3007,0.0,0.0,67.8943885619841,65.7726889194221,24.3152447814897,1.5645307707120328,0.1784564767644197,0.0,0.0,0.0,0.0,0.0,426,141.3960741576705,3.55,38.79161729325094
9171117,3009,0.0,0.0,50.94522090250276,38.208915676877076,16.446600240487385,1.3212524990728245,0.09908938199296015,0.0,0.0,0.0,0.0,0.0,77,15.703141253053213,0.6416666666666667,23.76233766233766
9171117,3010,0.0,0.0,80.0980029466034,68.65543109708862,20.308011042942052,1.4675000430191845,0.14073929750357048,0.0,0.0,0.0,0.0,0.0,88,17.47858808581404,0.7333333333333333,22.691255568388055
9171117,4000,0.0,0.0,70.93156439114541,74.11949986939914,23.345560920099214,1.481211306212903,0.218388569087631,0.0,0.0,0.0,0.0,0.0,403,125.47305387093664,3.3583333333333334,35.91563275434243
9171117,4001,0.0,0.0,54.46412203565599,58.35441646677428,22.014143583805275,1.4860722004766966,0.15829883948702717,0.0,0.0,0.0,0.0,0.0,75,25.70499528264612,0.625,40.556444444444445
9171117,4002,0.0,0.0,12.510385725374165,11.509554867344232,19.40142911441891,1.048414132729129,0.08768306806444467,0.0,0.0,0.0,0.0,0.0,413,199.83396634440936,3.441666666666667,57.79793903795846
9171117,4003,0.0,0.0,62.37661935916448,58.91125161698867,17.837461988884563,1.2625483688372108,0.1332131964507365,0.0,0.897196261682243,0.0,0.0,0.0,107,28.85696625582741,0.8916666666666667,32.05273698264352
9171117,4004,0.0,0.0,44.85171456903732,36.6968573746669,20.874557924121827,1.2709414966302475,0.12013057458063948,0.0,0.0,0.0,0.0,0.0,138,24.52526086392621,1.15,22.220252867652697
9171117,4005,0.0,0.0,15.713579632369273,13.332734233525445,24.068534755565057,1.1358217669865867,0.1392598335889147,0.0,0.0,0.0,0.0,0.0,423,210.00943624596823,3.525,58.79350552353585
9171117,4006,0.0,0.0,54.36778947160368,50.69429018298182,25.004760905804158,1.4491934130870414,0.21588170825744943,0.0,0.0,0.0,0.0,0.0,375,136.11000321918593,3.125,42.39117465440187
9171117,4007,0.0,0.0,58.000824736634925,50.970421738254934,20.20636210859603,1.4594100102802543,0.15182700845040606,0.0,0.0,0.0,0.0,0.0,181,56.895742689597114,1.5083333333333333,37.17012174005707
9171117,4010,0.0,0.0,19.319970751790542,19.319970751790542,15.685338277499556,1.1809747403616409,0.0942001712138039,0.0,0.0,0.0,0.0,0.0,62,15.527973818086473,0.5166666666666667,30.302729528535984
9171117,4011,0.0,0.0,65.15577620703573,76.6538543612185,20.807655642260354,1.4906928424165755,0.15470311215933058,0.0,0.0,0.0,0.0,0.0,103,26.091316825052704,0.8583333333333333,31.7625683283022
9171117,4012,0.0,0.0,67.61261552366116,66.69893153009818,20.22730903783446,1.4607501212351328,0.14853004759163796,0.0,0.0,0.0,0.0,0.0,370,109.44703059757177,3.0833333333333335,34.388683901292595
9171117,5000,0.0,0.0,9.315331380999488,11.08968021547558,20.357072527342925,1.0819494345171188,0.07805063332379615,0.0,0.0,0.0,0.0,0.0,469,225.43481429800522,3.908333333333333,57.93348451003262
9171117,5001,0.0,0.0,40.87070009581911,53.13191012456484,20.783429780230378,1.2952652303735694,0.10689960751122961,0.0,0.0,0.0,0.0,0.0,139,24.46740568807373,1.1583333333333334,21.255326606467765
9171117,5002,0.0,0.0,13.579061809866833,12.534518593723229,22.764114633948637,1.1640901518111217,0.11708716752202192,0.0,0.0,0.0,0.0,0.0,406,191.47125452443152,3.3833333333333333,56.4066571581302
9171117,5003,0.0,0.0,38.02399768965235,32.320398036204494,24.84577803878542,1.4285973422977183,0.1691319987820567,0.0,0.0,0.0,0.0,0.0,388,157.79508638127254,3.2333333333333334,47.75956386737005
9171117,5004,0.0,0.0,69.80867624093402,59.836008206514876,22.743199850564032,1.5502964914244435,0.17950279212742212,0.0,0.0,0.0,0.0,0.0,61,20.054813747908828,0.5083333333333333,39.03106942248649
9171117,5006,0.0,0.0,47.244820165853504,47.244820165853504,23.6487582006048,1.456317063161895,0.12697994200901602,0.0,0.0,0.0,0.0,0.0,160,31.74951232186369,1.3333333333333333,24.114020628281736
9171117,6000,0.0,0.0,6.128800969865665,6.600247198316871,19.13289123275904,0.7926281283973601,0.07725116485332165,0.0,0.0,0.0,0.0,0.0,413,212.1132675692835,3.441666666666667,61.33414043583535
9171117,6001,0.0,0.0,9.99360167947369,6.466448145541799,22.288264491688945,1.1925608896762574,0.08767258552627846,0.0,0.0,0.0,0.0,0.0,379,170.10884108896465,3.158333333333333,53.97537516897945
9171117,7000,0.0,0.0,41.09614325741583,32.87691460593267,21.67524964216128,1.3290668698193766,0.09828312456704298,0.0,0.0,0.0,0.0,0.0,133,24.3331836210579,1.1083333333333334,23.26939407782032
9171117,7001,0.0,0.0,30.668705263903988,33.45676937880435,25.68541923877452,1.5237363529862478,0.10807305019078002,0.0,0.0,0.0,0.0,0.0,279,71.73436182157074,2.325,30.27146575999227
9171117,7002,0.0,0.0,3.6084484249865203,3.6084484249865203,13.018576758741816,0.5617276327159897,0.07591357422842106,0.0,0.0,0.0,0.0,0.0,241,138.56370969244705,2.0083333333333333,68.78657377563955
9171117,7003,0.0,0.0,59.33881476913876,51.38619010935728,24.377476268900775,1.5116470770945027,0.21250914707014643,0.0,0.0,0.0,0.0,0.0,469,163.46804427655718,3.908333333333333,41.136632641293986
9171117,7005,0.0,0.0,69.95275818502887,50.874733225475545,21.501833802665026,1.4587067226383459,0.16342240847471112,0.0,0.0,0.0,0.0,0.0,161,31.44979636372421,1.3416666666666666,22.287274145786107
9171117,7006,0.0,0.0,6.195934622795451,8.261246163727268,24.41634616861716,0.8160802621917976,0.07928529591054975,0.0,0.0,0.0,0.03278688524590164,0.0,366,193.67538120642564,3.05,62.86065573770492
9171117,7007,0.0,0.0,13.295452577585372,9.97158943318903,25.514681472680813,0.9266297450410862,0.08816728699252409,0.0,0.0,0.0,0.0,0.0,116,60.17094907688283,0.9666666666666667,61.34558934733936
9171117,8000,0.0,0.0,0.0,0.0,13.088469526266632,1.0912436384160906,0.03799577882618536,0.0,0.0,0.0,0.0,0.0,23,1.2669285230076057,0.19166666666666668,15.780713489409141
9171117,8001,0.0,0.0,5.94458083950849,4.359359282306226,20.81905574230112,0.7307110453201074,0.05623188298439262,0.0,0.25170068027210885,0.0,0.022675736961451247,0.0,441,252.33065888023538,3.675,67.04410528891972
9171117,8003,0.0,0.0,31.092125118753728,24.87370009500298,18.010650754092698,1.3736748473338793,0.08757358077256275,0.0,0.0,0.0,0.0,0.0,91,16.08124237536973,0.7583333333333333,19.919309262166404
9171117,8004,0.0,0.0,6.793869528847556,6.793869528847556,23.232610078430817,0.8304736353057558,0.064624724123457,0.0,0.0,0.0,0.0,0.0,410,220.78728383446673,3.4166666666666665,63.771802902339246
9171117,9001,0.0,0.0,8.784973729111952,10.45830205846661,23.99769698111141,0.9078953883917459,0.09473799608402944,0.0,0.0,0.0,0.0,0.0,441,239.04453954608272,3.675,63.670491944724645
9171117,9002,0.0,0.0,7.240404849382462,3.103030649735341,25.184130462786154,1.125511768424851,0.06428702128176743,0.0,0.0,0.0,0.029055690072639227,0.0,413,193.3593533957437,3.441666666666667,55.92670177923345
9171117,9003,0.0,0.0,9.992207420374223,8.32683951697852,31.556912380962125,1.2762449728414378,0.059215226585909206,0.0,0.0,0.0,0.0,0.0,162,60.04679194074707,1.35,45.341428710620285
9171117,9005,0.0,0.0,7.061061331391285,9.414748441855046,27.511694292807714,1.0961954316544666,0.07513283240084252,0.0,0.4585635359116022,0.0,0.0,0.0,181,84.973061674537,1.5083333333333333,55.812096257993026
9171117,9006,0.0,0.0,4.974643189787622,4.35281279106417,14.752445318512997,0.5189756101407329,0.05794342164640395,0.0,0.0,0.0,0.04332129963898917,0.0,277,160.81555389586717,2.308333333333333,69.43361198182733
9171117,9008,0.00964630225080386,2.2634920634920612,1.450706290202731,0.9671375268018206,6.087027165750736,0.18330577918561555,0.03880883767940621,0.0,0.0,0.0,0.0,0.0,311,206.79582216333816,2.591666666666667,76.91391358758082
9171117,9009,0.0,0.0,2.882201216749375,2.882201216749375,19.081201726048615,0.41426786163900226,0.05030959240732725,0.0,0.0,0.0,0.0,0.0,282,173.47851950597453,2.35,71.64909192582553
9171117,9010,0.0,0.0,12.257660190893183,11.143327446266529,27.90080308514413,1.2379120691250551,0.09230146795508715,0.0,0.0,0.0,0.0,0.0,187,89.73980212122734,1.5583333333333333,56.44462442915531
9171117,12000,0.0,0.0,11.181867312161245,11.690134008168576,30.398480746624994,1.3691648610296627,0.07188754200940635,0.043824701195219175,0.0,0.0,0.0,0.0,502,196.74710301805408,4.183333333333334,46.94429619711179
9171117,12001,0.0,0.0,24.424700508265822,27.13855612029536,21.936970547657268,1.3112705886238203,0.14143429083781128,0.0,0.0,0.0,0.0,0.0,250,110.54383242432243,2.0833333333333335,52.081423654546995
9171117,12002,0.0,0.0,71.24134037705775,76.94064760722237,24.156972987342073,1.457131506547634,0.15695182450994755,0.0,0.0,0.0,0.0,0.0,166,35.09198432775542,1.3833333333333333,24.275215146299484
9171117,13001,0.0,0.0,10.398428938641487,10.398428938641487,27.742823051781045,0.887238137501883,0.08874276484753864,0.0,0.0,0.0,0.0,0.0,356,182.71991001827507,2.966666666666667,60.8620506107422
9171117,13002,0.0,0.0,3.18240638653638,3.637035870327291,23.036357522742303,0.5178231595524069,0.06830907679691364,0.0,0.4005167958656331,0.0,0.0,0.0,387,219.95933736227056,3.225,67.36699558894983
9171117,13004,0.0,0.0,41.537621951933744,35.38390018127689,24.875539365532426,1.5337761747138936,0.14530364724443903,0.0,0.0,0.0,0.0,0.0,203,65.00131382399238,1.6916666666666667,38.868095312808705
9171117,13006,0.0,0.0,4.274658452698718,2.8497723017991454,17.88067823720945,0.47712627781103756,0.05746607853003845,0.0,0.0,0.0,0.0,0.0,121,70.18104564836078,1.0083333333333333,69.51818142941775
9171117,13007,0.0,0.0,38.546332940776104,44.63259603668813,24.248981878190193,1.4276436567463284,0.19012503539540482,0.0,0.0,0.0,0.0,0.0,387,147.87398865561798,3.225,44.73648231971875
9171117,13008,0.0,0.0,34.28763527207872,33.017722854594325,18.89187047867749,1.3544992991775073,0.13724029433147178,0.0,0.0,0.0,0.0,0.0,204,78.74558798164415,1.7,45.64667075163399
9171117,14000,0.0,0.0,45.924351324318394,53.57840987837147,22.39732435824209,1.4135655488718257,0.16578303035168027,0.0,0.0,0.0,0.0,0.0,136,39.19489221063517,1.1333333333333333,33.14705882352941
9171117,14001,0.0,0.0,88.0537066039419,96.05858902248208,21.935097070145055,1.5319916018960278,0.1974721129301788,0.0,0.0,0.0,0.0,0.0,47,12.492375874052714,0.39166666666666666,29.978723404255323
9171117,14005,0.0,0.0,3.465644125782842,4.235787264845696,21.241430894289486,0.5225279205274588,0.05773756581795222,0.0,0.0,0.0,0.0,0.0,443,259.6919843282242,3.691666666666667,69.00488585979572
9171117,14006,0.0,0.0,7.51319150200791,4.781121864914125,30.73004354159219,0.9645281641462029,0.06292578952211692,0.0,0.21069182389937108,0.0,0.0,0.0,318,146.4091524495314,2.65,55.47720920959557
9171117,14007,0.0,0.0,48.903863120414385,32.60257541360959,24.199522044075835,1.4525847589858552,0.1508515938737787,0.0,1.0,0.0,0.0,0.0,108,42.94139288810862,0.9,46.49216396157647
9171117,14008,0.0,0.0,2.8415225430079527,2.0296589592913947,18.64708798804242,0.5985503312582294,0.04915444736361805,0.0,0.0,0.0,0.0,0.0,412,246.34680506845478,3.433333333333333,69.94392009506463
9171117,14009,0.0,0.0,10.306615613647642,10.306615613647642,23.02089582261081,1.151993462308777,0.08190180238260579,0.0,0.0,0.0,0.0,0.0,222,106.72756618025227,1.85,57.49056343895704
9171117,14010,0.0,0.0,75.5999084325124,80.99990189197757,22.484917956889205,1.4767016101955897,0.18616827730606259,0.0,0.0,0.04,0.0,0.0,75,18.51854094836334,0.625,27.217503736450862
9171117,14011,0.0,0.0,4.9296164497424515,4.9296164497424515,15.149711158304276,0.4403260929100941,0.07017635694690724,0.0,0.0,0.0,0.0,0.0,376,223.14109245912422,3.1333333333333333,70.37911262587835
9171117,14012,0.0,0.0,11.251186324384557,11.251186324384557,22.499997470237385,1.074212233710852,0.09713833936127785,0.0,0.0,0.0,0.0,0.0,178,88.87951644998647,1.4833333333333334,59.504917957714035
9171117,14013,0.0,0.0,74.1504442041115,61.79203683675958,22.67220504631691,0.9720234010983408,0.13684774466313476,0.0,0.2564102564102564,0.0,0.0,0.0,78,8.091657527342651,0.65,12.494871794871797
9171117,15000,0.0,0.0,129.72115946249104,118.9110628406168,22.99289303662995,1.4883157796695263,0.25296059408844046,0.0,0.0,0.0,0.0,0.0,38,9.25061111828083,0.31666666666666665,29.894736842105264
9171117,16000,0.0,0.0,127.91344218663005,115.12209796796706,20.77225362193856,1.167723997949895,0.18893502425339354,0.0,0.0,0.0,0.0,0.0,63,7.817786644666836,0.525,13.126984126984127
92207601,1000,0.0,0.0,91.34560147123766,54.80736088274259,10.480132064424495,0.8564204629391414,0.07418838813984535,0.0,0.0,0.0,0.0,0.0,82,5.4737173103779595,0.6833333333333333,7.311707317073169
92207601,1001,0.0,0.0,42.525844117561626,63.788766176342435,9.581716873693765,0.9774198570150718,0.05940573201136618,0.0,0.0,0.0,0.0,0.0,66,4.703022459639015,0.55,8.129242424242424
92207601,1003,0.0,0.0,21.065754298479604,22.424835220962162,17.98360091616365,1.1810071950970502,0.10914658646143896,0.0,0.0,0.0,0.0,0.0,392,147.15827195533836,3.2666666666666666,44.979011617298745
92207601,1004,0.0,0.0,20.58847774717209,36.029836057551165,18.840386033908796,0.8127231766620684,0.1333702339630142,0.0,0.0,0.0,0.0,0.0,112,38.85668526950144,0.9333333333333333,41.388207417582414
92207601,1005,0.0,0.0,19.77692078295102,24.076251387940374,22.85409454909465,1.3764687473836827,0.12472771186454605,0.0,0.0,0.0,0.0,0.0,284,116.29717412746822,2.3666666666666667,49.18171191833364
92207601,1007,0.0,0.0,7.5098469082550485,8.44857777178693,18.484808394904338,0.8681880115661329,0.08246437263201052,0.0,0.0,0.0,0.0,0.0,209,106.52680537610108,1.7416666666666667,61.61838832411791
92207601,1008,0.0,0.0,1.2723648048818086,3.8170944146454255,13.624043306999221,0.4811195500298798,0.045135347105302856,0.0,0.0,0.0,0.0,0.0,147,78.59381178756286,1.225,64.89301699004724
92207601,1009,0.0,0.0,19.69093504522711,26.254580060302814,28.390169805907362,1.4629066454313142,0.10524445875134732,0.0,0.0,0.0,0.0,0.0,200,60.94174792836302,1.6666666666666667,36.60298623188406
92207601,1010,0.0,0.0,5.0546791565201605,5.897125682606854,24.958403823770485,0.8711883564023365,0.0726454616393547,0.0,0.0,0.0,0.0,0.0,256,118.70189608890301,2.1333333333333333,55.737236614947555
92207601,1011,0.0,0.0,2.77374101735296,2.3114508477941333,15.01598945103008,0.3644957712466704,0.07595366356964776,0.0,0.0,0.0,0.0,0.0,378,216.31435532239874,3.15,65.92256489990409
92207601,1012,0.0,0.0,3.522413117643465,3.522413117643465,9.97269201805023,0.3284518985924143,0.05508703982037132,0.0,0.0,0.0,0.0,0.0,207,113.55851418916035,1.725,65.71956414385399
92207601,1014,0.0,0.0,5.175735466808485,3.881801600106364,8.396392655524823,0.36796752074678146,0.05789629554036426,0.0,0.0,0.0,0.0,0.0,139,77.28370249313613,1.1583333333333334,66.88510106200752
92207601,1015,0.0,0.0,8.671356472630833,6.503517354473125,31.011200502975363,1.0317764171517736,0.0747037348870181,0.0,0.0,0.0,0.0,0.0,125,46.12888436342216,1.0416666666666667,44.37042438746439
92207601,1016,0.0,0.0,5.911014118021226,17.73304235406368,17.301934715173253,1.3612950378765398,0.07949836255186378,0.0,0.0,0.0,0.0,0.0,48,16.917570826827266,0.4,43.46486111111111
92207601,1017,0.0,0.0,59.17939843890731,51.28881198038634,18.481157159878915,1.3196997981896055,0.13027845481089956,0.0,0.0,0.0,0.0,0.0,112,25.34665845832305,0.9333333333333333,27.200648496240603
92207601,1018,0.0,0.0,45.055335324380536,33.7915014932854,9.441589573721378,0.8320817743403378,0.08577469988426879,0.0,0.0,0.0,0.0,0.0,55,8.877971878805445,0.4583333333333333,19.406424242424244
92207601,1019,0.0,0.0,33.24255302491525,11.080851008305084,11.995765448892476,0.9308467065969719,0.06821458788650665,0.0,0.0,0.0,0.0,0.0,71,9.024577618185655,0.5916666666666667,15.146408450704222
92207601,1020,0.0,0.0,3.9681821587160706,3.9681821587160706,13.970836391267161,0.7176080706392771,0.08003630209933109,0.0,0.0,0.0,0.0,0.0,190,100.80182411016696,1.5833333333333333,62.55862907268171
92207601,1021,0.0,0.0,11.243960642641518,8.432970481981139,23.285244825762945,1.055588517173382,0.17956271126573844,0.0,0.0,0.0,0.0,0.0,69,35.57465315940744,0.575,52.48265700483092
92207601,1022,0.0,0.0,5.789158640873255,1.7367475922619766,21.542892745556493,1.173792449475983,0.08855961461963315,0.0,0.0,0.0,0.0,0.0,340,172.73667246561354,2.8333333333333335,54.245836805254264
92207601,1023,0.0,0.0,5.220557511225943,1.0441115022451886,13.375459089899389,1.070222513155119,0.06269610908208904,0.0,0.0,0.0,0.0,0.0,209,95.77521154107257,1.7416666666666667,55.25083675096833
92207601,1024,0.0029069767441860465,1.7999999999999972,7.879441379082712,7.879441379082712,14.929779339105897,1.0291313461071279,0.06902595858947651,0.0,0.0,0.0,0.0,0.0,344,164.98631533081345,2.8666666666666667,57.875283967971946
92207601,1025,0.0,0.0,1.383403345831233,0.6917016729156165,5.958234156663847,0.20430689722413012,0.04630208053481635,0.0,0.0,0.0,0.0,0.0,254,144.5709963060902,2.1166666666666667,68.43870501512285
92207601,1026,0.0,0.0,0.40589019510955315,0.8117803902191063,5.067931159542542,0.17386845247085653,0.03455425874252448,0.0,0.0,0.0,0.0,0.0,428,246.37205136972864,3.566666666666667,69.244822945128
92207601,1027,0.0,0.0,1.4200781458144294,1.4200781458144294,9.00606523993754,0.20421267498044876,0.039965903969248345,0.0,0.0,0.0,0.0,0.0,247,140.83731982601418,2.058333333333333,68.5086782936149
92207601,1028,0.0,0.0,0.5663069513433162,0.5663069513433162,7.876614383624899,0.32827609960110077,0.037119304640381386,0.0,0.0,0.0,0.0,0.0,310,176.58268146416643,2.5833333333333335,68.44250235336808
92207601,1029,0.0,0.0,1.2369042874031169,0.6184521437015584,13.721890268414942,0.34924875332492444,0.06570539824194581,0.0,0.0,0.0,0.0,0.0,280,161.69399850646522,2.3333333333333335,67.55023721178246
92207601,1030,0.0,0.0,0.48960117697141703,1.468803530914251,14.358712654298174,0.40695764481474084,0.037229859902332865,0.0,0.0,0.0,0.0,0.0,365,204.24787501243694,3.0416666666666665,67.25010329905055
92207601,1031,0.0,0.0,3.0115686692425445,2.409254935394036,14.815479846556123,0.6084834284660694,0.05292811422383142,0.0,0.0,0.0,0.0,0.0,312,166.02643170868078,2.6,63.952972509516634
92207601,1032,0.0,0.0,2.2938009142895543,1.1469004571447772,16.93817381683472,0.5589957625046638,0.07457661101668007,0.0,0.0,0.0,0.0,0.0,312,174.38305020638188,2.6,63.58936477742904
92207601,1033,0.0,0.0,2.4783305256521624,1.8587478942391218,19.04654617946363,0.677454131612589,0.049890657582240566,0.0,0.0,0.0,0.0,0.0,304,161.3989723564986,2.533333333333333,63.57860646990156
92207601,1034,0.0,0.0,1.4574241212237526,0.9716160808158351,17.1507215853177,0.38809903688702074,0.04308564157406267,0.0,0.0,0.0,0.0,0.0,377,205.8426202992301,3.1416666666666666,65.46765720544282
92207601,1035,0.0,0.0,2.1225174202928443,2.6531467753660554,11.547328657151702,0.6256036418846372,0.04676899999885226,0.0,0.0,0.0,0.0,0.0,347,188.45546150797287,2.8916666666666666,65.21916515778055
92207601,1036,0.0,0.0,4.003344398884074,3.3361203324033943,12.151801853330065,0.39833492987426566,0.07738626137125497,0.0,0.0,0.0,0.0,0.0,262,149.8746898136591,2.183333333333333,67.56977019787291
92207601,1037,0.0,0.0,6.4510573751205875,4.031910859450368,25.36166732405372,1.176574332367848,0.11071239165875171,0.0,0.0,0.0,0.0,0.0,262,124.01067816964593,2.183333333333333,51.17189699154394
92207601,1038,0.0,0.0,5.026483152013583,5.026483152013583,16.549929730708403,0.7085818232780957,0.09643349703888257,0.0,0.0,0.0,0.0,0.0,146,79.57850208644629,1.2166666666666666,63.11288849428172
92207601,1039,0.0,0.0,2.3127268381405037,2.3127268381405037,12.987354761007344,0.3587019345750752,0.06643124314161841,0.0,0.0,0.0,0.0,0.0,379,216.19500917886776,3.158333333333333,67.09228061098416
92207601,1040,0.0,0.0,7.7207966536246,7.7207966536246,31.575527098458927,1.2285717749693943,0.0910759262285598,0.0,0.0,0.0,0.0,0.0,79,25.904062621064906,0.6583333333333333,33.234388185654
92207601,1042,0.0,0.0,105.69286245224046,66.0580390326503,14.77851534225942,0.9883576240931484,0.08842306521608725,0.0,0.0,0.0,0.0,0.0,91,7.569101464741735,0.7583333333333333,9.704395604395605
92207601,2000,0.0,0.0,49.38735913398394,0.0,13.740071328345596,1.0775563270668007,0.14128891630404128,0.0,0.0,0.0,0.0,0.0,12,2.0248096224118406,0.1,18.54972222222222
92207601,2001,0.0,0.0,17.13004066620857,30.83407319917542,20.49904285953977,1.334935255832237,0.10059845144842718,0.0,0.0,0.0,0.0,0.0,93,29.188488792459253,0.775,37.53783410138249
92207601,2002,0.0,0.0,2.8492598543990533,2.8492598543990533,14.755831683301745,0.4941025708197241,0.047962682734764825,0.0,0.09961685823754789,0.0,0.0,0.0,261,140.38733581369513,2.175,64.77638242132495
92207601,2003,0.0,0.0,14.848859503488379,16.873703981236794,22.07214380800466,1.4041367583978586,0.09854352958821128,0.0,0.0,0.0,0.0,0.0,382,148.15952696455668,3.183333333333333,46.548179723853806
92207601,2004,0.0,0.0,66.97540932128867,33.48770466064433,17.597190835168885,1.2580244179888607,0.15881669052731767,0.0,0.0,0.0,0.0,0.0,24,5.972341252610409,0.2,28.913750000000004
92207601,2006,0.0,0.0,48.859435510213935,48.859435510213935,9.97594923045477,0.7776463179352717,0.05564649300312389,0.0,0.0,0.0,0.0,0.0,40,2.0466875835905896,0.3333333333333333,5.595916666666667
92207601,2007,0.0,0.0,83.03015379537379,83.03015379537379,9.774680883301018,0.9701157839869381,0.09132142868957871,0.0,0.6333333333333333,0.0,0.0,0.0,30,2.408763453490597,0.25,8.145333333333333
92207601,2008,0.0,0.0,38.37545225139275,32.89324478690807,15.007721048644317,1.1895515517419764,0.10038259111606303,0.0,0.0,0.0,0.0,0.0,135,36.48165475233429,1.125,32.489654320987654
92207601,2009,0.0,0.0,6.289251717577458,3.430500936860432,21.619728721970976,1.2218888605902332,0.08748516059361136,0.0,0.0,0.0,0.0,0.0,368,174.9015700748111,3.066666666666667,53.77204305472191
92207601,2010,0.0,0.0,3.4756836228152794,1.7378418114076397,15.883368895639896,0.7065094212102222,0.05661001787462064,0.0,0.0,0.0,0.0,0.0,107,57.54263670235941,0.8916666666666667,64.64772278242334
92207601,2011,0.0,0.0,3.485844164820052,3.485844164820052,16.278072412428713,0.7871586496368779,0.07147724751047232,0.0,0.0,0.0,0.0,0.0,386,200.81218978879275,3.216666666666667,62.166950525726435
92207601,2012,0.0,0.0,1.93379100505057,1.93379100505057,13.742509004501827,0.6748086194912899,0.06428726727659798,0.0,0.0,0.0,0.0,0.0,289,155.13568902558566,2.408333333333333,64.45028378615838
92207601,2013,0.0,0.0,2.4357338430754254,3.0446673038442817,23.286826360242554,0.7155422109857479,0.04734328839633429,0.0,0.09226190476190477,0.0,0.0,0.0,336,164.22155529725237,2.8,58.472557922677595
92207601,2014,0.0,0.0,7.356547467044019,4.20374140973944,25.707597155378792,1.1374970642140103,0.06486245016676354,0.0,0.0,0.0,0.0,0.0,226,95.15333152349949,1.8833333333333333,50.7014990043215
92207601,2015,0.0,0.0,6.082739322532346,6.082739322532346,18.722030480436498,0.8173764710972882,0.11494178238307422,0.0,0.0,0.0,0.0,0.0,92,49.31988436339977,0.7666666666666667,61.44322518664911
92207601,2016,0.0,0.0,0.4935487518894767,1.4806462556684301,6.665506771332116,0.11055987705278157,0.03410226938358496,0.0,0.0,0.0,0.0,0.0,346,202.61422932823785,2.8833333333333333,70.36624268070202
92207601,2017,0.0,0.0,0.5111249327011682,0.5111249327011682,6.2929168646415405,0.14812005207884849,0.03162311519419858,0.0,0.0,0.0,0.0,0.0,337,195.64688318279613,2.808333333333333,69.7959475345009
92207601,3000,0.0,0.0,1.390855930411792,0.0,7.178225028515057,0.13958919764264274,0.0438938112570174,0.0,0.0,0.0,0.0,0.0,125,71.89817278227581,1.0416666666666667,69.51120000000002
92207601,3001,0.0,0.0,1.9265176535195594,0.6421725511731865,11.391935242643667,0.7545734234142938,0.041617856073498605,0.0,0.020134228187919462,0.0,0.0,0.0,298,155.72138643626198,2.4833333333333334,62.82986577181209
92207601,3002,0.0,0.0,5.236128737719277,4.654336655750468,21.834395495521107,0.8293995679543787,0.07650668043515713,0.0,0.0,0.0,0.0,0.0,339,171.882710506468,2.825,60.117994100294986
92207601,3003,0.0036101083032490976,0.29999999999999716,4.658433852135335,2.6619622012201916,17.610515579146586,0.8255407319882627,0.11710367464136535,0.0,0.0,0.0,0.0,0.0,277,150.2650938531914,2.308333333333333,62.13646209386281
92207601,3004,0.0,0.0,1.4796767942981621,0.9864511961987747,7.0952952210823845,0.2619071105445478,0.048260362861409514,0.0,0.0,0.0,0.0,0.0,354,202.74697904030825,2.95,68.80790960451978
92207601,3005,0.0,0.0,10.427843000152643,7.1098929546495295,24.905675019111154,1.067314268412337,0.15986610402377918,0.0,0.0,0.0,0.0,0.0,402,210.9736404707854,3.35,53.88781094527363
92207601,3006,0.004310344827586207,3.299999999999997,6.299838760079492,4.724879070059618,16.88432938922657,0.7252656644295419,0.09330831696227479,0.0,0.0,0.0,0.0,0.0,232,126.9873770531082,1.9333333333333333,63.42672413793104
92207601,3007,0.0,0.0,0.8723864915118358,0.0,8.073652136138628,0.24900866156056317,0.03657977356444445,0.0,0.0,0.0,0.0,0.0,201,114.6280931364505,1.675,68.57512437810945
92207601,3008,0.0,0.0,12.239186374066547,11.29771049913835,31.378359727096957,1.1151106748462127,0.2085827735079796,0.0,0.0,0.0,0.0,0.0,399,212.43242161170994,3.325,44.57071611613303
92207601,3009,0.0,0.0,13.512751019501001,16.046391835657438,27.658527997221643,0.9740816864591135,0.21556184835302836,0.0,0.0,0.0,0.0,0.0,229,118.406681044515,1.9083333333333334,52.82139737991266
92207601,3010,0.0,0.0,24.91330867165092,26.989417727621827,22.262294797559022,1.1955537978896174,0.10665224049441334,0.0,0.0,0.0,0.0,0.0,182,48.16702654053698,1.5166666666666666,31.926923076923075
92207601,3011,0.0,0.0,12.270352402859832,13.633724892066478,24.10889967140219,1.349795957925909,0.09624536490430646,0.0,0.0,0.0,0.0,0.0,178,73.34752666029694,1.4833333333333334,49.589325842696624
92207601,3012,0.0,0.0,18.608366976804128,11.519465271354937,10.636488742430984,0.7188870182548556,0.09301659725301238,0.0,0.0,0.0,0.0,0.0,302,112.85246054195466,2.5166666666666666,44.908609271523176
92207601,3013,0.0,0.0,12.34686480524812,12.34686480524812,15.663116000086104,0.7217435152678322,0.09037218642463574,0.0,0.0,0.0,0.0,0.0,343,129.58755321593128,2.8583333333333334,45.20204081632653
92207601,3014,0.0,0.0,21.330175311590924,23.107689920890166,20.149303400379065,0.995241955359772,0.09980149007922813,0.0,0.0,0.0,0.0,0.0,362,112.51665609592192,3.0166666666666666,37.447513812154696
92207601,3015,0.0,0.0,2.439344803000182,2.439344803000182,10.729888885384078,0.4597017714428561,0.05673681023324922,0.0,0.0,0.0,0.0,0.0,369,204.9730728452343,3.075,66.80514905149052
92207601,3016,0.0,0.0,3.3538555723979124,2.68308445791833,11.206253825737768,0.5471328910469234,0.07345369947373175,0.0,0.0,0.0,0.0,0.0,274,149.08215014235515,2.283333333333333,64.37773722627738
92207601,3017,0.0,0.0,3.3886313841850346,5.082947076277552,15.528088885033071,0.586439772465809,0.08223042603990373,0.0,0.0,0.0,0.0,0.0,220,118.04175628745762,1.8333333333333333,63.79318181818181
92207601,3018,0.0,0.0,12.249064627375903,4.899625850950361,22.625980850884133,1.1161324784523992,0.12148690404065411,0.0,0.0,0.0,0.0,0.0,86,40.81944337876468,0.7166666666666667,54.956976744186036
92207601,3019,0.0,0.0,5.889858384182407,5.889858384182407,18.722980979232243,0.7546281124658262,0.07416763573241358,0.0,0.0,0.0,0.0,0.0,197,101.87002146118462,1.6416666666666666,62.429949238578686
92207601,4000,0.0,0.0,8.705070690669821,8.705070690669821,25.85120222149016,1.0615524858216654,0.07564910830511005,0.0,0.08605341246290801,0.0,0.0,0.0,337,149.33824734971452,2.808333333333333,53.268252478297946
92207601,4001,0.0,0.0,19.837570066452326,26.450093421936437,29.99181419673661,1.411069329192628,0.09459166732697265,0.0,0.1320754716981132,0.0,0.0,0.0,53,15.12281993182902,0.44166666666666665,34.615011349127535
92207601,4002,0.0,0.0,7.527041254406315,5.914103842747819,19.550564132725015,0.7727341817647437,0.08790276346821503,0.0,0.0,0.0,0.0339943342776204,0.0,353,185.99605777109866,2.941666666666667,63.176526239093505
92207601,4003,0.0,0.0,40.990257839336934,54.653677119115905,24.722727326998747,1.5553269752827161,0.12687843377598795,0.0,0.0,0.0,0.0,0.0,125,29.275248882391793,1.0416666666666667,28.045351623931623
92207601,4006,0.0,0.0,63.67905647525678,42.45270431683785,10.907194467223611,0.8992953572295712,0.06137506428859854,0.0,0.0,0.0,0.0,0.0,70,4.7111250795081805,0.5833333333333334,8.125416666666666
92207601,4007,0.0,0.0,98.5424269184018,59.12545615104108,10.228769226498121,1.0962687420571589,0.09693851988379837,0.0,0.0,0.0,0.0,0.0,41,5.073956625951842,0.3416666666666667,14.056260162601625
92207601,4008,0.0,0.0,101.89886178169965,84.91571815141637,10.496387416784167,0.9863215752544721,0.11105495071739264,0.0,0.0,0.0,0.0,0.0,42,5.8881913841726155,0.35,15.98063492063492
92207601,4009,0.0,0.0,4.882376992039586,5.492674116044535,14.887490860711731,0.747790098354221,0.07160083056085427,0.0,0.0,0.0,0.04807692307692308,0.0,312,163.85461452574236,2.6,62.23363364360682
92207601,6000,0.0,0.0,14.48857216698162,10.463968787264504,31.478476030097365,1.1739493073385925,0.19431548209697716,0.0,0.0,0.0,0.0,0.0,231,124.23584458529781,1.925,42.141991341991336
92207601,6001,0.0,0.0,16.221655797976283,15.57278956605723,32.85556675363063,1.0130197309807163,0.24165208641948233,0.0,0.0,0.0,0.0,0.0,287,154.11497020617867,2.3916666666666666,42.17247386759582
92207601,6002,0.0,0.0,12.411498354728064,9.751891564429192,28.038170766684953,1.0256578301226535,0.1490200122352917,0.0,0.0,0.0,0.0,0.0,419,225.59725828214462,3.4916666666666667,52.179236276849636
92207601,6003,0.0,0.0,18.189420528211553,13.642065396158664,28.10493830227861,1.0731163054989485,0.18444304101192022,0.0,0.0,0.0,0.0,0.0,83,43.98161001111665,0.6916666666666667,49.94819277108434
92207601,6004,0.0,0.0,10.04084086196445,4.016336344785779,29.3201573013637,1.230584281048913,0.16366407064274172,0.0,0.0,0.0,0.0,0.0,94,49.796626285956,0.7833333333333333,24.378043430576884
92207601,6005,0.0,0.0,15.371830913992856,10.979879224280612,29.41404219884658,1.2771450800123447,0.12913524413917327,0.0,0.0,0.0,0.0,0.0,291,136.61352455343408,2.425,45.323759290338046
92207601,6009,0.0,0.0,6.313766172856665,9.470649259284999,25.82284750696735,1.0414702406311958,0.13234708092915584,0.0,0.0,0.0,0.0,0.0,243,126.70725809252448,2.025,54.81657966691523
92207601,6010,0.0,0.0,7.702375113797635,6.051866160840999,33.686984533636966,1.0662120078655384,0.17550511292623835,0.0,0.0,0.0,0.0,0.0,329,181.76211614156685,2.7416666666666667,35.04331306990881
92207601,6011,0.0,0.0,12.406798504992377,12.406798504992377,28.72179028620775,1.0955694746364362,0.15652423025233075,0.0,0.0,0.0,0.0,0.0,112,48.360582285475644,0.9333333333333333,42.29642857142857
92207601,7000,0.0,0.0,7.973930426148379,7.973930426148379,31.093081597499378,0.8446711555026174,0.16534223550366706,0.0,0.0,0.0,0.0,0.0,157,87.78606817342381,1.3083333333333333,48.809463282876884
92207601,7001,0.0,0.0,10.79653676558672,9.254174370502904,34.62619763196191,0.8068770797433691,0.19675868259950957,0.0,0.0,0.0,0.0,0.0,340,194.50681691684852,2.8333333333333335,42.67760638465802
92207601,7002,0.0,0.0,9.29162780710933,7.300564705585902,33.62333540240474,0.9662025010044576,0.18482015171435182,0.0,0.0,0.0,0.0,0.0,270,150.67327588485776,2.25,43.96239072885872
92207601,7003,0.0,0.0,8.529023305028828,6.09215950359202,19.00918189175913,0.6889993675578543,0.09074051298536664,0.0,0.0,0.0,0.04854368932038835,0.0,309,164.1454067987528,2.575,63.083092740751546
92207601,8002,0.0,0.0,49.07602506805549,73.61403760208324,10.53420556112234,1.0251188753456049,0.07442959339164851,0.0,0.0,0.0,0.0,0.0,42,4.075309679678678,0.35,11.23531746031746
92207601,8003,0.0,0.0,74.68547044782783,74.68547044782783,10.174021174477206,0.9950269901795212,0.08906527774745898,0.0,0.0,0.0,0.0,0.0,18,1.3389485183715333,0.15,8.427407407407408
92207601,8004,0.0,0.0,29.03998699551691,0.0,10.233134465862376,1.0579054247036734,0.07005243295892558,0.0,0.0,0.0,0.0,0.0,39,3.4435277128546113,0.325,10.346837606837607
92207601,8005,0.0,0.0,5.845541902420096,6.576234640222607,25.9301854820261,1.06564052268788,0.06275636477787337,0.0,0.0,0.0,0.0,0.0,306,136.85643065338294,2.55,54.00921486648887
92207601,8006,0.0,0.0,1.9962285925036194,0.6654095308345398,6.671314048344873,0.18948634170123632,0.04141321442407542,0.0,0.0,0.0,0.0,0.0,259,150.2833899517227,2.158333333333333,69.78524438498123
92207601,8007,0.0,0.0,18.950684849719615,17.492939861279645,15.726563826737454,1.0605696253025179,0.10342195964704513,0.0,0.0,0.0,0.0,0.0,337,137.19820790742918,2.808333333333333,48.82228553562699
92207601,8008,0.0,0.0,14.769805617603671,12.084386414403003,11.670728323124967,0.5431048003823046,0.10037807750168411,0.0,0.2650273224043716,0.0,0.0,0.0,366,148.95253579897414,3.05,49.09944675190969
92207601,8009,0.0,0.0,30.61760632746245,23.32770005901901,19.959840018133093,1.139297942369189,0.11141076714275763,0.0,0.0,0.0,0.0,0.0,235,68.58798749778182,1.9583333333333333,34.956036879432624
92207601,8010,0.0,0.0,24.744691580042392,20.620576316701996,15.12410137102959,0.9401074491346963,0.11075139194652026,0.0,0.0,0.0,0.0,0.0,140,48.4952498243239,1.1666666666666667,41.48847619047619
92207601,8011,0.0,0.0,16.119413310890433,18.268668419009153,23.5391618098445,1.375557194881691,0.0932452381123685,0.0,0.0,0.0,0.0,0.0,246,93.05549594578517,2.05,45.58018248688981
92207601,8012,0.0,0.0,15.290683617382633,14.74458777390468,29.094940304375392,1.2605797761335222,0.2018159186372406,0.0,0.0,0.0,0.0,0.0,358,183.11803906641077,2.9833333333333334,45.7294450789078
92207601,8013,0.0,0.0,6.618750788288544,5.091346760221957,29.84291791985901,1.1244961216562706,0.1376057114818816,0.0,0.0,0.0,0.0,0.0,367,196.41168576708867,3.058333333333333,48.02883951130784
92207601,8014,0.0,0.0,4.581216428061534,4.581216428061534,12.253106724183823,0.43744482255484496,0.05369634752470325,0.0,0.0,0.0,0.0,0.0,79,43.6565272871482,0.6583333333333333,66.37776371308018
92207601,8015,0.0,0.0,1.7678860862806158,2.3571814483741544,12.382387928026848,0.5137048526632035,0.06440379695118634,0.0,0.0,0.0,0.0,0.0,302,169.69419145730024,2.5166666666666666,66.58548036815966
92207601,8016,0.0,0.0,11.671777472309362,8.488565434406809,28.49064477206148,1.1775225582774076,0.17025671902388229,0.0,0.0,0.0,0.0,0.0,191,94.24442871787852,1.5916666666666666,44.21600958518723
92207601,8017,0.0,0.0,6.001566301449332,4.36477549196315,20.51615222855201,0.902669099329988,0.12443999187318862,0.0,0.0,0.0,0.0,0.0,338,183.2854866127795,2.816666666666667,60.64174533978226
92207601,8018,0.0,0.0,4.1842638619732995,4.1842638619732995,11.79766850410439,0.5103615342133895,0.05771872349976143,0.0,0.0,0.0,0.0,0.0,131,71.69719929147105,1.0916666666666666,65.9118041513194
92207601,8019,0.0,0.0,20.347657584052055,18.497870530956416,21.687828449447093,1.3117516068686437,0.09785172007374913,0.0,0.0,0.0,0.0,0.0,129,54.06027673977324,1.075,50.69629512735326
92207601,8021,0.0,0.0,8.739621707114514,11.652828942819351,27.99358713203443,1.119346308187383,0.08389619441503535,0.0,0.0,0.0,0.0,0.0,160,68.65285708093845,1.3333333333333333,51.60012979391413
92207601,8022,0.0,0.0,4.840391792395127,7.26058768859269,16.463409279912145,0.6488730000206696,0.07566376371938326,0.0,0.0,0.0,0.0,0.0,233,123.95690798060532,1.9416666666666667,64.02895687316415
92207601,8023,0.0,0.0,49.337813878184356,59.205376653821226,22.124702027349507,1.0017830454420729,0.10940844454145417,0.0,0.0,0.0,0.0,0.0,73,10.13421472695377,0.6083333333333333,15.965342465753428
933903,2,0.0,0.0,76.31964154578502,95.39955193223129,23.116240379176865,1.4361880832514091,0.14388925292422836,0.0,0.0,0.0,0.0,0.4827586206896552,29,5.2411147628364505,0.24166666666666667,22.36717582853136
933903,3,0.002325581395348837,0.20000000000000284,9.765255742400882,10.937086431488988,20.656876994008613,0.6624966880811025,0.1461309603684199,0.0,0.0,0.0,0.0,0.01627906976744186,430,256.0096802324351,3.5833333333333335,69.80761780170734
933903,4,0.0,0.0,15.147723048798358,15.147723048798358,21.228968085071656,0.9153377537117916,0.14327561566425154,0.0,0.0,0.0,0.0,0.0,437,244.2611333782944,3.6416666666666666,65.35711905191457
933903,6,0.0,0.0,39.66056841302326,34.901300203460465,23.132725625969076,1.572138020381326,0.12233140528715719,0.0,0.270935960591133,0.0,0.0,0.0,203,63.03490091128094,1.6916666666666667,37.73839344234272
933903,7,0.0,0.0,5.6287969020558775,5.6287969020558775,19.010716368465427,0.45834471259584225,0.10116775704917368,0.0,0.0,0.0,0.0,0.0,354,213.18942944303225,2.95,70.90271918672393
933903,8,0.0,0.0,6.44824272093178,6.9088314867126215,21.79544484105711,0.8412030497601805,0.0801110875074968,0.0,0.0,0.0,0.0,0.0,391,217.11341532716034,3.2583333333333333,66.53057847772223
933903,9,0.0,0.0,101.3136504702158,112.57072274468423,20.865591177477473,1.3211446592026614,0.15168703505206488,0.0,0.0,0.0,0.0,0.06086956521739131,115,17.76660885917998,0.9583333333333334,17.807849609063563
933903,12,0.0,0.0,38.70304070226938,38.70304070226938,15.516234655733772,1.2945451658448959,0.0702813063864187,0.0,0.0,0.0,0.0,0.45454545454545453,22,2.5837763179712243,0.18333333333333332,15.89422933531605
933903,13,0.0,0.0,70.8431973772315,70.8431973772315,19.036261276402772,1.2882523050229002,0.11848328196581638,0.0,0.0,0.0,0.0,0.7272727272727273,22,2.823136270022146,0.18333333333333332,17.436101345720218
933903,14,0.0,0.0,5.570227542880873,6.365974334720997,22.105356824571086,0.6518215008084507,0.11604958305991527,0.0,0.0,0.0,0.0,0.048723897911832945,431,251.33623163909968,3.591666666666667,68.59647381873381
933903,15,0.0,0.0,8.709798966538202,9.53930363001803,19.426460443688715,0.795324293773027,0.10651870150085795,0.0,0.0,0.0,0.0,0.0,426,241.10774635188469,3.55,67.64698360013121
933903,16,0.0,0.0,0.0,0.0,4.7119802902996994,0.6615632381579821,0.03625063287038629,0.0,0.0,0.0,0.0,0.0,24,1.5369858804399208,0.2,6.796388888888889
933903,18,0.0,0.0,44.59845467998307,44.59845467998307,23.950421805039287,1.567760456140474,0.125702956368472,0.0,1.0,0.0,0.0,0.0,135,42.60237296636129,1.125,38.104732006542875
933903,19,0.0027397260273972603,1.0,6.069068499380375,4.335048928128839,13.953277647055549,0.33281503283203234,0.1344695850139437,0.0,0.0,0.0,0.0,0.0,365,230.67790388968814,3.0416666666666665,73.6498014449337
933903,20,0.0,0.0,1.2795996199387287,3.838798859816186,10.116423467127936,0.49164475121430296,0.05908127731721209,0.0,0.0,0.0,0.0,0.0,129,78.14944490589042,1.075,73.27126155573228
933903,21,0.004016064257028112,1.5555555555555571,6.9525378907950675,6.9525378907950675,19.656155029515215,0.7569257904304224,0.09692254583719317,0.0,0.0,0.0,0.0,0.05622489959839357,249,143.83236966230234,2.075,69.07896412290616
933903,22,0.0,0.0,11.010864952383097,11.658562890758573,31.981373614075007,1.326317033930694,0.09619518836119177,0.0,0.05585106382978723,0.0,0.0,0.05319148936170213,376,154.39295707936793,3.1333333333333333,49.32578428290979
933903,26,0.0,0.0,46.42250754111538,42.55396524602243,22.469726383831755,1.493918911624954,0.1415312888609203,0.0,0.0,0.0,0.0,0.0,154,51.6990599414384,1.2833333333333334,40.57493135513122
933903,27,0.0,0.0,86.48340885196662,86.48340885196662,10.874680982658287,1.060944240790747,0.08329251632606863,0.0,0.0,0.0,0.0,0.0,14,1.1562911467929033,0.11666666666666667,10.384173669467787
933903,29,0.0,0.0,32.022118281824454,44.03041263750862,28.27349443219845,1.3853644227432729,0.11926107356336796,0.0,0.0,0.0,0.0,0.0,101,24.982732027883205,0.8416666666666667,30.668754491081526
933903,31,0.0,0.0,11.40807471300963,12.12107938257273,23.91611045418163,0.8245714236526543,0.12273374431138709,0.0,0.0,0.0,0.0,0.0,251,140.2515358858388,2.091666666666667,65.95343073669743
933903,32,0.0,0.0,5.481196170087317,5.481196170087317,12.327958419657982,0.2740637966229904,0.12329819915719137,0.0,0.31868131868131866,0.0,0.0,0.0,455,291.90708567077456,3.7916666666666665,75.00923103832085
933903,33,0.0,0.0,27.13808463770539,26.094312151639798,23.69160875890616,1.2440760692351653,0.1803168434437482,0.0,0.0,0.0,0.0,0.0,197,95.80631922665557,1.6416666666666666,56.64333994942134
933903,34,0.0,0.0,0.0,0.0,5.574391726019324,0.6812657296632041,0.0230732881622625,0.0,0.0,0.0,0.0,0.0,26,1.5051929273156057,0.21666666666666667,6.840669515669514
933903,36,0.0,0.0,32.94397437560932,37.6502564292678,21.86320448245775,1.536269884858069,0.12119253012990458,0.0,0.0,0.0,0.0,0.0,146,42.49639050947404,1.2166666666666666,35.56190831317426
933903,37,0.0,0.0,2.9298545735900907,2.9298545735900907,11.306073914944902,0.2470974995941158,0.09893030316374077,0.0,0.0,0.0,0.0,0.0,435,273.05109516740345,3.625,74.38339439012084
933903,38,0.0,0.0,6.121111605585903,6.121111605585903,21.471523683192828,0.771457536905885,0.08039412986157166,0.0,0.0,0.0,0.0,0.043343653250773995,323,179.70592122453382,2.691666666666667,66.7656976530522
933903,39,0.0,0.0,63.11780242114493,50.49424193691594,14.962011359656683,1.210763556558756,0.13015272105597053,0.0,0.0,0.0,0.0,0.14705882352941177,34,7.921695319235264,0.2833333333333333,28.874739020276543
933903,40,0.0,0.0,74.5614693866894,63.90983090287662,19.643029781499656,1.2916254695851919,0.10934285681106776,0.0,0.0,0.0,0.0,0.291970802919708,137,18.776453998503495,1.1416666666666666,16.688374265228678
933903,41,0.0,0.0,46.09986424145119,0.0,10.835197550980725,0.6554817739013927,0.07863440755599808,0.0,0.45454545454545453,0.0,0.0,0.5454545454545454,11,2.169203784988241,0.09166666666666666,26.230303030303034
933903,42,0.0,0.0,42.028732706969166,42.028732706969166,12.716048674071644,1.0403327399959745,0.08499218106890158,0.0,0.0,0.0,0.0,0.75,32,2.37932465623495,0.26666666666666666,8.644770628078817
933903,43,0.0,0.0,91.90170965099932,116.96581228309005,17.531245686033966,1.2826086173354183,0.14183799889696694,0.0,0.0,0.0,0.0,0.18823529411764706,85,11.969309430447998,0.7083333333333334,16.60444019659804
933903,44,0.005249343832020997,0.7999999999999972,9.186186322922431,12.631006194018344,32.03381663400107,1.155325392123501,0.10275298635917125,0.0,0.0,0.0,0.0,0.15223097112860892,381,174.1745642593266,3.175,54.534646631381754
933903,45,0.0,0.0,8.021844258034792,10.69579234404639,29.81540292615371,1.0105488304446384,0.11412692945082696,0.0,0.0,0.0,0.0,0.0,299,149.59153548737413,2.4916666666666667,58.92200981174424
933903,46,0.0,0.0,4.05561609061245,6.0834241359186745,28.812329136195732,1.1725270304491056,0.07200365316966319,0.0,0.0,0.0,0.0,0.0,216,98.6286648102323,1.8,55.3708499375124
933903,47,0.0,0.0,13.845272439760196,14.573970989221257,23.305349232249206,1.3207181839009505,0.12589328501153102,0.0,0.0,0.0,0.0,0.0,299,137.23095795093712,2.4916666666666667,54.1604961302663
933903,49,0.0,0.0,65.54467463245265,54.620562193710555,19.961398756845785,1.4356463323880881,0.15256471718005596,0.0,0.0,0.0,0.0,0.0,88,18.308123531455486,0.7333333333333333,24.36469887507427
933903,51,0.002531645569620253,0.7096774193548328,13.311488409853983,12.063536371430173,20.38026649837408,0.6596303405530545,0.1795127718027151,0.0,0.0,0.0,0.0,0.0,395,240.3938539007526,3.2916666666666665,69.72546767879902
933903,52,0.0,0.0,10.238290619703234,9.009695745338846,22.24335157723808,0.9876854797890233,0.12921180309868172,0.0,0.0,0.0,0.0,0.0,446,244.18138660655296,3.716666666666667,64.4365716871641
933903,53,0.0,0.0,0.0,0.0,2.3522500190606994,0.39830711380528416,0.03409331094530635,0.0,0.0,0.0,0.0,0.0,22,1.3831017519446616,0.18333333333333332,6.746320346320346
933903,55,0.0,0.0,32.948333251541584,32.948333251541584,23.618149833039197,1.5720355427887007,0.12462486665322113,0.0,0.0,0.0,0.0,0.0,147,42.49076848020823,1.225,34.91308463618471
933903,56,0.0,0.0,4.764318776393598,4.397832716671013,10.146010390357837,0.29769470577398294,0.10415443745708758,0.0,0.0,0.0,0.0,0.0,432,272.8616746724175,3.6,74.60581869408207
933903,57,0.003278688524590164,0.25,5.559970181870673,3.891979127309471,17.147416831367646,0.62610238737937,0.10389744323340747,0.0,0.0,0.0,0.0,0.03934426229508197,305,179.85707967655796,2.5416666666666665,70.28756003937707
933903,58,0.0,0.0,48.106689231625296,34.98668307754566,23.324004723451058,1.5842595319341557,0.13300636482960765,0.0,0.0,0.0,0.0,0.08333333333333333,84,22.865842933062645,0.7,33.098478027574664
933903,59,0.0,0.0,113.00766641243398,86.92897416341076,17.536162990957635,1.3438165765064136,0.13801388901518077,0.0,0.0,0.0,0.0,0.0,74,11.503644321399454,0.6166666666666667,17.730462334872502
933903,60,0.0,0.0,65.72965871596982,59.754235196336204,24.411064703089572,1.571303206604272,0.16651992111721947,0.0,0.0,0.0,0.0,0.049586776859504134,121,33.470430897969706,1.0083333333333333,33.48456238561237
933903,61,0.0,0.0,60.97604715993461,111.78941979321344,19.135022762577208,1.2153005794046816,0.13363736009040578,0.0,0.0,0.0,0.0,0.07352941176470588,68,9.839929414024736,0.5666666666666667,16.405853604599738
933903,62,0.0,0.0,115.82845433672111,125.48082553144788,17.979871141779753,1.254873772588813,0.12957641763190267,0.0,0.0,0.0,0.0,0.0,95,10.36014860831622,0.7916666666666666,13.643042950466333
933903,63,0.0,0.0,45.80172991608048,34.35129743706036,19.294058377363914,1.3650678706471386,0.1009151473485567,0.0,0.0,0.0,0.0,0.23076923076923078,39,8.73329458806237,0.325,27.52791216708105
933903,64,0.0027397260273972603,0.625,7.582424555297808,11.665268546612012,30.820366336004078,1.0441554785382698,0.0928269452343296,0.0,0.0,0.0,0.0,0.07123287671232877,365,171.44911769569742,3.0416666666666665,56.64240458632912
933903,65,0.0,0.0,6.156110125555497,7.914998732857066,12.250295366605078,0.37524582162986164,0.12385377901094163,0.0,0.2265193370165746,0.0,0.0,0.0,181,113.70816728799755,1.5083333333333333,74.22399675933865
933903,66,0.0,0.0,16.779729002259565,13.983107501882971,29.499946389542174,1.4638010377187451,0.12999546811382554,0.0,0.0,0.0,0.0,0.0,95,35.757430880987634,0.7916666666666666,45.094724348681744
933903,67,0.002564102564102564,1.0769230769230802,7.817515422777606,5.374541853159605,25.82437205439762,0.9241495995786267,0.11652852831849136,0.0,0.0,0.0,0.0,0.0,390,204.66860805136872,3.25,62.454733594021526
933903,68,0.0,0.0,4.7625607320530445,2.8575364392318265,20.798862423029863,0.7728990474823916,0.05861826221617011,0.0,0.0,0.0,0.0,0.0,190,104.98553785044543,1.5833333333333333,67.10560083752803
933903,69,0.0,0.0,72.99559012404998,60.82965843670832,16.813699699231545,1.2528751360265646,0.15448017464061223,0.0,0.0,0.0,0.0,0.21875,32,8.219674626650042,0.26666666666666666,31.587275642598527
933903,70,0.0,0.0,158.30614205142587,105.53742803428392,12.927228236355639,0.9832739442463889,0.14758763185852053,0.0,0.0,0.0,0.0,1.0,16,1.8950622895133453,0.13333333333333333,13.446067514649538
933903,71,0.0,0.0,43.754391094961186,35.00351287596895,21.19011565182366,1.490807871728288,0.13106418069710377,0.0,0.0,0.0,0.0,0.1038961038961039,77,22.854848964294266,0.6416666666666667,36.28710278291939
933903,72,0.0,0.0,39.58456929110088,43.98285476788987,24.435028998383583,1.5643366305349073,0.13945965175170358,0.0,0.0,0.0,0.0,0.14492753623188406,69,22.736132187810153,0.575,40.62723995110391
933903,73,0.0,0.0,29.105355640280735,34.39723848396814,31.705546059502808,1.4210567221081227,0.15592672259889614,0.0,0.0,0.0,0.0,0.18,100,37.79373162778471,0.8333333333333334,46.05117499364215
933903,76,0.0,0.0,19.19214514278268,13.434501599947875,32.575162909884654,1.3102575779677865,0.07193539725449652,0.0,0.0,0.0,0.0,0.0,205,52.10464971791107,1.7083333333333333,30.518325676549374
933903,77,0.0,0.0,42.060898368035254,35.331154629149616,26.74357004835576,1.5361731256245184,0.14020020467076627,0.0,0.0,0.0,0.0,0.04294478527607362,163,59.43762727378901,1.3583333333333334,43.879916971749694
933903,78,0.0,0.0,22.347696586753237,11.173848293376619,19.612161052915276,1.3185342271480265,0.07201792942355972,0.0,0.0,0.0,0.0,0.12195121951219512,41,8.949468202398608,0.3416666666666667,27.553168484998416
933903,79,0.0,0.0,33.359695165851846,44.47959355446913,20.1045206940802,1.325530552183544,0.10358563117375683,0.0,0.0,0.0,0.0,0.2545454545454545,55,8.992887929836076,0.4583333333333333,19.89748408454291
933903,80,0.0,0.0,102.80445116115948,128.50556395144937,21.066491354032028,1.3966817869759611,0.18331760152689763,0.0,0.0,0.0,0.0,0.18292682926829268,82,15.5635284457848,0.6833333333333333,23.300588030268187
933903,81,0.0,0.0,149.93913912359295,137.44421086329353,13.833229562040042,1.2183528475159184,0.1223326203002214,0.0,0.0,0.0,0.0,0.0,68,8.00324723093718,0.5666666666666667,14.017622445105347
933903,82,0.0,0.0,30.112199466581934,32.26307085705207,21.70319430812651,1.4594728683859302,0.13011990432015355,0.0,0.0,0.0,0.0,0.07086614173228346,127,46.49278447938348,1.0583333333333333,44.406609211985206
933903,83,0.0,0.0,45.48087738546983,22.740438692734916,14.419509348651175,1.2673635523751876,0.08786588423075732,0.0,0.0,0.0,0.0,0.0,38,4.397452544833617,0.31666666666666665,14.41907911543899
933903,86,0.0,0.0,24.974993279500136,16.055352822535802,29.672653682672454,1.360541284063955,0.09144238884713661,0.0,0.0,0.0,0.0,0.022222222222222223,135,56.05607114013287,1.125,50.47367285594531
933903,87,0.0,0.0,80.38526862005097,80.38526862005097,23.399261231555304,1.5570631812693358,0.15220560245991716,0.0,0.0,0.0,0.0,0.08148148148148149,135,28.61220767789159,1.125,25.747639741783455
933903,88,0.0,0.0,99.15536243976165,132.20714991968222,15.482620166398434,1.1235583301288685,0.14317291290346737,0.0,0.0,0.0,0.0,0.6428571428571429,28,3.025554973713645,0.23333333333333334,11.550179112759164
933903,89,0.0,0.0,6.7564474776517445,7.551323651493126,18.385217325120777,0.5539571698125719,0.09521260666514449,0.0,0.0,0.0,0.0,0.019184652278177457,417,251.61151709135288,3.475,71.73003722108481
933903,90,0.0,0.0,10.375555294418138,9.960533082641412,17.94436788041295,0.8199925774871653,0.13022287750913486,0.0,0.0,0.0,0.0,0.0,421,240.95095915926112,3.5083333333333333,67.57161003787292
933903,91,0.0,0.0,0.0,0.0,3.388110083930037,0.2711893730418441,0.029948427409727408,0.0,0.0,0.0,0.0,0.0,13,1.321317534287954,0.10833333333333334,12.461538461538462
933903,93,0.0,0.0,29.446266725044584,0.0,8.46072606718701,0.9369484522528946,0.04523944583185137,0.0,1.0,0.0,0.0,0.0,41,3.396016239809041,0.3416666666666667,10.214430894308943
933903,94,0.0,0.0,5.837377429924342,5.0034663685065786,18.877017838392444,0.786980936863057,0.08025502700068575,0.0,0.007075471698113208,0.0,0.0,0.0,424,239.8337295825919,3.533333333333333,67.70817915855785
933903,95,0.0,0.0,3.6754085087919006,5.51311276318785,13.711144298636569,0.4157134915771892,0.07682331316350041,0.0,0.0,0.0,0.0,0.0,179,108.83143983673239,1.4916666666666667,72.34612881507158
933903,96,0.004032258064516129,0.7000000000000028,6.266251547839609,4.873751203875251,18.617626273974132,0.7409295360681679,0.08398843144672374,0.0,0.0,0.0,0.0,0.04435483870967742,248,143.6265354381264,2.066666666666667,69.18116339419691
933903,97,0.0,0.0,102.35729091452777,109.66852597985117,18.674832703254722,1.333699287738939,0.15374604007658443,0.0,0.0,0.0,0.0,0.11688311688311688,77,13.677579657408609,0.6416666666666667,21.267860133245925
933903,99,0.0,0.0,102.69394638908605,116.69766635123413,19.773374857205766,1.3730198816333856,0.1688675050393846,0.0,0.0,0.0,0.0,0.06015037593984962,133,21.42287912146892,1.1083333333333334,18.76780719641451
933903,100,0.0,0.0,63.9982041870648,68.56950448614086,21.285027843488862,1.5363440925948895,0.1643166272526102,0.0,0.0,0.0,0.0,0.11627906976744186,86,21.87561382047288,0.7166666666666667,31.34643914225309
933903,101,0.0,0.0,59.9394966942678,46.10730514943677,21.12328975470828,1.5223086258869665,0.14283234350176588,0.0,0.0,0.0,0.0,0.1927710843373494,83,21.688537136554285,0.6916666666666667,32.51095480589615
933903,103,0.0,0.0,31.809231795887417,29.15846247956346,28.813310864441952,1.4742926020781622,0.13516251700984916,0.0,1.0,0.0,0.0,0.09090909090909091,99,37.72489721537843,0.825,46.14613993477824
933903,104,0.0,0.0,0.0,0.0,5.547297762804995,0.6806294878916634,0.06505013753932053,0.0,1.0,0.0,0.0,0.0,19,1.0188301490654694,0.15833333333333333,6.892675438596493
933903,105,0.0,0.0,5.501650443152626,5.501650443152626,28.741637216409277,1.084069400509184,0.06293403507902898,0.0,0.0,0.0,0.0,0.0,379,181.76363808147852,3.158333333333333,57.57150217917783
933903,106,0.0,0.0,25.676197864432243,25.676197864432243,27.86679767468046,1.5962423658309637,0.16671127586592566,0.0,0.0,0.0,0.0,0.0,98,35.05191869730518,0.8166666666666667,41.69761562047856
933903,107,0.0,0.0,7.939441905896588,7.0053899169675775,23.23933727580911,0.8428637500994038,0.0924101180672391,0.0,0.0,0.0,0.0,0.0,409,214.12084377586007,3.408333333333333,62.16095975695948
933903,108,0.0,0.0,4.850241530573092,7.2753622958596385,24.976161286687805,1.174966037895097,0.0732706917143896,0.0,0.0,0.0,0.0,0.0,273,123.7051796736204,2.275,54.38211351336771
933903,109,0.0,0.0,11.54979083305659,12.704769916362249,15.40454841195414,0.5990629653030385,0.17056558327810123,0.0,0.0,0.0,0.0,0.0,146,86.58165454718934,1.2166666666666666,68.87705019870393
933903,110,0.003125,0.75,7.776561558500296,5.383773386654052,23.352941209849178,0.9636905067357334,0.0764781301993791,0.0,0.0,0.0,0.0,0.09375,320,167.1689975345227,2.6666666666666665,62.85078696287253
933903,112,0.0,0.0,54.06068284386757,69.50659222782973,24.271937955843324,1.4842247360278686,0.13125081136568648,0.0,0.0,0.0,0.0,0.376,125,25.896824204816912,1.0416666666666667,25.27682061518912
933903,113,0.0,0.0,64.9838940441902,58.48550463977117,25.183279625212993,1.50460742411562,0.13495240370985312,0.0,0.0,0.0,0.0,0.14184397163120568,141,30.77685677992711,1.175,26.53791896523783
933903,114,0.0,0.0,31.293784511411953,62.58756902282391,18.772735844871804,1.3543280841134002,0.12095081046602107,0.0,0.0,0.0,0.0,0.1935483870967742,31,6.391045478282298,0.25833333333333336,26.161756448964454
933903,115,0.0,0.0,97.09287931550882,113.27502586809362,21.148233646333765,1.4423563624478852,0.1146121578715116,0.0,0.0,0.0,0.0,0.3783783783783784,37,6.179649879887339,0.30833333333333335,21.584888022689114
933903,117,0.0,0.0,6.776353828237347,5.8728399844723675,23.290861054760853,0.6926623750393024,0.10741003237580886,0.0,0.0,0.0,0.0,0.06443298969072164,388,221.3579807107235,3.2333333333333334,67.88023558262056
933903,118,0.0,0.0,10.85468224716345,10.85468224716345,16.435471736729905,0.44623639830737344,0.1682729067942965,0.0,0.3739612188365651,0.0,0.0,0.0,361,230.315355445186,3.0083333333333333,72.65737870794314
933903,119,0.0,0.0,41.31650688202988,34.025358608730485,19.678397516709055,1.3785838653576412,0.13253386866970804,0.0,0.0,0.0,0.0,0.0,113,41.14578235894852,0.9416666666666667,44.537493314433284
933903,120,0.0,0.0,0.0,0.0,4.5783762768149785,0.4361623253853443,0.038934382457960985,0.0,0.0,0.0,0.0,0.0,19,1.455400975731567,0.15833333333333333,9.299298245614036
933903,121,0.0,0.0,10.918126866306539,12.844855136831221,25.576160095465745,1.2777412696342862,0.11158681582580948,0.0,0.0,0.0,0.0,0.0,327,155.7043640192732,2.725,56.86667313403847
933903,122,0.0031645569620253164,1.0,6.124937730711807,6.124937730711807,14.27510022232297,0.42688274735614423,0.1266563173985159,0.0,0.0,0.0,0.0,0.0,316,195.92035915449912,2.6333333333333333,72.65375958735656
933903,123,0.0,0.0,5.568393159318015,8.352589738977022,25.178199615223484,0.8883279150790307,0.09101193220663088,0.0,0.0,0.0,0.0,0.08823529411764706,272,143.66801644767114,2.2666666666666666,63.25455551632675
933903,124,0.0,0.0,69.92790458192603,104.89185687288905,12.632760327264103,1.1427810811755164,0.10586677879457346,0.0,0.0,0.0,0.0,0.29411764705882354,34,2.860088561150639,0.2833333333333333,11.451492256301945
933903,125,0.0,0.0,86.74457407927913,98.31051728984968,16.954653389405912,1.208510341577775,0.11158301365858538,0.0,0.0,0.0,0.0,0.3157894736842105,152,17.292147848107405,1.2666666666666666,13.439189337079299
933903,126,0.0,0.0,75.9496137979928,68.35465241819352,21.736469904504048,1.4426085636725163,0.150798786730652,0.0,0.0,0.0,0.0,0.22727272727272727,66,13.166623896992457,0.55,22.98148387560152
933903,128,0.0,0.0,28.907738932008336,26.27976266546212,31.15617014022008,1.5144919853359564,0.1382564650731943,0.0,0.2,0.0,0.0,0.10909090909090909,110,38.05209402877289,0.9166666666666666,41.162184910246054
933903,129,0.0,0.0,14.350099889464765,8.830830701209086,29.17991430759133,1.2855577272830914,0.10259504582034572,0.0,0.0,0.0,0.0,0.0,199,90.59170389151123,1.6583333333333334,54.29667274278593
933903,130,0.0,0.0,49.4627761970228,45.340878180604236,23.294941156715726,1.4535011923030914,0.12066722314978702,0.0,0.0,0.0,0.0,0.0,106,24.26066816832309,0.8833333333333333,26.75989746806503
933903,132,0.0,0.0,13.80797841785043,17.64352797836444,30.943027358044684,1.329797098575177,0.12018653066263445,0.0,0.0,0.0,0.0,0.0,333,130.35941580507023,2.775,46.82363862600719
933903,133,0.0,0.0,12.4712741201825,11.778425557950138,18.73907079116241,0.8905596380893008,0.10664972145843953,0.0,0.0,0.0,0.0,0.0,272,144.3316843695245,2.2666666666666666,64.43715757628564
933903,134,0.0,0.0,8.61448987160063,9.57165541288959,18.845394949398145,0.7363701967625834,0.1403446867470483,0.0,0.4606741573033708,0.0,0.0,0.0,356,208.95027178963386,2.966666666666667,68.78961017429044
933903,137,0.0,0.0,8.12978450100214,5.2604487947660905,17.97711716790632,0.7543083849210396,0.11683459308422796,0.0,0.0,0.0,0.0,0.0,363,209.10763376205665,3.025,68.16245230178428
933903,138,0.0,0.0,9.364372263832228,9.364372263832228,27.715723597970502,1.037503154065075,0.0839195707707136,0.0,0.0,0.0,0.0,0.03197674418604651,344,170.86035827298733,2.8666666666666667,60.167737397445336
933903,139,0.0,0.0,95.88848498983867,67.68598940459201,16.756401337312923,1.3533658160869217,0.13710382927080256,0.0,0.0,0.0,0.0,0.1411764705882353,85,17.72892751595929,0.7083333333333334,24.677661393265698
933903,140,0.0,0.0,81.8138121929337,114.53933707010717,20.307125306142034,1.5363700390614314,0.16861137738493417,0.0,0.0,0.0,0.0,0.09876543209876543,81,18.334312505359037,0.675,27.584789604052133
933903,141,0.0,0.0,88.70024528193575,116.71084905517863,19.808431011238863,1.368936016549525,0.14571901905324586,0.0,0.0,0.0,0.0,0.08633093525179857,139,21.4204593680751,1.1583333333333334,18.349981525244303
933903,142,0.0,0.0,88.1328403712476,94.42804325490813,20.162203643605537,1.4266403830631058,0.1713487707053394,0.0,0.0,0.0,0.0,0.14473684210526316,76,15.885111544149611,0.6333333333333333,25.706632575973707
933903,143,0.002457002457002457,0.0769230769230802,8.949825786690795,8.949825786690795,26.814404184489472,0.9562759378783177,0.10556375987219214,0.0,0.0,0.0,0.0,0.0171990171990172,407,212.29463514535365,3.3916666666666666,62.1370518770151
933903,144,0.007220216606498195,0.8770114942528764,8.877550429372562,10.145771919282929,19.617086923771662,0.8456163883682558,0.11308324214001371,0.0,0.0,0.0,0.0,0.0,277,157.70115992446665,2.308333333333333,67.83212707507252
933903,146,0.0,0.0,17.560582951638935,10.975364344774334,31.28367557952493,1.4923101239792294,0.08855928744772015,0.0,1.0,0.0,0.0,0.0,140,45.55657418681171,1.1666666666666667,39.37477164415588
933903,147,0.0,0.0,2.402366746176593,3.2031556615687906,10.003718741380146,0.2546714959033542,0.09963438779967419,0.0,0.0,0.0,0.0,0.0,405,249.75370682053858,3.375,73.76831130528501
933903,148,0.0,0.0,7.9869331754146,14.642710821593433,23.49064197485862,0.966111737655393,0.09252353463663213,0.0,0.0,0.0,0.0,0.07142857142857142,140,75.12270189600706,1.1666666666666667,64.65581756373584
933903,149,0.0,0.0,79.51741076622308,111.32437507271231,13.95130603952556,1.2115809633477677,0.10028114060683746,0.0,0.0,0.0,0.0,0.4838709677419355,62,6.28793109813363,0.5166666666666667,11.772931552750798
933903,150,0.0,0.0,79.34991209027474,39.67495604513737,17.650616500491807,1.2991139618111707,0.12437532761211194,0.0,0.0,0.0,0.0,0.43243243243243246,74,10.081926733451912,0.6166666666666667,16.578541069058307
933903,151,0.0,0.0,155.65880004354463,62.263520017417854,12.67745799957049,1.114839692816467,0.09799075712655753,0.0,0.0,0.0,0.0,0.6756756756756757,37,3.2121537610474187,0.30833333333333335,10.367946656661243
933903,153,0.0,0.0,61.02579993130098,78.46174276881555,25.461482463494985,1.5594604567205856,0.14033115741012706,0.0,0.0,0.0,0.0,0.22,100,22.941116733840968,0.8333333333333334,27.353729076939658
933903,154,0.0,0.0,56.57952256305161,69.63633546221737,26.89420351543278,1.5848492274740833,0.1851067996708839,0.0,0.0,0.0,0.0,0.07792207792207792,77,22.976510601539523,0.6416666666666667,34.858546883950424
933903,155,0.0,0.0,32.28208145875561,34.76531849404451,27.601897025050494,1.507263215665284,0.16050609208895736,0.0,0.0,0.0,0.0,0.07339449541284404,109,40.27001795596459,0.9083333333333333,44.92646949452023
933903,156,0.0,0.0,26.203500488700946,21.4392276725735,30.989077565672208,1.4960618095234037,0.093794937295155,0.0,1.0,0.0,0.0,0.2907801418439716,141,41.97912414313974,1.175,36.25360408546522
